{
    "reconstruction_errors": [
        0.04489218868953685,
        0.06117676269223958,
        0.05366685542809305,
        0.036905998156803926,
        0.07002647536872728,
        0.07613810610475834,
        0.04346293517809849,
        0.052728241255644716,
        0.06784191540977748,
        0.0488718708073021,
        0.06455499659647213,
        0.05760598166075945,
        0.07489846312952507,
        0.056532608818618976,
        0.06406994613497591,
        0.0500197375215867,
        0.060407517480184365,
        0.05549256574607827,
        0.06766320285709952,
        0.07017401858329833
    ],
    "setting": {
        "algorithm": "sync_mra",
        "dimension": 10,
        "samples": 25,
        "sigma": 0.1,
        "signal": [
            0.8804509063256238,
            0.4402254531628119,
            0.0,
            0.0,
            0.1760901812651248,
            0.0,
            0.0,
            0.0,
            0.0,
            0.0
        ]
    },
    "timestamp": 1683989693.4156973,
    "wrong_samples": [
        0,
        0,
        0,
        0,
        0,
        0,
        0,
        0,
        0,
        0,
        0,
        0,
        0,
        0,
        0,
        0,
        0,
        0,
        0,
        0
    ]
}