{
    "reconstruction_errors": [
        0.11179647649588212,
        0.15985824527150905,
        0.03836071361994612,
        0.054008473856204116,
        0.02144648185134446,
        0.038179469867824556,
        0.03536957636882836,
        0.21733763761253347,
        0.05576312243928503,
        0.5090052191932671,
        0.04756861883673227,
        0.0906527994190707,
        0.043728340047404994,
        0.03404499027901634,
        0.09431323246368255,
        0.05233208512488272,
        0.043199840892462885,
        0.03136603738080902,
        0.030763110530582546,
        0.035707123729002616
    ],
    "setting": {
        "algorithm": "sync_mra",
        "dimension": 5,
        "samples": 100,
        "sigma": 0.2,
        "signal": [
            0.8804509063256238,
            0.4402254531628119,
            0.0,
            0.0,
            0.1760901812651248
        ]
    },
    "timestamp": 1683988718.797477,
    "wrong_samples": [
        11,
        17,
        3,
        1,
        0,
        2,
        3,
        24,
        1,
        52,
        0,
        13,
        0,
        2,
        2,
        3,
        3,
        0,
        2,
        0
    ]
}