{
    "reconstruction_errors": [
        0.09614633382271985,
        0.4320727532118681,
        0.0767063905984954,
        0.25534622155264625,
        0.19920782974801893,
        0.3084051390984153,
        0.23515050200014512,
        0.08244237237355191,
        0.15196162953136008,
        0.07881379097009886,
        0.1012785988032431,
        0.13209864187178103,
        0.2278811420951642,
        0.08853129726232638,
        0.1875758320947144,
        0.09255864006734503,
        0.18009399741526305,
        0.09578912295858809,
        0.07052326617460197,
        0.1116248742905252
    ],
    "setting": {
        "algorithm": "sync_mra",
        "dimension": 5,
        "samples": 15,
        "sigma": 0.2,
        "signal": [
            0.8804509063256238,
            0.4402254531628119,
            0.0,
            0.0,
            0.1760901812651248
        ]
    },
    "timestamp": 1683988717.3568087,
    "wrong_samples": [
        0,
        5,
        1,
        3,
        3,
        3,
        1,
        1,
        0,
        0,
        0,
        0,
        4,
        3,
        1,
        0,
        1,
        1,
        0,
        0
    ]
}