{
    "reconstruction_errors": [
        0.09028620793685702,
        0.10279008483704508,
        0.10531638583528495,
        0.09628018808555712,
        0.10537563152706093,
        0.1008844305227687,
        0.0777624474765569,
        0.08255713828661933,
        0.11006991809863383,
        0.0994507920656879,
        0.07126735718367573,
        0.07595916430785166,
        0.0995000278284509,
        0.07568831261016931,
        0.07233294033763416,
        0.12058879444833599,
        0.07074765729734367,
        0.10977038927547866,
        0.06603152896029897,
        0.0913270267282697
    ],
    "setting": {
        "algorithm": "sync_mra",
        "dimension": 15,
        "samples": 70,
        "sigma": 0.2,
        "signal": [
            0.8804509063256238,
            0.4402254531628119,
            0.0,
            0.0,
            0.1760901812651248,
            0.0,
            0.0,
            0.0,
            0.0,
            0.0,
            0.0,
            0.0,
            0.0,
            0.0,
            0.0
        ]
    },
    "timestamp": 1683989046.2907164,
    "wrong_samples": [
        0,
        1,
        2,
        1,
        1,
        0,
        0,
        0,
        0,
        1,
        2,
        0,
        1,
        0,
        0,
        0,
        1,
        0,
        1,
        1
    ]
}