{
    "reconstruction_errors": [
        0.02566754485192597,
        0.0823983486997223,
        0.1518620941279149,
        0.08527584053029623,
        0.043673210661097146,
        0.07731543671330983,
        0.0287414138073326,
        0.030802021487090044,
        0.10249371287662679,
        0.04090964387983608,
        0.12182539207332828,
        0.053012535329022226,
        0.054454555672212454,
        0.06148247897156863,
        0.09980464528688111,
        0.05774414548829769,
        0.17289414134207606,
        0.0756452566556789,
        0.028434962724889632,
        0.1888742305502919
    ],
    "setting": {
        "algorithm": "sync_mra",
        "dimension": 5,
        "samples": 70,
        "sigma": 0.2,
        "signal": [
            0.8804509063256238,
            0.4402254531628119,
            0.0,
            0.0,
            0.1760901812651248
        ]
    },
    "timestamp": 1683987994.6391103,
    "wrong_samples": [
        0,
        5,
        13,
        6,
        0,
        4,
        0,
        2,
        8,
        0,
        13,
        2,
        2,
        3,
        1,
        2,
        17,
        1,
        3,
        14
    ]
}