{
    "reconstruction_errors": [
        0.08226436839495772,
        0.1082242744546235,
        0.06473485989020739,
        0.0755517731815614,
        0.06319882451750203,
        0.0622993172207449,
        0.06078125899960456,
        0.056474425842142774,
        0.08742594121777875,
        0.10004860492718123,
        0.08322380449223464,
        0.09871922615533027,
        0.08189389563525169,
        0.07494108195950451,
        0.09286835411085044,
        0.0974779821206242,
        0.09261942614973082,
        0.09209690650905362,
        0.08603894175049946,
        0.0609600333829924
    ],
    "setting": {
        "algorithm": "sync_mra",
        "dimension": 15,
        "samples": 100,
        "sigma": 0.2,
        "signal": [
            0.8804509063256238,
            0.4402254531628119,
            0.0,
            0.0,
            0.1760901812651248,
            0.0,
            0.0,
            0.0,
            0.0,
            0.0,
            0.0,
            0.0,
            0.0,
            0.0,
            0.0
        ]
    },
    "timestamp": 1687207748.428771,
    "total_duration": 45.533101320266724,
    "wrong_samples": [
        1,
        2,
        2,
        2,
        3,
        3,
        0,
        0,
        0,
        0,
        2,
        1,
        1,
        0,
        2,
        0,
        0,
        0,
        0,
        3
    ]
}