{
    "reconstruction_errors": [
        0.13406864354252432,
        0.3511677953787928,
        0.13695309174379044,
        0.17976377194087617,
        0.10716751864376063,
        0.1178517405228851,
        0.12841512003894415,
        0.07841158273536342,
        0.1435612374386917,
        0.43921560396470694,
        0.10794135805467844,
        0.17139893996210212,
        0.661490562455328,
        0.20096361007567712,
        0.3444596283100284,
        0.16785335742437288,
        0.20078780488917342,
        0.15245347690840114,
        0.13724165158302984,
        0.12057742844837979
    ],
    "setting": {
        "algorithm": "sync_mra",
        "dimension": 15,
        "samples": 100,
        "sigma": 0.3,
        "signal": [
            0.8804509063256238,
            0.4402254531628119,
            0.0,
            0.0,
            0.1760901812651248,
            0.0,
            0.0,
            0.0,
            0.0,
            0.0,
            0.0,
            0.0,
            0.0,
            0.0,
            0.0
        ]
    },
    "timestamp": 1683989136.1193411,
    "wrong_samples": [
        14,
        38,
        14,
        22,
        16,
        12,
        13,
        12,
        9,
        40,
        18,
        12,
        56,
        18,
        27,
        9,
        25,
        6,
        20,
        17
    ]
}