{
    "reconstruction_errors": [
        0.24229544507412354,
        0.13263091289405335,
        0.10059941098937514,
        0.2884104551024554,
        0.19407547209843912,
        0.15362837818287112,
        0.08415275473744015,
        0.17396203768396645,
        0.267202599780701,
        0.2755898382422913,
        0.12964422590814942,
        0.15804371712286527,
        0.19434457658887558,
        0.09893186949309855,
        0.41557682786178224,
        0.19264058620906963,
        0.16882496051592233,
        0.22564000919430882,
        0.31863554235816033,
        0.3038955076659302
    ],
    "setting": {
        "algorithm": "sync_mra",
        "dimension": 5,
        "samples": 25,
        "sigma": 0.3,
        "signal": [
            0.8804509063256238,
            0.4402254531628119,
            0.0,
            0.0,
            0.1760901812651248
        ]
    },
    "timestamp": 1683988723.1733272,
    "wrong_samples": [
        3,
        1,
        5,
        9,
        3,
        3,
        3,
        7,
        5,
        5,
        3,
        3,
        6,
        2,
        8,
        2,
        3,
        7,
        7,
        11
    ]
}