{
    "reconstruction_errors": [
        0.11383463657675083,
        0.2148310144971012,
        0.15745693478471462,
        0.19773581520816735,
        0.14639883225627742,
        0.17410079862504174,
        0.11944995418238698,
        0.13917328666007758,
        0.19062021738314294,
        0.2188992659884861,
        0.13615635034741802,
        0.16815060070656387,
        0.15968043614642793,
        0.1553795975587864,
        0.1854600845475784,
        0.17195500051810123,
        0.13764188535242575,
        0.20232757753555072,
        0.7153547530472334,
        0.15754760286838168
    ],
    "setting": {
        "algorithm": "sync_mra",
        "dimension": 15,
        "samples": 70,
        "sigma": 0.3,
        "signal": [
            0.8804509063256238,
            0.4402254531628119,
            0.0,
            0.0,
            0.1760901812651248,
            0.0,
            0.0,
            0.0,
            0.0,
            0.0,
            0.0,
            0.0,
            0.0,
            0.0,
            0.0
        ]
    },
    "timestamp": 1687207778.0084786,
    "total_duration": 13.845142126083374,
    "wrong_samples": [
        8,
        14,
        9,
        14,
        15,
        9,
        9,
        7,
        8,
        24,
        10,
        11,
        9,
        9,
        13,
        5,
        10,
        12,
        43,
        8
    ]
}