{
    "reconstruction_errors": [
        0.07879038248871015,
        0.03302649273486569,
        0.31497057428145525,
        0.07278282470444426,
        0.05688549244428041,
        0.4848929634997048,
        0.05391736772766287,
        0.07612992817912576,
        0.09336792173345519,
        0.16419246397915901,
        0.08692154576108252,
        0.06058076470332556,
        0.11946270956533299,
        0.0774943669386848,
        0.11411669829939487,
        0.09138943084473043,
        0.15964878819028192,
        0.05661945892716014,
        0.2911401574385412,
        0.423420213593609
    ],
    "setting": {
        "algorithm": "sync_mra",
        "dimension": 5,
        "samples": 100,
        "sigma": 0.3,
        "signal": [
            0.8804509063256238,
            0.4402254531628119,
            0.0,
            0.0,
            0.1760901812651248
        ]
    },
    "timestamp": 1683988724.574013,
    "wrong_samples": [
        9,
        11,
        35,
        5,
        10,
        58,
        14,
        18,
        11,
        19,
        10,
        6,
        13,
        10,
        19,
        23,
        20,
        15,
        29,
        39
    ]
}