{
    "reconstruction_errors": [
        0.07488029497841958,
        0.06378445111372331,
        0.12135919214653611,
        0.10187385826073092,
        0.1530344035897086,
        0.07494731487870937,
        0.13931759497497145,
        0.1272485782257971,
        0.1083657729379133,
        0.10327152084453135,
        0.10935297655482795,
        0.14011553731386012,
        0.09259781972808274,
        0.10773845560636387,
        0.0909574216247102,
        0.12438824380413593,
        0.10271441894766141,
        0.15010828580263066,
        0.11695049668435925,
        0.11585213267956189
    ],
    "setting": {
        "algorithm": "sync_mra",
        "dimension": 10,
        "samples": 100,
        "sigma": 0.3,
        "signal": [
            0.8804509063256238,
            0.4402254531628119,
            0.0,
            0.0,
            0.1760901812651248,
            0.0,
            0.0,
            0.0,
            0.0,
            0.0
        ]
    },
    "timestamp": 1683989761.9244854,
    "wrong_samples": [
        10,
        11,
        9,
        13,
        16,
        12,
        13,
        19,
        14,
        15,
        4,
        17,
        9,
        12,
        8,
        11,
        7,
        14,
        10,
        21
    ]
}