{
    "reconstruction_errors": [
        0.11645330730623588,
        0.1754865316297706,
        0.7416134861827072,
        0.09968246248176475,
        0.11769854496283892,
        0.20281370638643864,
        0.09257762981334507,
        0.29952871488088323,
        0.17118494534333972,
        0.16390977233307333,
        0.1110059900103062,
        0.12104447022686511,
        0.12388368284643796,
        0.18302245713408738,
        0.10408702979806393,
        0.16556799301411723,
        0.1174520742466944,
        0.11819871676917447,
        0.2809577108224,
        0.18172223076635355
    ],
    "setting": {
        "algorithm": "sync_mra",
        "dimension": 10,
        "samples": 70,
        "sigma": 0.3,
        "signal": [
            0.8804509063256238,
            0.4402254531628119,
            0.0,
            0.0,
            0.1760901812651248,
            0.0,
            0.0,
            0.0,
            0.0,
            0.0
        ]
    },
    "timestamp": 1687207773.9881985,
    "total_duration": 9.38540005683899,
    "wrong_samples": [
        12,
        10,
        43,
        11,
        7,
        13,
        5,
        19,
        6,
        11,
        8,
        4,
        4,
        12,
        5,
        9,
        6,
        10,
        19,
        13
    ]
}