{
    "reconstruction_errors": [
        0.11946898636315612,
        0.1754865316297706,
        0.7416134861827072,
        0.11677321538185892,
        0.11769854496283892,
        0.13691652655170325,
        0.10220129387454473,
        0.29952871488088323,
        0.18336823295824714,
        0.16390977233307333,
        0.11689192151747906,
        0.15439840728116289,
        0.09996826377732068,
        0.18302245713408738,
        0.10289597860429373,
        0.16556799301411723,
        0.11907762581744306,
        0.11819871676917447,
        0.21692725113378172,
        0.1989152094474322
    ],
    "setting": {
        "algorithm": "sync_mra",
        "dimension": 10,
        "samples": 70,
        "sigma": 0.3,
        "signal": [
            0.8804509063256238,
            0.4402254531628119,
            0.0,
            0.0,
            0.1760901812651248,
            0.0,
            0.0,
            0.0,
            0.0,
            0.0
        ]
    },
    "timestamp": 1683989754.213124,
    "wrong_samples": [
        12,
        10,
        43,
        14,
        7,
        9,
        7,
        19,
        8,
        11,
        9,
        8,
        8,
        12,
        6,
        9,
        5,
        10,
        17,
        15
    ]
}