{
    "reconstruction_errors": [
        0.16189106618591903,
        0.2822744654572689,
        0.46229761768059763,
        0.28209770986267285,
        0.2646831453816311,
        0.3419049605916894,
        0.13387191838165505,
        0.2656473967725228,
        0.4906250813571428,
        0.1692061389787132,
        0.4051979555008895,
        0.1484593046799487,
        0.2769365362539323,
        0.1905782122329752,
        0.22198918456824357,
        0.17435156719711722,
        0.3152904449879448,
        0.13732578654488106,
        0.17020870428591423,
        0.2313542407947146
    ],
    "setting": {
        "algorithm": "sync_mra",
        "dimension": 5,
        "samples": 45,
        "sigma": 0.4,
        "signal": [
            0.8804509063256238,
            0.4402254531628119,
            0.0,
            0.0,
            0.1760901812651248
        ]
    },
    "timestamp": 1683988729.1462934,
    "wrong_samples": [
        16,
        18,
        27,
        20,
        15,
        23,
        11,
        16,
        20,
        10,
        25,
        14,
        15,
        15,
        11,
        14,
        16,
        15,
        8,
        8
    ]
}