{
    "reconstruction_errors": [
        0.5213354925337965,
        0.3597206882638141,
        0.401732054172323,
        0.6717813717005422,
        0.37158045177429766,
        0.28819072870106505,
        0.35771895231398093,
        0.7842186215004815,
        0.8420448133061872,
        0.5663717955829225,
        0.472162553449911,
        0.917415714079551,
        0.494686021272323,
        0.4401220709469596,
        0.722073273485835,
        0.29748200988082496,
        0.4771968373081034,
        0.8013647321121514,
        0.5316954517750113,
        0.3729640516404606
    ],
    "setting": {
        "algorithm": "sync_mra",
        "dimension": 15,
        "samples": 45,
        "sigma": 0.4,
        "signal": [
            0.8804509063256238,
            0.4402254531628119,
            0.0,
            0.0,
            0.1760901812651248,
            0.0,
            0.0,
            0.0,
            0.0,
            0.0,
            0.0,
            0.0,
            0.0,
            0.0,
            0.0
        ]
    },
    "timestamp": 1687207752.780998,
    "total_duration": 12.146902322769165,
    "wrong_samples": [
        20,
        17,
        23,
        27,
        16,
        13,
        17,
        31,
        35,
        26,
        25,
        34,
        24,
        16,
        29,
        12,
        26,
        32,
        21,
        13
    ]
}