{
    "reconstruction_errors": [
        0.2820678511895555,
        0.39855632285785875,
        0.11276947414117346,
        0.2106507599575514,
        0.22117954441058527,
        0.1638199850991108,
        0.19091651449326044,
        0.31482897418671524,
        0.16509428739163448,
        0.27073179744178,
        0.3383449598872997,
        0.36483460922161437,
        0.11670530082605818,
        0.2847584305995224,
        0.22272787290476068,
        0.4561350428395677,
        0.15845472271703595,
        0.24325934433818278,
        0.5614448989997846,
        0.25508792258708224
    ],
    "setting": {
        "algorithm": "sync_mra",
        "dimension": 5,
        "samples": 70,
        "sigma": 0.4,
        "signal": [
            0.8804509063256238,
            0.4402254531628119,
            0.0,
            0.0,
            0.1760901812651248
        ]
    },
    "timestamp": 1687207756.6543195,
    "total_duration": 8.71550726890564,
    "wrong_samples": [
        23,
        30,
        14,
        20,
        18,
        17,
        14,
        33,
        14,
        22,
        22,
        36,
        19,
        24,
        25,
        30,
        20,
        23,
        36,
        33
    ]
}