{
    "reconstruction_errors": [
        0.7596763085313274,
        0.8478107535111283,
        0.8401700316497421,
        0.5858153390894772,
        0.6012160016859741,
        0.36763267133380895,
        0.7949739924615814,
        0.7053148357852955,
        0.602166321139651,
        0.5661678572054097,
        0.986004167303706,
        0.4618996811816434,
        0.38431490172199145,
        0.7496746835899857,
        0.7455083935542942,
        0.9411272562208902,
        0.9227519337000936,
        0.7037747393843929,
        0.7419061446998227,
        0.45820273435224185
    ],
    "setting": {
        "algorithm": "sync_mra",
        "dimension": 15,
        "samples": 25,
        "sigma": 0.4,
        "signal": [
            0.8804509063256238,
            0.4402254531628119,
            0.0,
            0.0,
            0.1760901812651248,
            0.0,
            0.0,
            0.0,
            0.0,
            0.0,
            0.0,
            0.0,
            0.0,
            0.0,
            0.0
        ]
    },
    "timestamp": 1683989184.41348,
    "wrong_samples": [
        14,
        14,
        16,
        14,
        16,
        7,
        19,
        12,
        14,
        13,
        18,
        8,
        7,
        15,
        13,
        14,
        18,
        14,
        15,
        7
    ]
}