{
    "reconstruction_errors": [
        0.820457036487036,
        0.6788244799202775,
        0.9860044045178739,
        0.49286783078274937,
        0.7088717528628614,
        0.5747041723217104,
        0.6486261471116298,
        0.8795986240687156,
        0.8088933081720574,
        0.9703808471601831,
        0.7195033857586952,
        0.6453508165305931,
        0.6694354977679632,
        0.7225850327488164,
        0.6271942447886222,
        0.48864959905369887,
        0.6705210690422654,
        0.7289627271886034,
        0.6951112001392011,
        0.5233818537287381
    ],
    "setting": {
        "algorithm": "sync_mra",
        "dimension": 15,
        "samples": 15,
        "sigma": 0.4,
        "signal": [
            0.8804509063256238,
            0.4402254531628119,
            0.0,
            0.0,
            0.1760901812651248,
            0.0,
            0.0,
            0.0,
            0.0,
            0.0,
            0.0,
            0.0,
            0.0,
            0.0,
            0.0
        ]
    },
    "timestamp": 1683989182.9707391,
    "wrong_samples": [
        9,
        7,
        11,
        3,
        8,
        5,
        7,
        9,
        8,
        11,
        8,
        8,
        6,
        10,
        4,
        3,
        7,
        9,
        6,
        3
    ]
}