{
    "reconstruction_errors": [
        0.13313139221657763,
        0.22370526873193325,
        0.17336143703056764,
        0.23621665479390472,
        0.2646831453816311,
        0.2690472331110812,
        0.4929914133844636,
        0.2656473967725228,
        0.4906250813571428,
        0.1692061389787132,
        0.430272474625094,
        0.1484593046799487,
        0.2780702487654333,
        0.3383511620102046,
        0.23923296604692584,
        0.17435156719711722,
        0.3152904449879448,
        0.1665173071641477,
        0.15853746090982493,
        0.24439125364190595
    ],
    "setting": {
        "algorithm": "sync_mra",
        "dimension": 5,
        "samples": 45,
        "sigma": 0.4,
        "signal": [
            0.8804509063256238,
            0.4402254531628119,
            0.0,
            0.0,
            0.1760901812651248
        ]
    },
    "timestamp": 1687207751.3562968,
    "total_duration": 2.934487819671631,
    "wrong_samples": [
        15,
        11,
        12,
        11,
        15,
        15,
        25,
        16,
        20,
        10,
        15,
        14,
        18,
        17,
        14,
        14,
        16,
        12,
        9,
        12
    ]
}