{
    "reconstruction_errors": [
        0.5745319836292393,
        0.3272024896788734,
        0.401732054172323,
        0.6526540264881204,
        0.39687223736134086,
        0.2797806913518095,
        0.3604398283497116,
        0.7842186215004815,
        0.8477401280163404,
        0.5663717955829225,
        0.47941524025824284,
        0.917415714079551,
        0.494686021272323,
        0.6010093804660199,
        0.7699770856022873,
        0.29748200988082496,
        0.4771968373081034,
        0.8013647321121514,
        0.5458292886334494,
        0.3927929402418787
    ],
    "setting": {
        "algorithm": "sync_mra",
        "dimension": 15,
        "samples": 45,
        "sigma": 0.4,
        "signal": [
            0.8804509063256238,
            0.4402254531628119,
            0.0,
            0.0,
            0.1760901812651248,
            0.0,
            0.0,
            0.0,
            0.0,
            0.0,
            0.0,
            0.0,
            0.0,
            0.0,
            0.0
        ]
    },
    "timestamp": 1683989187.372419,
    "wrong_samples": [
        23,
        17,
        23,
        25,
        16,
        14,
        16,
        31,
        35,
        26,
        25,
        34,
        24,
        23,
        30,
        12,
        26,
        32,
        23,
        13
    ]
}