{
    "reconstruction_errors": [
        0.299799189940087,
        0.39855632285785875,
        0.11276947414117346,
        0.2106507599575514,
        0.22117954441058527,
        0.1638199850991108,
        0.222667667554675,
        0.2526209052082269,
        0.14517571545169572,
        0.2839993661276686,
        0.25404513107219384,
        0.21911183091895756,
        0.5601958266075282,
        0.2847584305995224,
        0.4154402586806962,
        0.4561350428395677,
        0.494133727157438,
        0.19289256703339602,
        0.49670115772463824,
        0.17775643720856932
    ],
    "setting": {
        "algorithm": "sync_mra",
        "dimension": 5,
        "samples": 70,
        "sigma": 0.4,
        "signal": [
            0.8804509063256238,
            0.4402254531628119,
            0.0,
            0.0,
            0.1760901812651248
        ]
    },
    "timestamp": 1683988003.3416483,
    "wrong_samples": [
        23,
        30,
        14,
        20,
        18,
        17,
        25,
        34,
        20,
        29,
        33,
        21,
        40,
        24,
        29,
        30,
        33,
        30,
        38,
        25
    ]
}