{
    "reconstruction_errors": [
        0.26272956323920993,
        0.268985336851148,
        0.5726801728721976,
        0.649999758368071,
        0.3744305637065561,
        0.513820579176452,
        0.354176811614989,
        0.4727809740705179,
        0.8624854109333289,
        0.3001572521354394,
        0.876654162781832,
        0.5193362440541057,
        0.5067246813159897,
        0.401121461670817,
        0.4659868900046342,
        0.8456832292054831,
        0.39660994192859544,
        0.5143484034450596,
        0.5331057639471518,
        0.7289867800365409
    ],
    "setting": {
        "algorithm": "sync_mra",
        "dimension": 10,
        "samples": 15,
        "sigma": 0.4,
        "signal": [
            0.8804509063256238,
            0.4402254531628119,
            0.0,
            0.0,
            0.1760901812651248,
            0.0,
            0.0,
            0.0,
            0.0,
            0.0
        ]
    },
    "timestamp": 1683989778.4380474,
    "wrong_samples": [
        4,
        2,
        6,
        8,
        3,
        3,
        1,
        7,
        11,
        3,
        10,
        8,
        8,
        7,
        3,
        10,
        5,
        6,
        8,
        6
    ]
}