{
    "reconstruction_errors": [
        0.5696363300766925,
        0.5510530064829826,
        0.3969481420510544,
        0.3444974410170578,
        0.5323178091308115,
        0.2694728627839523,
        0.41738378939000736,
        0.2422955777361537,
        0.7346859070118087,
        0.5472715308869395,
        0.2778630445566553,
        0.25239959485126257,
        0.22988568735722012,
        0.7305647249850421,
        0.763275047976276,
        0.39614329937709575,
        0.39746833647220287,
        0.5025029208391447,
        0.651977283608685,
        0.36221648963546477
    ],
    "setting": {
        "algorithm": "sync_mra",
        "dimension": 10,
        "samples": 45,
        "sigma": 0.4,
        "signal": [
            0.8804509063256238,
            0.4402254531628119,
            0.0,
            0.0,
            0.1760901812651248,
            0.0,
            0.0,
            0.0,
            0.0,
            0.0
        ]
    },
    "timestamp": 1683989780.4457734,
    "wrong_samples": [
        30,
        26,
        20,
        18,
        19,
        11,
        17,
        14,
        27,
        27,
        15,
        14,
        10,
        28,
        31,
        15,
        16,
        24,
        25,
        17
    ]
}