{
    "reconstruction_errors": [
        0.4667039796849914,
        0.2911953809549596,
        0.2882400048016405,
        0.7501265578053106,
        0.6388559224338496,
        0.5723532319484659,
        0.26972962595992717,
        0.36927062682181333,
        0.4947763441299561,
        0.5350702161954038,
        0.5197719939298439,
        0.559107466757634,
        0.3654171336807492,
        0.5010220602521714,
        0.49033767569019526,
        0.3878140128603869,
        0.3898156154044457,
        0.2648307618249737,
        0.40623663433594065,
        0.6321436816564945
    ],
    "setting": {
        "algorithm": "sync_mra",
        "dimension": 5,
        "samples": 25,
        "sigma": 0.5,
        "signal": [
            0.8804509063256238,
            0.4402254531628119,
            0.0,
            0.0,
            0.1760901812651248
        ]
    },
    "timestamp": 1683988735.0594635,
    "wrong_samples": [
        7,
        11,
        10,
        14,
        11,
        14,
        7,
        15,
        12,
        15,
        13,
        13,
        14,
        18,
        15,
        6,
        10,
        7,
        11,
        15
    ]
}