{
    "reconstruction_errors": [
        0.38229216365345053,
        0.5580476023361424,
        0.7121921675743277,
        0.6159047896391658,
        0.6745965663602065,
        0.654354994874017,
        0.5944459617869057,
        0.40997184144667725,
        0.8611467633037635,
        0.7287612119564095,
        0.6840547644259928,
        0.5428117274415216,
        0.5443990640168995,
        0.8654832649913792,
        0.8634733149786507,
        0.5515366900089985,
        0.8435538510422971,
        0.8431401841096031,
        0.9174194617722253,
        0.6093022435578253
    ],
    "setting": {
        "algorithm": "sync_mra",
        "dimension": 10,
        "samples": 45,
        "sigma": 0.5,
        "signal": [
            0.8804509063256238,
            0.4402254531628119,
            0.0,
            0.0,
            0.1760901812651248,
            0.0,
            0.0,
            0.0,
            0.0,
            0.0
        ]
    },
    "timestamp": 1683989811.247666,
    "wrong_samples": [
        24,
        25,
        27,
        29,
        23,
        28,
        25,
        19,
        32,
        29,
        29,
        29,
        23,
        32,
        31,
        26,
        33,
        30,
        32,
        32
    ]
}