{
    "reconstruction_errors": [
        0.7375430832711263,
        0.6689644796530014,
        0.6687909327165721,
        0.7227867484592906,
        0.9225532362330596,
        0.7635817362405409,
        0.9338417362148957,
        0.8590321136005661,
        0.8331008868125709,
        0.5321430227692193,
        0.5645147804700393,
        0.6975642079920927,
        0.6875560451430962,
        0.7483195714430901,
        0.7923604791268527,
        0.6627737500993871,
        0.6011110196326597,
        0.4115450362177205,
        0.9001487366322937,
        0.6793619603678154
    ],
    "setting": {
        "algorithm": "sync_mra",
        "dimension": 10,
        "samples": 25,
        "sigma": 0.5,
        "signal": [
            0.8804509063256238,
            0.4402254531628119,
            0.0,
            0.0,
            0.1760901812651248,
            0.0,
            0.0,
            0.0,
            0.0,
            0.0
        ]
    },
    "timestamp": 1683989809.6733296,
    "wrong_samples": [
        17,
        13,
        12,
        13,
        15,
        11,
        19,
        17,
        17,
        12,
        16,
        16,
        16,
        16,
        15,
        15,
        10,
        12,
        19,
        14
    ]
}