{
    "reconstruction_errors": [
        0.29932561938593205,
        0.1271255371024457,
        0.46129733957048563,
        0.5618368445717974,
        0.32002428903760954,
        0.5240341097295279,
        0.22843633015804277,
        0.3636383999340243,
        0.26720262137816925,
        0.30189360194288783,
        0.2871494523235176,
        0.45075453299136314,
        0.5295296867408416,
        0.3663035737583578,
        0.3211901930455779,
        0.7353527183732503,
        0.7438506891756216,
        0.2722108633615219,
        0.33962419963334795,
        0.29780941365639957
    ],
    "setting": {
        "algorithm": "sync_mra",
        "dimension": 5,
        "samples": 100,
        "sigma": 0.5,
        "signal": [
            0.8804509063256238,
            0.4402254531628119,
            0.0,
            0.0,
            0.1760901812651248
        ]
    },
    "timestamp": 1683988736.62684,
    "wrong_samples": [
        43,
        30,
        47,
        61,
        41,
        64,
        35,
        41,
        30,
        38,
        37,
        63,
        60,
        38,
        37,
        59,
        64,
        46,
        47,
        43
    ]
}