{
    "reconstruction_errors": [
        0.9883348311408829,
        1.050193077908031,
        0.9490970949487988,
        0.991615890386366,
        0.6650451462394142,
        0.7924475569739344,
        0.7966327845414033,
        1.1118576604544241,
        0.9622138733176487,
        0.6021152675243855,
        0.9431886392493889,
        0.6779082223473222,
        0.5806407738035004,
        0.8738778427813774,
        1.0108422027979453,
        0.9455799728605623,
        1.022854386952001,
        1.0341967732604878,
        1.2273614666372878,
        0.9563101867206363
    ],
    "setting": {
        "algorithm": "sync_mra",
        "dimension": 15,
        "samples": 25,
        "sigma": 0.5,
        "signal": [
            0.8804509063256238,
            0.4402254531628119,
            0.0,
            0.0,
            0.1760901812651248,
            0.0,
            0.0,
            0.0,
            0.0,
            0.0,
            0.0,
            0.0,
            0.0,
            0.0,
            0.0
        ]
    },
    "timestamp": 1683989267.1047995,
    "wrong_samples": [
        18,
        19,
        15,
        16,
        18,
        14,
        15,
        16,
        20,
        15,
        20,
        14,
        19,
        16,
        17,
        19,
        18,
        19,
        19,
        15
    ]
}