{
    "reconstruction_errors": [
        0.4232626450911981,
        0.5176566301728149,
        0.3583695646208539,
        0.33479879183489386,
        0.7287047622410315,
        0.29655283017687845,
        0.7739552651305839,
        0.37487066416509096,
        0.49739548181023113,
        0.33148426600072517,
        0.4831887804011815,
        0.6600554776218992,
        0.3624230637777988,
        0.4700647432173212,
        0.3276689942789441,
        0.4631807555481856,
        0.5840992288612957,
        0.28699082379895485,
        0.52773743840576,
        0.12323738479664531
    ],
    "setting": {
        "algorithm": "sync_mra",
        "dimension": 5,
        "samples": 15,
        "sigma": 0.5,
        "signal": [
            0.8804509063256238,
            0.4402254531628119,
            0.0,
            0.0,
            0.1760901812651248
        ]
    },
    "timestamp": 1687207772.135941,
    "total_duration": 0.25704097747802734,
    "wrong_samples": [
        8,
        9,
        7,
        6,
        8,
        7,
        7,
        6,
        7,
        5,
        5,
        8,
        4,
        9,
        8,
        8,
        8,
        7,
        11,
        6
    ]
}