{
    "reconstruction_errors": [
        2.255044439730636e-15,
        2.255044439730636e-15,
        2.255044439730636e-15,
        2.255044439730636e-15,
        2.255044439730636e-15,
        2.255044439730636e-15,
        2.255044439730636e-15,
        2.255044439730636e-15,
        2.255044439730636e-15,
        2.255044439730636e-15,
        2.255044439730636e-15,
        2.255044439730636e-15,
        2.255044439730636e-15,
        2.255044439730636e-15,
        2.255044439730636e-15,
        2.255044439730636e-15,
        2.255044439730636e-15,
        2.255044439730636e-15,
        2.255044439730636e-15,
        2.255044439730636e-15
    ],
    "setting": {
        "algorithm": "sync_mra",
        "dimension": 5,
        "samples": 100,
        "sigma": 0.0,
        "signal": [
            0.8804509063256238,
            0.4402254531628119,
            0.0,
            0.0,
            0.1760901812651248
        ]
    },
    "timestamp": 1687207868.7823174,
    "total_duration": 22.069013595581055,
    "wrong_samples": [
        0,
        0,
        0,
        0,
        0,
        0,
        0,
        0,
        0,
        0,
        0,
        0,
        0,
        0,
        0,
        0,
        0,
        0,
        0,
        0
    ]
}