{
    "reconstruction_errors": [
        0.04692249529220907,
        0.10851290657602237,
        0.10446863883569112,
        0.05720495674561965,
        0.04763784533049252,
        0.023680559429539717,
        0.13997059049941424,
        0.05248017791642955,
        0.04995213435544508,
        0.07425292130516237,
        0.10552118476252603,
        0.05997851928256996,
        0.23327254262331037,
        0.09093633150199826,
        0.034429652081194896,
        0.033948425194643354,
        0.4315480608204423,
        0.07397181054148513,
        0.0802701519430448,
        0.07805125560954132
    ],
    "setting": {
        "algorithm": "sync_mra",
        "dimension": 5,
        "samples": 45,
        "sigma": 0.2,
        "signal": [
            0.8804509063256238,
            0.4402254531628119,
            0.0,
            0.0,
            0.1760901812651248
        ]
    },
    "timestamp": 1687207863.9523897,
    "total_duration": 6.913490533828735,
    "wrong_samples": [
        2,
        6,
        6,
        0,
        0,
        0,
        6,
        0,
        3,
        1,
        1,
        2,
        11,
        0,
        0,
        1,
        23,
        0,
        0,
        0
    ]
}