{
    "reconstruction_errors": [
        0.07868535741518848,
        0.07762419664263925,
        0.08742932256863607,
        0.08544055712550179,
        0.08240257567462166,
        0.07222432648540839,
        0.06636026264413053,
        0.10747001703100413,
        0.056589506342145324,
        0.10192677531665191,
        0.09870577757393492,
        0.08763801786229171,
        0.09445849358872772,
        0.08236586482393306,
        0.09997264384338948,
        0.1033032506816427,
        0.06940151246944175,
        0.07747082938401038,
        0.12265899892732736,
        0.11208741288237214
    ],
    "setting": {
        "algorithm": "sync_mra",
        "dimension": 10,
        "samples": 45,
        "sigma": 0.2,
        "signal": [
            0.8804509063256238,
            0.4402254531628119,
            0.0,
            0.0,
            0.1760901812651248,
            0.0,
            0.0,
            0.0,
            0.0,
            0.0
        ]
    },
    "timestamp": 1687207877.9754143,
    "total_duration": 8.22289752960205,
    "wrong_samples": [
        0,
        0,
        0,
        0,
        0,
        0,
        0,
        0,
        2,
        0,
        0,
        1,
        0,
        0,
        1,
        0,
        0,
        2,
        2,
        1
    ]
}