{
    "reconstruction_errors": [
        0.1701183274476109,
        0.14934591252366863,
        0.20812410671727702,
        0.205449229941782,
        0.1393072397467089,
        0.14079737870311504,
        0.1395879072321915,
        0.20373364109677566,
        0.15858740458315995,
        0.0872117874516736,
        0.13428060354155794,
        0.16174522894419766,
        0.12325277562375109,
        0.14646929635468506,
        0.1942750620612156,
        0.16094652420687447,
        0.09699451128723748,
        0.12764505460794567,
        0.15479722983316777,
        0.14413698482432163
    ],
    "setting": {
        "algorithm": "sync_mra",
        "dimension": 15,
        "samples": 45,
        "sigma": 0.25,
        "signal": [
            0.8804509063256238,
            0.4402254531628119,
            0.0,
            0.0,
            0.1760901812651248,
            0.0,
            0.0,
            0.0,
            0.0,
            0.0,
            0.0,
            0.0,
            0.0,
            0.0,
            0.0
        ]
    },
    "timestamp": 1687207886.204294,
    "total_duration": 12.405929803848267,
    "wrong_samples": [
        3,
        4,
        4,
        3,
        1,
        0,
        2,
        6,
        5,
        2,
        2,
        0,
        0,
        1,
        2,
        1,
        3,
        2,
        1,
        0
    ]
}