{
    "reconstruction_errors": [
        0.09819410267689153,
        0.10962606222062228,
        0.1425180518770982,
        0.09992973843664356,
        0.12132894388497478,
        0.09028040810676063,
        0.0860286788464982,
        0.1473059392422846,
        0.08492044136633663,
        0.16627294393490683,
        0.12338222196741863,
        0.11056065440171768,
        0.11807311698590962,
        0.14309700894354904,
        0.14273629199462307,
        0.1291290633520532,
        0.09592117597243657,
        0.10701128418113932,
        0.14580111544485386,
        0.14090507654209697
    ],
    "setting": {
        "algorithm": "sync_mra",
        "dimension": 10,
        "samples": 45,
        "sigma": 0.25,
        "signal": [
            0.8804509063256238,
            0.4402254531628119,
            0.0,
            0.0,
            0.1760901812651248,
            0.0,
            0.0,
            0.0,
            0.0,
            0.0
        ]
    },
    "timestamp": 1687207878.028373,
    "total_duration": 8.307268619537354,
    "wrong_samples": [
        1,
        2,
        5,
        3,
        1,
        0,
        1,
        2,
        3,
        4,
        0,
        1,
        0,
        3,
        5,
        0,
        1,
        4,
        2,
        3
    ]
}