{
    "reconstruction_errors": [
        0.17158780450727856,
        0.2115391063900204,
        0.16524083650485644,
        0.2561415028953162,
        0.1878832803220088,
        0.20306526682769002,
        0.16371089769056163,
        0.3133618379567583,
        0.17642148168528612,
        0.22163755704677005,
        0.27614099374727064,
        0.1853357469645403,
        0.22109009267001825,
        0.19678766624081653,
        0.19084079971467752,
        0.23585023729341276,
        0.1490896802649348,
        0.19716598862023796,
        0.2327527321566015,
        0.18162956720254256
    ],
    "setting": {
        "algorithm": "sync_mra",
        "dimension": 15,
        "samples": 25,
        "sigma": 0.25,
        "signal": [
            0.8804509063256238,
            0.4402254531628119,
            0.0,
            0.0,
            0.1760901812651248,
            0.0,
            0.0,
            0.0,
            0.0,
            0.0,
            0.0,
            0.0,
            0.0,
            0.0,
            0.0
        ]
    },
    "timestamp": 1687207877.396681,
    "total_duration": 4.9770348072052,
    "wrong_samples": [
        0,
        1,
        1,
        3,
        1,
        1,
        1,
        5,
        1,
        2,
        3,
        2,
        2,
        3,
        0,
        1,
        0,
        1,
        0,
        0
    ]
}