{
    "reconstruction_errors": [
        0.07719584523633277,
        0.047265608901714294,
        0.06450689390094454,
        0.06599177069767562,
        0.03048222301165964,
        0.07870773546033577,
        0.26190574049061155,
        0.0830349730329822,
        0.07215485437149052,
        0.11896803977940584,
        0.06133723957937103,
        0.04289279259165295,
        0.493794107123109,
        0.04687685494764239,
        0.11300765983336948,
        0.11138213888559154,
        0.04621290578617719,
        0.03905629581851798,
        0.0498516721507536,
        0.5407868168128662
    ],
    "setting": {
        "algorithm": "sync_mra",
        "dimension": 5,
        "samples": 100,
        "sigma": 0.25,
        "signal": [
            0.8804509063256238,
            0.4402254531628119,
            0.0,
            0.0,
            0.1760901812651248
        ]
    },
    "timestamp": 1687207868.9325743,
    "total_duration": 23.05129909515381,
    "wrong_samples": [
        5,
        2,
        7,
        3,
        3,
        9,
        35,
        5,
        7,
        17,
        6,
        4,
        59,
        3,
        5,
        9,
        8,
        4,
        10,
        42
    ]
}