{
    "reconstruction_errors": [
        0.07010450231989081,
        0.0803507591980531,
        0.048571669582469064,
        0.5372760402788836,
        0.05459151332637152,
        0.0832268932035929,
        0.392738206798006,
        0.19802351318806236,
        0.08221233650473153,
        0.0459714634285646,
        0.07350198681945715,
        0.05686759548280828,
        0.062054445434778276,
        0.07618314196741613,
        0.11895204963301703,
        0.11676946166782798,
        0.045929877572759556,
        0.08052943313655234,
        0.14068372013949354,
        0.061720618681526916
    ],
    "setting": {
        "algorithm": "sync_mra",
        "dimension": 5,
        "samples": 70,
        "sigma": 0.25,
        "signal": [
            0.8804509063256238,
            0.4402254531628119,
            0.0,
            0.0,
            0.1760901812651248
        ]
    },
    "timestamp": 1687207868.6232657,
    "total_duration": 9.394583702087402,
    "wrong_samples": [
        12,
        4,
        6,
        35,
        0,
        8,
        28,
        18,
        7,
        3,
        3,
        7,
        5,
        7,
        5,
        13,
        7,
        4,
        13,
        5
    ]
}