{
    "reconstruction_errors": [
        0.12852533115246914,
        0.11743249806879937,
        0.09457760923631742,
        0.4493391443789985,
        0.3029380315752906,
        0.24745325560469908,
        0.3929447294470245,
        0.10461259168207211,
        0.17732189592766118,
        0.17177720642691302,
        0.12659824850405393,
        0.18648768987824937,
        0.1287470531664727,
        0.14883194801634478,
        0.24304142893184902,
        0.11095561860793306,
        0.21423480472248096,
        0.11642238349944097,
        0.6056109689267415,
        0.34381948889217545
    ],
    "setting": {
        "algorithm": "sync_mra",
        "dimension": 5,
        "samples": 15,
        "sigma": 0.25,
        "signal": [
            0.8804509063256238,
            0.4402254531628119,
            0.0,
            0.0,
            0.1760901812651248
        ]
    },
    "timestamp": 1687207863.9878209,
    "total_duration": 4.4541826248168945,
    "wrong_samples": [
        1,
        2,
        1,
        7,
        2,
        4,
        3,
        1,
        2,
        2,
        0,
        1,
        1,
        2,
        2,
        1,
        1,
        1,
        8,
        5
    ]
}