{
    "reconstruction_errors": [
        0.1047018675191901,
        0.15032541595307888,
        0.0893554510586273,
        0.08620621931825717,
        0.07397337565300251,
        0.08714661368012944,
        0.0991299110573998,
        0.06860502965006791,
        0.11309356430481786,
        0.14750298502676074,
        0.09260733462107865,
        0.11912894458567365,
        0.10536684432670827,
        0.08713723769212374,
        0.13036583908977706,
        0.1307687322276655,
        0.12018939170547889,
        0.11483082926428317,
        0.09163692300157568,
        0.08648996203425872
    ],
    "setting": {
        "algorithm": "sync_mra",
        "dimension": 15,
        "samples": 100,
        "sigma": 0.25,
        "signal": [
            0.8804509063256238,
            0.4402254531628119,
            0.0,
            0.0,
            0.1760901812651248,
            0.0,
            0.0,
            0.0,
            0.0,
            0.0,
            0.0,
            0.0,
            0.0,
            0.0,
            0.0
        ]
    },
    "timestamp": 1687207904.725286,
    "total_duration": 30.518284797668457,
    "wrong_samples": [
        4,
        12,
        5,
        10,
        10,
        7,
        5,
        4,
        2,
        7,
        6,
        2,
        3,
        3,
        7,
        4,
        7,
        1,
        5,
        9
    ]
}