{
    "reconstruction_errors": [
        0.11005263302060084,
        0.13428632870060503,
        0.11467480304341375,
        0.1166239029730138,
        0.13176383043000506,
        0.12841977930440907,
        0.11235713880336828,
        0.1323958110763438,
        0.13600309718153247,
        0.12996125932484695,
        0.090346164486835,
        0.09718668153411925,
        0.119357411027344,
        0.10245334095067023,
        0.09557879305205341,
        0.14940028182939574,
        0.10598966917976424,
        0.13115642294072402,
        0.11875909553947145,
        0.11682014938451898
    ],
    "setting": {
        "algorithm": "sync_mra",
        "dimension": 15,
        "samples": 70,
        "sigma": 0.25,
        "signal": [
            0.8804509063256238,
            0.4402254531628119,
            0.0,
            0.0,
            0.1760901812651248,
            0.0,
            0.0,
            0.0,
            0.0,
            0.0,
            0.0,
            0.0,
            0.0,
            0.0,
            0.0
        ]
    },
    "timestamp": 1687207893.7066185,
    "total_duration": 23.03169822692871,
    "wrong_samples": [
        2,
        6,
        8,
        2,
        8,
        3,
        3,
        4,
        4,
        9,
        4,
        1,
        3,
        5,
        3,
        1,
        5,
        4,
        7,
        4
    ]
}