{
    "reconstruction_errors": [
        0.225868251124683,
        0.11201066477589594,
        0.07695496744282271,
        0.6488816067778244,
        0.1464151560728308,
        0.1157791883530745,
        0.012063780619730891,
        0.24732768595262525,
        0.1951657888201943,
        0.15556359200451128,
        0.3563856857549772,
        0.11398391924830252,
        0.1985992755688178,
        0.10927376991679509,
        0.12254265838998014,
        0.13620444963212122,
        0.14992019895927522,
        0.15851692088654507,
        0.12228362938329401,
        0.16826594800472555
    ],
    "setting": {
        "algorithm": "sync_mra",
        "dimension": 5,
        "samples": 25,
        "sigma": 0.25,
        "signal": [
            0.8804509063256238,
            0.4402254531628119,
            0.0,
            0.0,
            0.1760901812651248
        ]
    },
    "timestamp": 1687207863.967861,
    "total_duration": 4.780897378921509,
    "wrong_samples": [
        4,
        1,
        3,
        14,
        1,
        1,
        0,
        7,
        2,
        2,
        9,
        2,
        3,
        0,
        2,
        1,
        4,
        5,
        2,
        4
    ]
}