{
    "reconstruction_errors": [
        0.14353239347380037,
        0.37918923605548843,
        0.13695309174379044,
        0.32217003265391275,
        0.10716751864376063,
        0.11296709463468774,
        0.11572570192108918,
        0.07841158273536342,
        0.1435612374386917,
        0.43921560396470694,
        0.12148070980192897,
        0.17139893996210212,
        0.661490562455328,
        0.12945473831111326,
        0.3444596283100284,
        0.16785335742437288,
        0.20662728572436742,
        0.15387255824082424,
        0.13227702369574337,
        0.12057742844837979
    ],
    "setting": {
        "algorithm": "sync_mra",
        "dimension": 15,
        "samples": 100,
        "sigma": 0.3,
        "signal": [
            0.8804509063256238,
            0.4402254531628119,
            0.0,
            0.0,
            0.1760901812651248,
            0.0,
            0.0,
            0.0,
            0.0,
            0.0,
            0.0,
            0.0,
            0.0,
            0.0,
            0.0
        ]
    },
    "timestamp": 1687207917.46082,
    "total_duration": 22.613269329071045,
    "wrong_samples": [
        17,
        36,
        14,
        28,
        16,
        14,
        14,
        12,
        9,
        40,
        17,
        12,
        56,
        11,
        27,
        9,
        26,
        8,
        15,
        17
    ]
}