{
    "reconstruction_errors": [
        0.07488029497841958,
        0.06378445111372331,
        0.12135919214653611,
        0.10187385826073092,
        0.1530344035897086,
        0.08394366716875029,
        0.13931759497497145,
        0.1272485782257971,
        0.1083657729379133,
        0.5258190851996242,
        0.09948679283508381,
        0.14011553731386012,
        0.07017893070918443,
        0.08738293692223927,
        0.10119589832004074,
        0.12438824380413593,
        0.08912278044664594,
        0.15010828580263066,
        0.11695049668435925,
        0.11585213267956189
    ],
    "setting": {
        "algorithm": "sync_mra",
        "dimension": 10,
        "samples": 100,
        "sigma": 0.3,
        "signal": [
            0.8804509063256238,
            0.4402254531628119,
            0.0,
            0.0,
            0.1760901812651248,
            0.0,
            0.0,
            0.0,
            0.0,
            0.0
        ]
    },
    "timestamp": 1687207872.95103,
    "total_duration": 35.66917014122009,
    "wrong_samples": [
        10,
        11,
        9,
        13,
        16,
        8,
        13,
        19,
        14,
        50,
        4,
        17,
        6,
        8,
        8,
        11,
        8,
        14,
        10,
        21
    ]
}