{
    "reconstruction_errors": [
        0.4907890420456348,
        0.2767633742928013,
        0.5961864536704797,
        0.25325091441001285,
        0.5547317916278717,
        0.7342836086812826,
        0.2588634545995765,
        0.5314809385362979,
        0.17968784405945526,
        0.7859468585709994,
        0.20206892022837025,
        0.31597514299914053,
        0.46949600001793723,
        0.2697381297888129,
        0.1339280970537267,
        0.32851554629204976,
        0.1879080843286658,
        0.24978985038686913,
        0.2098439680579863,
        0.23824866396862376
    ],
    "setting": {
        "algorithm": "sync_mra",
        "dimension": 10,
        "samples": 100,
        "sigma": 0.4,
        "signal": [
            0.8804509063256238,
            0.4402254531628119,
            0.0,
            0.0,
            0.1760901812651248,
            0.0,
            0.0,
            0.0,
            0.0,
            0.0
        ]
    },
    "timestamp": 1687207871.8137493,
    "total_duration": 36.69005227088928,
    "wrong_samples": [
        57,
        36,
        57,
        36,
        61,
        60,
        25,
        61,
        32,
        76,
        28,
        38,
        44,
        45,
        30,
        45,
        27,
        36,
        30,
        36
    ]
}