{
    "reconstruction_errors": [
        0.5664781686620725,
        0.47620009438336175,
        0.8401700316497421,
        0.6411618855336217,
        0.7861666101078801,
        0.36763267133380895,
        0.7949739924615814,
        0.7053148357852955,
        0.752984723872588,
        0.5661678572054097,
        0.9655504748488761,
        0.4941023106887558,
        0.307217450270341,
        0.7496746835899857,
        0.7455083935542942,
        0.9411272562208902,
        1.0033703241543919,
        0.7037747393843929,
        0.9914461183708176,
        0.45820273435224185
    ],
    "setting": {
        "algorithm": "sync_mra",
        "dimension": 15,
        "samples": 25,
        "sigma": 0.4,
        "signal": [
            0.8804509063256238,
            0.4402254531628119,
            0.0,
            0.0,
            0.1760901812651248,
            0.0,
            0.0,
            0.0,
            0.0,
            0.0,
            0.0,
            0.0,
            0.0,
            0.0,
            0.0
        ]
    },
    "timestamp": 1687207878.6612432,
    "total_duration": 4.951589584350586,
    "wrong_samples": [
        10,
        12,
        16,
        13,
        18,
        7,
        19,
        12,
        16,
        13,
        18,
        10,
        9,
        15,
        13,
        14,
        18,
        14,
        19,
        7
    ]
}