{
    "reconstruction_errors": [
        0.6543911492315552,
        0.627478107525177,
        1.0335894457868577,
        0.546195236514933,
        0.34341236751750187,
        0.5707903513731818,
        0.397544662068919,
        0.35444465902408256,
        0.4273054340910901,
        0.808879115262958,
        0.5526561162716375,
        0.6366442739016435,
        0.9332948871176577,
        0.5995542615615549,
        0.9165931182737295,
        0.45458905580755005,
        0.5968599289276173,
        0.3769150786249146,
        0.6568782423461006,
        0.8735094749774828
    ],
    "setting": {
        "algorithm": "sync_mra",
        "dimension": 10,
        "samples": 70,
        "sigma": 0.5,
        "signal": [
            0.8804509063256238,
            0.4402254531628119,
            0.0,
            0.0,
            0.1760901812651248,
            0.0,
            0.0,
            0.0,
            0.0,
            0.0
        ]
    },
    "timestamp": 1687207886.5011866,
    "total_duration": 18.21360206604004,
    "wrong_samples": [
        42,
        44,
        56,
        43,
        35,
        42,
        33,
        26,
        26,
        48,
        37,
        40,
        53,
        44,
        54,
        44,
        39,
        38,
        46,
        52
    ]
}