{
    "reconstruction_errors": [
        1.0819220659881472,
        0.5486651586013,
        0.7660536538397255,
        0.5919825699420255,
        0.6958080532500512,
        0.5192883946081754,
        0.6285202799695964,
        0.8938861453230745,
        0.603787806011781,
        0.8248242812160643,
        0.8870574577496969,
        0.8195686651161969,
        0.9279144319533262,
        0.8350838804577441,
        0.7319278339596318,
        0.7947043302687035,
        0.5443954712100595,
        0.7263081668818535,
        0.9488750302668981,
        0.40234314526866277
    ],
    "setting": {
        "algorithm": "sync_mra",
        "dimension": 15,
        "samples": 70,
        "sigma": 0.5,
        "signal": [
            0.8804509063256238,
            0.4402254531628119,
            0.0,
            0.0,
            0.1760901812651248,
            0.0,
            0.0,
            0.0,
            0.0,
            0.0,
            0.0,
            0.0,
            0.0,
            0.0,
            0.0
        ]
    },
    "timestamp": 1687207911.5625036,
    "total_duration": 15.205068349838257,
    "wrong_samples": [
        59,
        48,
        54,
        47,
        49,
        40,
        42,
        53,
        43,
        49,
        51,
        48,
        50,
        48,
        46,
        46,
        44,
        51,
        54,
        34
    ]
}