{
    "reconstruction_errors": [
        0.7833935322407182,
        0.7578345322658329,
        0.8039591952312625,
        0.7528920982636934,
        0.7528920982636934,
        0.7637362262298508,
        0.7580799900523885,
        0.7839632960875166,
        0.8098004347899836,
        0.6553015756419023,
        0.7739799488619263,
        0.7868216901516017,
        0.8389583796534233,
        0.8134985217941335,
        0.8222789281374749,
        0.7409861436736042,
        0.74219034730176,
        0.6766813684583052,
        0.8113611876003104,
        0.6858571279792898
    ],
    "setting": {
        "algorithm": "best_apriori",
        "dimension": 10,
        "samples": 25,
        "sigma": 0.0,
        "signal": [
            0.8804509063256238,
            0.4402254531628119,
            0.0,
            0.0,
            0.1760901812651248,
            0.0,
            0.0,
            0.0,
            0.0,
            0.0
        ]
    },
    "timestamp": 1684790114.7122538,
    "total_duration": 0.2845745086669922,
    "wrong_samples": [
        18,
        18,
        19,
        18,
        18,
        18,
        18,
        18,
        19,
        15,
        18,
        18,
        20,
        19,
        19,
        17,
        17,
        16,
        19,
        16
    ]
}