{
    "reconstruction_errors": [
        0.8037623127533575,
        0.7554537250182075,
        0.8046770417947317,
        0.7499786423157381,
        0.7495481948750438,
        0.8083490923004364,
        0.8226138590768991,
        0.8002392459850646,
        0.7898501837481381,
        0.7292084592629132,
        0.7724614716616671,
        0.8029332398722954,
        0.821416774916499,
        0.8023103800242379,
        0.8362647381236863,
        0.7932099920205415,
        0.8111897391563294,
        0.7633430499640986,
        0.7923678815260637,
        0.8250718473170974
    ],
    "setting": {
        "algorithm": "best_apriori",
        "dimension": 10,
        "samples": 70,
        "sigma": 0.0,
        "signal": [
            0.8804509063256238,
            0.4402254531628119,
            0.0,
            0.0,
            0.1760901812651248,
            0.0,
            0.0,
            0.0,
            0.0,
            0.0
        ]
    },
    "timestamp": 1684790116.7835,
    "total_duration": 2.0578012466430664,
    "wrong_samples": [
        52,
        50,
        53,
        49,
        49,
        52,
        54,
        52,
        52,
        48,
        51,
        53,
        53,
        53,
        54,
        51,
        53,
        51,
        52,
        54
    ]
}