{
    "reconstruction_errors": [
        0.6996665872637721,
        0.7003266126180593,
        0.6884304134104821,
        0.6762241268746938,
        0.6872763906968596,
        0.6938880458366745,
        0.6343952745261314,
        0.6697841836839523,
        0.7122265557157123,
        0.6318558858356206,
        0.706923677118908,
        0.7122319977399579,
        0.6814746891396514,
        0.6998925720445252,
        0.7063565210881265,
        0.6633471620232813,
        0.6517121160225141,
        0.6875729700528425,
        0.7199773898258648,
        0.654703909643379
    ],
    "setting": {
        "algorithm": "best_apriori",
        "dimension": 5,
        "samples": 100,
        "sigma": 0.0,
        "signal": [
            0.8804509063256238,
            0.4402254531628119,
            0.0,
            0.0,
            0.1760901812651248
        ]
    },
    "timestamp": 1684790113.1771939,
    "total_duration": 5.427879571914673,
    "wrong_samples": [
        78,
        76,
        74,
        70,
        76,
        77,
        73,
        72,
        77,
        70,
        73,
        77,
        73,
        74,
        77,
        76,
        75,
        75,
        73,
        73
    ]
}