{
    "reconstruction_errors": [
        0.8815745251598714,
        0.8625076114707402,
        0.8814179907504752,
        0.8742465194349853,
        0.8586161572124978,
        0.8687815579009703,
        0.8587416429301222,
        0.8478984508452274,
        0.893656368760586,
        0.8348494735045671,
        0.8630925107834865,
        0.8662813693325704,
        0.8449072239330562,
        0.8696894215307442,
        0.8877809632784935,
        0.8784553038887253,
        0.8842716969961931,
        0.8826317237046959,
        0.8377045047087321,
        0.8854692620037627
    ],
    "setting": {
        "algorithm": "best_apriori",
        "dimension": 15,
        "samples": 100,
        "sigma": 0.0,
        "signal": [
            0.8804509063256238,
            0.4402254531628119,
            0.0,
            0.0,
            0.1760901812651248,
            0.0,
            0.0,
            0.0,
            0.0,
            0.0,
            0.0,
            0.0,
            0.0,
            0.0,
            0.0
        ]
    },
    "timestamp": 1684790116.2626977,
    "total_duration": 3.8419857025146484,
    "wrong_samples": [
        88,
        87,
        90,
        89,
        88,
        87,
        89,
        86,
        90,
        85,
        88,
        89,
        88,
        89,
        90,
        90,
        90,
        90,
        87,
        89
    ]
}