{
    "reconstruction_errors": [
        1.3597399555105182e-16,
        1.3597399555105182e-16,
        1.3597399555105182e-16,
        1.3597399555105182e-16,
        1.3597399555105182e-16,
        1.3597399555105182e-16,
        1.3597399555105182e-16,
        1.3597399555105182e-16,
        1.3597399555105182e-16,
        1.3597399555105182e-16,
        1.3597399555105182e-16,
        1.3597399555105182e-16,
        1.3597399555105182e-16,
        1.3597399555105182e-16,
        1.3597399555105182e-16,
        1.3597399555105182e-16,
        1.3597399555105182e-16,
        1.3597399555105182e-16,
        1.3597399555105182e-16,
        1.3597399555105182e-16
    ],
    "setting": {
        "algorithm": "stupid_solution",
        "dimension": 15,
        "samples": 15,
        "sigma": 0.0,
        "signal": [
            0.8804509063256238,
            0.4402254531628119,
            0.0,
            0.0,
            0.1760901812651248,
            0.0,
            0.0,
            0.0,
            0.0,
            0.0,
            0.0,
            0.0,
            0.0,
            0.0,
            0.0
        ]
    },
    "timestamp": 1685192148.0798779,
    "total_duration": 0.24175500869750977,
    "wrong_samples": [
        0,
        0,
        0,
        0,
        0,
        0,
        0,
        0,
        0,
        0,
        0,
        0,
        0,
        0,
        0,
        0,
        0,
        0,
        0,
        0
    ]
}