{
    "reconstruction_errors": [
        0.6558077824275079,
        0.6728607989781062,
        0.6724445083668835,
        0.6724515662869263,
        0.6725456648098688,
        0.6646901565928868,
        0.7002248378941297,
        0.6285085038472602,
        0.7342029332277689,
        0.628973997735645,
        0.7085818775352174,
        0.6573041354406126,
        0.6465441212659452,
        0.6999627083428921,
        0.6998655146876064,
        0.6563479230623123,
        0.6831323669121432,
        0.6414664420916303,
        0.6471066633076805,
        0.6828868433005906
    ],
    "setting": {
        "algorithm": "best_apriori",
        "dimension": 5,
        "samples": 70,
        "sigma": 0.0,
        "signal": [
            0.8804509063256238,
            0.4402254531628119,
            0.0,
            0.0,
            0.1760901812651248
        ]
    },
    "timestamp": 1684790113.179188,
    "total_duration": 3.290832996368408,
    "wrong_samples": [
        53,
        50,
        51,
        50,
        53,
        52,
        52,
        50,
        55,
        49,
        51,
        50,
        49,
        52,
        53,
        52,
        51,
        51,
        46,
        53
    ]
}