{
    "reconstruction_errors": [
        0.8200567428763629,
        0.8673046967907636,
        0.8629949386526603,
        0.8509428547116892,
        0.8353836391029044,
        0.8327859241392953,
        0.8417837406459493,
        0.8313965434499487,
        0.8605873487014272,
        0.8174712004445914,
        0.867838603379646,
        0.8626621856275074,
        0.8703009117005917,
        0.857240195175829,
        0.8565343350314449,
        0.8423429129081552,
        0.8651834743296004,
        0.8047566503864858,
        0.8751566311828206,
        0.8382656217214527
    ],
    "setting": {
        "algorithm": "best_apriori",
        "dimension": 15,
        "samples": 45,
        "sigma": 0.0,
        "signal": [
            0.8804509063256238,
            0.4402254531628119,
            0.0,
            0.0,
            0.1760901812651248,
            0.0,
            0.0,
            0.0,
            0.0,
            0.0,
            0.0,
            0.0,
            0.0,
            0.0,
            0.0
        ]
    },
    "timestamp": 1684790115.2873833,
    "total_duration": 1.2668650150299072,
    "wrong_samples": [
        36,
        39,
        40,
        39,
        38,
        38,
        39,
        38,
        39,
        37,
        39,
        39,
        40,
        40,
        40,
        39,
        39,
        37,
        39,
        37
    ]
}