{
    "reconstruction_errors": [
        0.8246420150936459,
        0.77746025264604,
        0.8255189164891872,
        0.8455996450389052,
        0.7974550389773415,
        0.8068611890944062,
        0.8111199603071134,
        0.8029660777167515,
        0.845518153240418,
        0.7175419809330867,
        0.8016778271233975,
        0.835516520062385,
        0.8175086626065149,
        0.7788328023538779,
        0.8145109448264234,
        0.749251708245203,
        0.8365055899796386,
        0.790076261869281,
        0.8217961044013912,
        0.8136221794040894
    ],
    "setting": {
        "algorithm": "best_apriori",
        "dimension": 15,
        "samples": 15,
        "sigma": 0.0,
        "signal": [
            0.8804509063256238,
            0.4402254531628119,
            0.0,
            0.0,
            0.1760901812651248,
            0.0,
            0.0,
            0.0,
            0.0,
            0.0,
            0.0,
            0.0,
            0.0,
            0.0,
            0.0
        ]
    },
    "timestamp": 1684790119.1049433,
    "total_duration": 0.13007354736328125,
    "wrong_samples": [
        12,
        11,
        12,
        12,
        12,
        12,
        12,
        12,
        13,
        11,
        12,
        12,
        12,
        12,
        12,
        12,
        13,
        12,
        11,
        12
    ]
}