{
    "reconstruction_errors": [
        0.6093852381345578,
        0.6342929098248776,
        0.6610675004977741,
        0.6884080453503234,
        0.6894415831828584,
        0.6756953932970986,
        0.6647920816460686,
        0.6630045844147113,
        0.7291898708419774,
        0.6610675004977742,
        0.6891583480117751,
        0.6636682499451526,
        0.6479071780432277,
        0.6634490252110542,
        0.6762730221572169,
        0.6621032444322282,
        0.6634490252110541,
        0.6643082026254183,
        0.7182831691421079,
        0.622462116914733
    ],
    "setting": {
        "algorithm": "best_apriori",
        "dimension": 5,
        "samples": 45,
        "sigma": 0.0,
        "signal": [
            0.8804509063256238,
            0.4402254531628119,
            0.0,
            0.0,
            0.1760901812651248
        ]
    },
    "timestamp": 1684790113.1722107,
    "total_duration": 2.334455966949463,
    "wrong_samples": [
        33,
        31,
        32,
        33,
        34,
        34,
        31,
        31,
        35,
        32,
        34,
        33,
        34,
        32,
        33,
        32,
        32,
        32,
        32,
        33
    ]
}