{
    "reconstruction_errors": [
        0.622462116914733,
        0.6231259586784872,
        0.6641295391630876,
        0.6232365302273439,
        0.5564127753493091,
        0.6344136033811371,
        0.5951280813801351,
        0.7035286966753029,
        0.7028427572578392,
        0.6665116098750202,
        0.6649072390343191,
        0.6649072390343191,
        0.6611659369705639,
        0.5108301665788679,
        0.5881400338329906,
        0.6618430144003896,
        0.7035286966753029,
        0.622462116914733,
        0.5785127505802955,
        0.5785127505802956
    ],
    "setting": {
        "algorithm": "best_apriori",
        "dimension": 5,
        "samples": 15,
        "sigma": 0.0,
        "signal": [
            0.8804509063256238,
            0.4402254531628119,
            0.0,
            0.0,
            0.1760901812651248
        ]
    },
    "timestamp": 1684790113.180184,
    "total_duration": 1.2983272075653076,
    "wrong_samples": [
        11,
        10,
        11,
        10,
        10,
        9,
        10,
        11,
        11,
        11,
        10,
        10,
        11,
        9,
        10,
        10,
        11,
        11,
        10,
        10
    ]
}