{
    "reconstruction_errors": [
        2.255044439730636e-15,
        2.255044439730636e-15,
        2.255044439730636e-15,
        2.255044439730636e-15,
        2.255044439730636e-15,
        2.255044439730636e-15,
        2.255044439730636e-15,
        2.255044439730636e-15,
        2.255044439730636e-15,
        2.255044439730636e-15,
        2.255044439730636e-15,
        2.255044439730636e-15,
        2.255044439730636e-15,
        2.255044439730636e-15,
        2.255044439730636e-15,
        2.255044439730636e-15,
        2.255044439730636e-15,
        2.255044439730636e-15,
        2.255044439730636e-15,
        2.255044439730636e-15
    ],
    "setting": {
        "algorithm": "stupid_solution",
        "dimension": 10,
        "samples": 100,
        "sigma": 0.0,
        "signal": [
            0.8804509063256238,
            0.4402254531628119,
            0.0,
            0.0,
            0.1760901812651248,
            0.0,
            0.0,
            0.0,
            0.0,
            0.0
        ]
    },
    "timestamp": 1685192154.0368543,
    "total_duration": 3.8958582878112793,
    "wrong_samples": [
        0,
        0,
        0,
        0,
        0,
        0,
        0,
        0,
        0,
        0,
        0,
        0,
        0,
        0,
        0,
        0,
        0,
        0,
        0,
        0
    ]
}