{
    "reconstruction_errors": [
        0.7432086365373299,
        0.7705707683430426,
        0.8303460669323001,
        0.8111718736458531,
        0.7627212515275952,
        0.7613850202161023,
        0.8170964843594715,
        0.7850259048949345,
        0.8117002568185638,
        0.7070512878078749,
        0.7762085806937816,
        0.7559050719164854,
        0.8195571025785956,
        0.7803844592872554,
        0.8313320787566619,
        0.7795550016350467,
        0.7899745050527657,
        0.7000922788935814,
        0.809792682086329,
        0.8150747373386091
    ],
    "setting": {
        "algorithm": "best_apriori",
        "dimension": 10,
        "samples": 45,
        "sigma": 0.0,
        "signal": [
            0.8804509063256238,
            0.4402254531628119,
            0.0,
            0.0,
            0.1760901812651248,
            0.0,
            0.0,
            0.0,
            0.0,
            0.0
        ]
    },
    "timestamp": 1684790115.2499993,
    "total_duration": 0.8203248977661133,
    "wrong_samples": [
        31,
        33,
        35,
        34,
        32,
        32,
        34,
        33,
        34,
        30,
        33,
        32,
        34,
        33,
        35,
        33,
        33,
        30,
        34,
        34
    ]
}