{
    "reconstruction_errors": [
        0.8261276061877041,
        0.7969048653014269,
        0.8326412630107981,
        0.7579449981067483,
        0.8191118275586745,
        0.8330070679134712,
        0.8310533150184173,
        0.8179052464974546,
        0.7997354213651202,
        0.8064565041111987,
        0.7999302295156893,
        0.8442996271852288,
        0.8117241674553048,
        0.8253803445553418,
        0.8158393214656992,
        0.7994581498323307,
        0.7874096478253058,
        0.8026342289152367,
        0.8321635200073408,
        0.787572071268313
    ],
    "setting": {
        "algorithm": "best_apriori",
        "dimension": 10,
        "samples": 100,
        "sigma": 0.0,
        "signal": [
            0.8804509063256238,
            0.4402254531628119,
            0.0,
            0.0,
            0.1760901812651248,
            0.0,
            0.0,
            0.0,
            0.0,
            0.0
        ]
    },
    "timestamp": 1684790118.6190267,
    "total_duration": 2.5292422771453857,
    "wrong_samples": [
        76,
        75,
        78,
        71,
        76,
        77,
        78,
        76,
        75,
        76,
        75,
        78,
        75,
        77,
        77,
        74,
        74,
        74,
        78,
        74
    ]
}