{
    "reconstruction_errors": [
        0.7193163564606567,
        0.7762184442621469,
        0.7758632768016578,
        0.7765734492860863,
        0.6255540180171207,
        0.7306740602051474,
        0.6839617076789164,
        0.7751968992186047,
        0.7610682007557209,
        0.6668733529734978,
        0.8074587692772228,
        0.7186934264144927,
        0.7824518103286933,
        0.722136747078752,
        0.8020215629424398,
        0.674220767561229,
        0.7051917717683989,
        0.704165042121576,
        0.7757744595296819,
        0.6783980725762033
    ],
    "setting": {
        "algorithm": "best_apriori",
        "dimension": 10,
        "samples": 15,
        "sigma": 0.0,
        "signal": [
            0.8804509063256238,
            0.4402254531628119,
            0.0,
            0.0,
            0.1760901812651248,
            0.0,
            0.0,
            0.0,
            0.0,
            0.0
        ]
    },
    "timestamp": 1684790114.5677202,
    "total_duration": 0.14851999282836914,
    "wrong_samples": [
        10,
        11,
        11,
        11,
        9,
        10,
        10,
        11,
        11,
        9,
        11,
        10,
        11,
        10,
        11,
        9,
        10,
        10,
        11,
        9
    ]
}