{
    "reconstruction_errors": [
        0.8775676499419562,
        0.8763391226406534,
        0.8715892232504822,
        0.8538456330813546,
        0.8653538058518756,
        0.8582901144614136,
        0.8516453453969788,
        0.8238456901912142,
        0.867787356658966,
        0.8254418308427595,
        0.8721626086249987,
        0.8505151662925572,
        0.8554782655371894,
        0.8542550096890648,
        0.8616768235641941,
        0.8463738411638715,
        0.8898965311213898,
        0.8714893866185449,
        0.8582219121522934,
        0.8629170587838301
    ],
    "setting": {
        "algorithm": "best_apriori",
        "dimension": 15,
        "samples": 70,
        "sigma": 0.0,
        "signal": [
            0.8804509063256238,
            0.4402254531628119,
            0.0,
            0.0,
            0.1760901812651248,
            0.0,
            0.0,
            0.0,
            0.0,
            0.0,
            0.0,
            0.0,
            0.0,
            0.0,
            0.0
        ]
    },
    "timestamp": 1684790115.43739,
    "total_duration": 2.504340648651123,
    "wrong_samples": [
        60,
        62,
        62,
        61,
        62,
        60,
        62,
        59,
        62,
        59,
        62,
        62,
        62,
        62,
        62,
        61,
        62,
        62,
        62,
        61
    ]
}