{
    "reconstruction_errors": [
        0.6234288779736409,
        0.5963194607128013,
        0.6720834204405045,
        0.6946618161088818,
        0.5994933261196621,
        0.6725446297977314,
        0.6014762201540912,
        0.6455188406571963,
        0.6936075784391468,
        0.6443842081801339,
        0.6478204364092395,
        0.7194657794168795,
        0.6936075784391468,
        0.6454804111979775,
        0.6005269004295603,
        0.6936075784391468,
        0.6700133054330819,
        0.5713359836397061,
        0.6936075784391468,
        0.6457685763983612
    ],
    "setting": {
        "algorithm": "best_apriori",
        "dimension": 5,
        "samples": 25,
        "sigma": 0.0,
        "signal": [
            0.8804509063256238,
            0.4402254531628119,
            0.0,
            0.0,
            0.1760901812651248
        ]
    },
    "timestamp": 1684790113.1692207,
    "total_duration": 1.561969518661499,
    "wrong_samples": [
        18,
        17,
        18,
        19,
        18,
        17,
        18,
        17,
        19,
        17,
        17,
        19,
        19,
        17,
        16,
        19,
        18,
        16,
        19,
        19
    ]
}