{
    "reconstruction_errors": [
        0.8565877863120128,
        0.7903605300379445,
        0.8135137682687311,
        0.8551530984013485,
        0.805223258558787,
        0.8264165663182651,
        0.8631365194236603,
        0.7888997342487031,
        0.8647157529115179,
        0.8207238249857407,
        0.8597097040244448,
        0.8298762399559412,
        0.8480895082203814,
        0.8032492155773209,
        0.83277066275427,
        0.8002325243473023,
        0.8780951900509976,
        0.8083594257756324,
        0.8556026028206603,
        0.8453355831041395
    ],
    "setting": {
        "algorithm": "best_apriori",
        "dimension": 15,
        "samples": 25,
        "sigma": 0.0,
        "signal": [
            0.8804509063256238,
            0.4402254531628119,
            0.0,
            0.0,
            0.1760901812651248,
            0.0,
            0.0,
            0.0,
            0.0,
            0.0,
            0.0,
            0.0,
            0.0,
            0.0,
            0.0
        ]
    },
    "timestamp": 1684790114.8702338,
    "total_duration": 0.4066770076751709,
    "wrong_samples": [
        21,
        20,
        21,
        21,
        20,
        21,
        22,
        20,
        21,
        21,
        21,
        20,
        22,
        21,
        20,
        21,
        21,
        20,
        21,
        21
    ]
}