{
    "reconstruction_errors": [
        0.06431737106122953,
        0.058446529578109724,
        0.06453710912146463,
        0.06730617852592582,
        0.05202748499111596,
        0.05631895148124601,
        0.055591113879865255,
        0.06684483563282265,
        0.058345429532443795,
        0.02944867182684657,
        0.05076770618523418,
        0.06469809157767913,
        0.04930111024950045,
        0.0611801253355933,
        0.08004508034482216,
        0.0661389839732006,
        0.0368336153332237,
        0.05302345740592824,
        0.05633083067657355,
        0.05765479392972874
    ],
    "setting": {
        "algorithm": "stupid_solution",
        "dimension": 15,
        "samples": 45,
        "sigma": 0.1,
        "signal": [
            0.8804509063256238,
            0.4402254531628119,
            0.0,
            0.0,
            0.1760901812651248,
            0.0,
            0.0,
            0.0,
            0.0,
            0.0,
            0.0,
            0.0,
            0.0,
            0.0,
            0.0
        ]
    },
    "timestamp": 1685192148.9503188,
    "total_duration": 1.6561400890350342,
    "wrong_samples": [
        0,
        0,
        0,
        0,
        0,
        0,
        0,
        0,
        0,
        0,
        0,
        0,
        0,
        0,
        0,
        0,
        0,
        0,
        0,
        0
    ]
}