{
    "reconstruction_errors": [
        0.020408397962611822,
        0.045507589770058726,
        0.03072315122302832,
        0.028602478372809843,
        0.02381892266524612,
        0.011840279714769822,
        0.03128335934945738,
        0.02624008895821471,
        0.023758653833355087,
        0.038655937551854556,
        0.05764156683801182,
        0.02114561419459399,
        0.026850896463350375,
        0.04546816575099915,
        0.01721482604059738,
        0.012530369663380475,
        0.013961394349072998,
        0.03698590527074251,
        0.040135075971522396,
        0.03902562780477066
    ],
    "setting": {
        "algorithm": "stupid_solution",
        "dimension": 5,
        "samples": 45,
        "sigma": 0.1,
        "signal": [
            0.8804509063256238,
            0.4402254531628119,
            0.0,
            0.0,
            0.1760901812651248
        ]
    },
    "timestamp": 1685192146.362971,
    "total_duration": 2.855595111846924,
    "wrong_samples": [
        0,
        0,
        0,
        0,
        0,
        0,
        0,
        0,
        0,
        0,
        0,
        0,
        0,
        0,
        0,
        0,
        0,
        0,
        0,
        0
    ]
}