{
    "reconstruction_errors": [
        0.819226648536964,
        0.7594970634858748,
        0.8049575430816879,
        0.7377048954123284,
        0.7511936963615368,
        0.7966935136705794,
        0.8175042001423208,
        0.8201865640536838,
        0.7833764582581975,
        0.7434829074372504,
        0.7756773847315321,
        0.7890030371437411,
        0.8279737551356091,
        0.7919698478772066,
        0.8218610313926678,
        0.7830018428395384,
        0.8054656720891971,
        0.7658268308089574,
        0.7901360325860748,
        0.8273853787395545
    ],
    "setting": {
        "algorithm": "best_apriori",
        "dimension": 10,
        "samples": 70,
        "sigma": 0.1,
        "signal": [
            0.8804509063256238,
            0.4402254531628119,
            0.0,
            0.0,
            0.1760901812651248,
            0.0,
            0.0,
            0.0,
            0.0,
            0.0
        ]
    },
    "timestamp": 1684790116.7326686,
    "total_duration": 2.053309917449951,
    "wrong_samples": [
        52,
        50,
        53,
        49,
        49,
        52,
        54,
        52,
        52,
        48,
        51,
        53,
        53,
        53,
        54,
        51,
        53,
        51,
        52,
        54
    ]
}