{
    "reconstruction_errors": [
        0.8164169231328865,
        0.8584676813193818,
        0.8760646126499684,
        0.8549947411756487,
        0.8413309741928795,
        0.841444161928492,
        0.8402269613163748,
        0.8437496726082411,
        0.8745902152831609,
        0.7925081123441008,
        0.844039081409494,
        0.8596277021037584,
        0.8578145321839796,
        0.8634390802594784,
        0.8342684188873898,
        0.8348892911513667,
        0.8528082920727357,
        0.8089086454206783,
        0.8454839314962483,
        0.8459332866460891
    ],
    "setting": {
        "algorithm": "best_apriori",
        "dimension": 15,
        "samples": 45,
        "sigma": 0.1,
        "signal": [
            0.8804509063256238,
            0.4402254531628119,
            0.0,
            0.0,
            0.1760901812651248,
            0.0,
            0.0,
            0.0,
            0.0,
            0.0,
            0.0,
            0.0,
            0.0,
            0.0,
            0.0
        ]
    },
    "timestamp": 1684790115.302333,
    "total_duration": 1.0286450386047363,
    "wrong_samples": [
        36,
        39,
        40,
        39,
        38,
        38,
        39,
        38,
        39,
        37,
        39,
        39,
        40,
        40,
        40,
        39,
        39,
        37,
        39,
        37
    ]
}