{
    "reconstruction_errors": [
        0.6300676572409805,
        0.6330742016798377,
        0.6422433368728334,
        0.6769211732785202,
        0.6921682897866769,
        0.6808945095053016,
        0.6578606037740665,
        0.6527504778864974,
        0.7226190374708258,
        0.6827851548796144,
        0.7021984988821091,
        0.6415487492565736,
        0.6590525552732749,
        0.6881217867724982,
        0.6605350103737927,
        0.6595359309545481,
        0.6662137427751129,
        0.6693010687235947,
        0.7098579539579272,
        0.6205526869026357
    ],
    "setting": {
        "algorithm": "best_apriori",
        "dimension": 5,
        "samples": 45,
        "sigma": 0.1,
        "signal": [
            0.8804509063256238,
            0.4402254531628119,
            0.0,
            0.0,
            0.1760901812651248
        ]
    },
    "timestamp": 1684790113.185676,
    "total_duration": 2.114663600921631,
    "wrong_samples": [
        33,
        31,
        32,
        33,
        34,
        34,
        31,
        31,
        35,
        32,
        34,
        33,
        34,
        32,
        33,
        32,
        32,
        32,
        32,
        33
    ]
}