{
    "reconstruction_errors": [
        0.6972459124481017,
        0.6898923107874451,
        0.6866350858490314,
        0.6866275763625581,
        0.6857544199221379,
        0.6974820920534289,
        0.6234876319172697,
        0.6645692743554181,
        0.7112489949216235,
        0.6374589950665496,
        0.700947295130481,
        0.7183994866412438,
        0.6847745289198418,
        0.6858430591669437,
        0.6996727388432485,
        0.6710798930279281,
        0.6451865829188721,
        0.6800109885389621,
        0.723624203838807,
        0.6289564243856909
    ],
    "setting": {
        "algorithm": "best_apriori",
        "dimension": 5,
        "samples": 100,
        "sigma": 0.1,
        "signal": [
            0.8804509063256238,
            0.4402254531628119,
            0.0,
            0.0,
            0.1760901812651248
        ]
    },
    "timestamp": 1684790113.1742039,
    "total_duration": 5.094957590103149,
    "wrong_samples": [
        78,
        76,
        74,
        70,
        76,
        77,
        73,
        72,
        77,
        70,
        73,
        77,
        73,
        74,
        77,
        76,
        75,
        75,
        73,
        73
    ]
}