{
    "reconstruction_errors": [
        0.7953973364353701,
        0.7250510412355458,
        0.8007770775312747,
        0.7759225032129954,
        0.752380750937033,
        0.7587247913463333,
        0.7294226994297743,
        0.7626859270562352,
        0.8103241990096114,
        0.5920405749221984,
        0.7472092061530499,
        0.806550568616423,
        0.8465642406019123,
        0.8305146883017857,
        0.8261505400551625,
        0.7119329430573162,
        0.7229337985479782,
        0.6623128883927482,
        0.8193957311160958,
        0.6914329441082342
    ],
    "setting": {
        "algorithm": "best_apriori",
        "dimension": 10,
        "samples": 25,
        "sigma": 0.1,
        "signal": [
            0.8804509063256238,
            0.4402254531628119,
            0.0,
            0.0,
            0.1760901812651248,
            0.0,
            0.0,
            0.0,
            0.0,
            0.0
        ]
    },
    "timestamp": 1684790114.7954838,
    "total_duration": 0.3573312759399414,
    "wrong_samples": [
        18,
        18,
        19,
        18,
        18,
        18,
        18,
        18,
        19,
        15,
        18,
        18,
        20,
        19,
        19,
        17,
        17,
        16,
        19,
        16
    ]
}