{
    "reconstruction_errors": [
        0.8705561202940542,
        0.8605147044770041,
        0.885213164410702,
        0.8734998167692977,
        0.8584754000503187,
        0.8641408109114699,
        0.8577244378859227,
        0.860903654721854,
        0.8887981776183154,
        0.8315277577086116,
        0.8530995238650496,
        0.8604534895239321,
        0.8510016206408952,
        0.8803992178108795,
        0.8834774941562812,
        0.8633251520636193,
        0.8752880254206701,
        0.8854689090659749,
        0.8254123759622859,
        0.873367748210291
    ],
    "setting": {
        "algorithm": "best_apriori",
        "dimension": 15,
        "samples": 100,
        "sigma": 0.1,
        "signal": [
            0.8804509063256238,
            0.4402254531628119,
            0.0,
            0.0,
            0.1760901812651248,
            0.0,
            0.0,
            0.0,
            0.0,
            0.0,
            0.0,
            0.0,
            0.0,
            0.0,
            0.0
        ]
    },
    "timestamp": 1684790116.0723174,
    "total_duration": 3.7094147205352783,
    "wrong_samples": [
        88,
        87,
        90,
        89,
        88,
        87,
        89,
        86,
        90,
        85,
        88,
        89,
        88,
        89,
        90,
        90,
        90,
        90,
        87,
        89
    ]
}