{
    "reconstruction_errors": [
        0.5771571514409448,
        0.6054373143555334,
        0.7152365249585915,
        0.6895187761538883,
        0.6364423337451944,
        0.6904569261599989,
        0.5881313796967864,
        0.671314544952634,
        0.6913934500952035,
        0.6209783030049322,
        0.6290679592311793,
        0.7213409401248551,
        0.7003932582050477,
        0.6680895082551143,
        0.5940389802214178,
        0.6808835207103345,
        0.6251362919337646,
        0.4981337373454722,
        0.7062278754605076,
        0.6452635125606878
    ],
    "setting": {
        "algorithm": "best_apriori",
        "dimension": 5,
        "samples": 25,
        "sigma": 0.1,
        "signal": [
            0.8804509063256238,
            0.4402254531628119,
            0.0,
            0.0,
            0.1760901812651248
        ]
    },
    "timestamp": 1684790113.1622415,
    "total_duration": 1.6108100414276123,
    "wrong_samples": [
        18,
        17,
        18,
        19,
        18,
        17,
        18,
        17,
        19,
        17,
        17,
        19,
        19,
        17,
        16,
        19,
        18,
        16,
        19,
        19
    ]
}