{
    "reconstruction_errors": [
        0.7265028197287902,
        0.7441908193795858,
        0.8136953164467645,
        0.8015949674091677,
        0.7725086797685188,
        0.8069321275499651,
        0.8294001697973207,
        0.8121721600677752,
        0.8258708872719763,
        0.7403293272362241,
        0.7556265112060959,
        0.774642566390656,
        0.8095955695296722,
        0.7853612797759938,
        0.8393574027405871,
        0.7784455099291746,
        0.791750061516776,
        0.7230585359486349,
        0.7732969271904668,
        0.7895989208850753
    ],
    "setting": {
        "algorithm": "best_apriori",
        "dimension": 10,
        "samples": 45,
        "sigma": 0.1,
        "signal": [
            0.8804509063256238,
            0.4402254531628119,
            0.0,
            0.0,
            0.1760901812651248,
            0.0,
            0.0,
            0.0,
            0.0,
            0.0
        ]
    },
    "timestamp": 1684790115.2230895,
    "total_duration": 1.0296416282653809,
    "wrong_samples": [
        31,
        33,
        35,
        34,
        32,
        32,
        34,
        33,
        34,
        30,
        33,
        32,
        34,
        33,
        35,
        33,
        33,
        30,
        34,
        34
    ]
}