{
    "reconstruction_errors": [
        0.858393263202853,
        0.7846651276049997,
        0.8004937303628645,
        0.8602056519073089,
        0.8021463866060897,
        0.8370729231538728,
        0.8437416583398349,
        0.786471781412845,
        0.8368699135436594,
        0.8351286286392217,
        0.8482330629462146,
        0.8225238182374327,
        0.8153956643992222,
        0.8062052026274636,
        0.8053522933165987,
        0.7829128394344502,
        0.8794357322146316,
        0.8142950131134395,
        0.8636770201847492,
        0.8537183931180143
    ],
    "setting": {
        "algorithm": "best_apriori",
        "dimension": 15,
        "samples": 25,
        "sigma": 0.1,
        "signal": [
            0.8804509063256238,
            0.4402254531628119,
            0.0,
            0.0,
            0.1760901812651248,
            0.0,
            0.0,
            0.0,
            0.0,
            0.0,
            0.0,
            0.0,
            0.0,
            0.0,
            0.0
        ]
    },
    "timestamp": 1684790115.1278985,
    "total_duration": 0.29952502250671387,
    "wrong_samples": [
        21,
        20,
        21,
        21,
        20,
        21,
        22,
        20,
        21,
        21,
        21,
        20,
        22,
        21,
        20,
        21,
        21,
        20,
        21,
        21
    ]
}