{
    "reconstruction_errors": [
        0.790054658612963,
        0.7861454995584127,
        0.8396165657669471,
        0.8316619876532847,
        0.7416286166880456,
        0.7587220493789296,
        0.7948884081917398,
        0.808518406902468,
        0.8336840312220919,
        0.7213812414634386,
        0.8170909320620398,
        0.834277568459388,
        0.816616758234635,
        0.7876878916457106,
        0.7882394519799238,
        0.7753924743453657,
        0.874302088509427,
        0.8085210056357643,
        0.817564350935099,
        0.8403744697804332
    ],
    "setting": {
        "algorithm": "best_apriori",
        "dimension": 15,
        "samples": 15,
        "sigma": 0.1,
        "signal": [
            0.8804509063256238,
            0.4402254531628119,
            0.0,
            0.0,
            0.1760901812651248,
            0.0,
            0.0,
            0.0,
            0.0,
            0.0,
            0.0,
            0.0,
            0.0,
            0.0,
            0.0
        ]
    },
    "timestamp": 1684790118.7361436,
    "total_duration": 0.17044711112976074,
    "wrong_samples": [
        12,
        11,
        12,
        12,
        12,
        12,
        12,
        12,
        13,
        11,
        12,
        12,
        12,
        12,
        12,
        12,
        13,
        12,
        11,
        12
    ]
}