{
    "reconstruction_errors": [
        0.6580185507511496,
        0.665158275627268,
        0.6477968136364074,
        0.6950373895584434,
        0.6603481000745516,
        0.6491447858600186,
        0.6811618200215122,
        0.6370825355376496,
        0.713596981747103,
        0.622304576087989,
        0.7003718643694534,
        0.6454934239618233,
        0.6397022435604097,
        0.7118388841752051,
        0.6991851741199855,
        0.6616298976858814,
        0.6890095661319682,
        0.6348589019049018,
        0.6561366404753158,
        0.6813526143725402
    ],
    "setting": {
        "algorithm": "best_apriori",
        "dimension": 5,
        "samples": 70,
        "sigma": 0.1,
        "signal": [
            0.8804509063256238,
            0.4402254531628119,
            0.0,
            0.0,
            0.1760901812651248
        ]
    },
    "timestamp": 1684790113.167225,
    "total_duration": 3.7329013347625732,
    "wrong_samples": [
        53,
        50,
        51,
        52,
        53,
        52,
        52,
        50,
        55,
        49,
        51,
        50,
        49,
        52,
        53,
        52,
        51,
        51,
        46,
        53
    ]
}