{
    "reconstruction_errors": [
        0.6104247126356854,
        0.648169396784821,
        0.6795284559709522,
        0.5692966691051045,
        0.5836073326481743,
        0.6580934772624271,
        0.5827476859088161,
        0.6979670990215037,
        0.6984240708637554,
        0.6555047031746074,
        0.6280206894196183,
        0.6798863271115457,
        0.6505759963888244,
        0.5597890954583832,
        0.6295515599892132,
        0.666203898964864,
        0.7237381265809216,
        0.638395311367486,
        0.6218298934917458,
        0.5659126322843707
    ],
    "setting": {
        "algorithm": "best_apriori",
        "dimension": 5,
        "samples": 15,
        "sigma": 0.1,
        "signal": [
            0.8804509063256238,
            0.4402254531628119,
            0.0,
            0.0,
            0.1760901812651248
        ]
    },
    "timestamp": 1684790113.1582549,
    "total_duration": 1.355644941329956,
    "wrong_samples": [
        11,
        10,
        11,
        10,
        10,
        9,
        10,
        11,
        11,
        11,
        10,
        10,
        11,
        9,
        10,
        10,
        11,
        11,
        10,
        10
    ]
}