{
    "reconstruction_errors": [
        0.738369395613835,
        0.7717295376481103,
        0.7987997893964519,
        0.7771639776775741,
        0.5990759600170149,
        0.7210784825534544,
        0.6880814243392066,
        0.7846983481983972,
        0.791011668289979,
        0.6705666576692707,
        0.8186711630253741,
        0.7115528553170662,
        0.7316740713629926,
        0.7032525397979993,
        0.797647305833156,
        0.6881628697567922,
        0.7038488777418309,
        0.6951289024774374,
        0.755868141603459,
        0.6662216854726197
    ],
    "setting": {
        "algorithm": "best_apriori",
        "dimension": 10,
        "samples": 15,
        "sigma": 0.1,
        "signal": [
            0.8804509063256238,
            0.4402254531628119,
            0.0,
            0.0,
            0.1760901812651248,
            0.0,
            0.0,
            0.0,
            0.0,
            0.0
        ]
    },
    "timestamp": 1684790114.4715345,
    "total_duration": 0.13954925537109375,
    "wrong_samples": [
        10,
        11,
        11,
        11,
        9,
        10,
        10,
        11,
        11,
        9,
        11,
        10,
        11,
        10,
        11,
        9,
        10,
        10,
        11,
        9
    ]
}