{
    "reconstruction_errors": [
        0.8707724840118463,
        0.875669214997178,
        0.8505990066509732,
        0.8492333609781378,
        0.868745209445902,
        0.8561772683741293,
        0.8443562436266432,
        0.815433655566928,
        0.8532203949525737,
        0.8221831147649172,
        0.8668019159583135,
        0.8417067522385727,
        0.8812211593552712,
        0.8616607718313407,
        0.8487643988499134,
        0.8493882249920742,
        0.8929427659066866,
        0.8669491233723705,
        0.8546674672319382,
        0.8640963287064208
    ],
    "setting": {
        "algorithm": "best_apriori",
        "dimension": 15,
        "samples": 70,
        "sigma": 0.1,
        "signal": [
            0.8804509063256238,
            0.4402254531628119,
            0.0,
            0.0,
            0.1760901812651248,
            0.0,
            0.0,
            0.0,
            0.0,
            0.0,
            0.0,
            0.0,
            0.0,
            0.0,
            0.0
        ]
    },
    "timestamp": 1684790115.51464,
    "total_duration": 2.352829933166504,
    "wrong_samples": [
        60,
        62,
        62,
        61,
        62,
        60,
        62,
        59,
        62,
        59,
        62,
        62,
        62,
        62,
        62,
        61,
        62,
        62,
        62,
        61
    ]
}