{
    "reconstruction_errors": [
        0.8144483964712277,
        0.7872519232559013,
        0.8401746035390295,
        0.7703204697669981,
        0.8272464363861883,
        0.8331874875051839,
        0.8423738638821042,
        0.8156684864081692,
        0.7809503993839896,
        0.7767861414543604,
        0.815636536527,
        0.8430131916545792,
        0.8040952468484055,
        0.8336219885646846,
        0.8255663699759065,
        0.8167671483204497,
        0.7755808308154876,
        0.8008596090230102,
        0.8392503938192556,
        0.7953878360329062
    ],
    "setting": {
        "algorithm": "best_apriori",
        "dimension": 10,
        "samples": 100,
        "sigma": 0.1,
        "signal": [
            0.8804509063256238,
            0.4402254531628119,
            0.0,
            0.0,
            0.1760901812651248,
            0.0,
            0.0,
            0.0,
            0.0,
            0.0
        ]
    },
    "timestamp": 1684790114.5178866,
    "total_duration": 4.585063934326172,
    "wrong_samples": [
        76,
        75,
        78,
        71,
        76,
        77,
        78,
        76,
        75,
        76,
        75,
        78,
        75,
        77,
        77,
        74,
        74,
        74,
        78,
        74
    ]
}