{
    "reconstruction_errors": [
        0.8504112721166514,
        0.8632723785509,
        0.8020048350876903,
        0.86254345636933,
        0.8571795727121526,
        0.8344719738526435,
        0.8360496533949253,
        0.8552684293092411,
        0.8557444672524704,
        0.8564323053934818,
        0.870954632355208,
        0.8096902257371851,
        0.8809632153551064,
        0.8642824709390514,
        0.8679902321778192,
        0.8538387205894573,
        0.8817104516407923,
        0.8760286973465164,
        0.8253241079073926,
        0.850678481969317
    ],
    "setting": {
        "algorithm": "best_apriori",
        "dimension": 15,
        "samples": 70,
        "sigma": 0.2,
        "signal": [
            0.8804509063256238,
            0.4402254531628119,
            0.0,
            0.0,
            0.1760901812651248,
            0.0,
            0.0,
            0.0,
            0.0,
            0.0,
            0.0,
            0.0,
            0.0,
            0.0,
            0.0
        ]
    },
    "timestamp": 1684790116.2168517,
    "total_duration": 2.214784622192383,
    "wrong_samples": [
        58,
        61,
        61,
        63,
        61,
        61,
        62,
        60,
        63,
        60,
        62,
        60,
        63,
        61,
        63,
        60,
        62,
        62,
        61,
        61
    ]
}