{
    "reconstruction_errors": [
        0.5176240998905092,
        0.5877847358561673,
        0.6809192393250396,
        0.6431605654534636,
        0.676297979840432,
        0.6752239255165646,
        0.5817736672084924,
        0.6782094302201119,
        0.6736588586525422,
        0.5889347135534769,
        0.6336307635646956,
        0.7164116842890225,
        0.6764591843052095,
        0.6920924966653088,
        0.5958504416995912,
        0.6700102193087931,
        0.5236349967061983,
        0.45373866958193987,
        0.7055853141554017,
        0.6657627667470757
    ],
    "setting": {
        "algorithm": "best_apriori",
        "dimension": 5,
        "samples": 25,
        "sigma": 0.2,
        "signal": [
            0.8804509063256238,
            0.4402254531628119,
            0.0,
            0.0,
            0.1760901812651248
        ]
    },
    "timestamp": 1684790113.185676,
    "total_duration": 1.4742443561553955,
    "wrong_samples": [
        18,
        16,
        19,
        19,
        18,
        18,
        18,
        19,
        19,
        17,
        17,
        19,
        17,
        17,
        18,
        19,
        16,
        14,
        19,
        18
    ]
}