{
    "reconstruction_errors": [
        0.6862093312734632,
        0.6784078730862834,
        0.6876283149357122,
        0.7100484348183833,
        0.6904843486718645,
        0.7005372977329696,
        0.6191047937417273,
        0.6681046731220668,
        0.6976683033377695,
        0.6419166288473352,
        0.6816494803357915,
        0.7169194635492147,
        0.7219361377252768,
        0.676654103646741,
        0.682622225731492,
        0.6952462915868007,
        0.6566463398127869,
        0.6859969910855656,
        0.7293319790470325,
        0.6050391349127116
    ],
    "setting": {
        "algorithm": "best_apriori",
        "dimension": 5,
        "samples": 100,
        "sigma": 0.2,
        "signal": [
            0.8804509063256238,
            0.4402254531628119,
            0.0,
            0.0,
            0.1760901812651248
        ]
    },
    "timestamp": 1684790113.1886659,
    "total_duration": 5.4263739585876465,
    "wrong_samples": [
        77,
        76,
        76,
        72,
        77,
        75,
        73,
        73,
        77,
        71,
        73,
        77,
        77,
        75,
        78,
        76,
        73,
        75,
        79,
        74
    ]
}