{
    "reconstruction_errors": [
        0.1422917070512496,
        0.07395187605425983,
        0.12711786616500584,
        0.11716050192464535,
        0.153587807476283,
        0.07222432648540839,
        0.09106914702221958,
        0.10747001703100413,
        0.11336453107736066,
        0.2217589764874462,
        0.10756144662581613,
        0.08358080595663571,
        0.09445849358872772,
        0.2767032592806361,
        0.1228450654741572,
        0.10313298352130412,
        0.10386286808228579,
        0.07043060064376115,
        0.20362443562109075,
        0.11385111753190451
    ],
    "setting": {
        "algorithm": "stupid_solution",
        "dimension": 10,
        "samples": 45,
        "sigma": 0.2,
        "signal": [
            0.8804509063256238,
            0.4402254531628119,
            0.0,
            0.0,
            0.1760901812651248,
            0.0,
            0.0,
            0.0,
            0.0,
            0.0
        ]
    },
    "timestamp": 1685192149.4449174,
    "total_duration": 1.4533956050872803,
    "wrong_samples": [
        5,
        1,
        3,
        5,
        5,
        0,
        2,
        0,
        4,
        9,
        3,
        0,
        0,
        10,
        3,
        1,
        3,
        1,
        6,
        3
    ]
}