{
    "reconstruction_errors": [
        0.7720128721786653,
        0.6975798876028658,
        0.8230689926534539,
        0.7875277276731529,
        0.7567259709889149,
        0.7808891458758751,
        0.7276102357940275,
        0.6920572010047774,
        0.8010044423092324,
        0.579442916959169,
        0.7004088791140329,
        0.8221191807671251,
        0.8308625490257043,
        0.7796020696688333,
        0.8275745062895509,
        0.7776060527535997,
        0.6939571895976003,
        0.6483259031508816,
        0.782451746932432,
        0.6971088523471348
    ],
    "setting": {
        "algorithm": "best_apriori",
        "dimension": 10,
        "samples": 25,
        "sigma": 0.2,
        "signal": [
            0.8804509063256238,
            0.4402254531628119,
            0.0,
            0.0,
            0.1760901812651248,
            0.0,
            0.0,
            0.0,
            0.0,
            0.0
        ]
    },
    "timestamp": 1684790114.732187,
    "total_duration": 0.38375115394592285,
    "wrong_samples": [
        18,
        18,
        20,
        21,
        18,
        18,
        20,
        18,
        19,
        16,
        20,
        18,
        20,
        20,
        19,
        19,
        18,
        16,
        19,
        16
    ]
}