{
    "reconstruction_errors": [
        0.8594444659059413,
        0.8068046953051148,
        0.7615473670588406,
        0.8665959241691162,
        0.8425164650177045,
        0.8561722120240857,
        0.818557308311005,
        0.7987773807623088,
        0.8317800787524218,
        0.8026502445891626,
        0.8063785379868764,
        0.8202652477604829,
        0.7909434530594988,
        0.8371002404746648,
        0.7908944587332688,
        0.7552953743301599,
        0.8750060490010942,
        0.8619056741481973,
        0.8776178415402012,
        0.8551719199251502
    ],
    "setting": {
        "algorithm": "best_apriori",
        "dimension": 15,
        "samples": 25,
        "sigma": 0.2,
        "signal": [
            0.8804509063256238,
            0.4402254531628119,
            0.0,
            0.0,
            0.1760901812651248,
            0.0,
            0.0,
            0.0,
            0.0,
            0.0,
            0.0,
            0.0,
            0.0,
            0.0,
            0.0
        ]
    },
    "timestamp": 1684790114.8572772,
    "total_duration": 0.27660107612609863,
    "wrong_samples": [
        21,
        20,
        20,
        21,
        21,
        21,
        21,
        21,
        21,
        22,
        21,
        20,
        22,
        20,
        20,
        21,
        21,
        22,
        21,
        21
    ]
}