{
    "reconstruction_errors": [
        0.8220165869952831,
        0.8545459738567044,
        0.8315087547288794,
        0.8068830959344687,
        0.8442822453517538,
        0.6912255442533569,
        0.781481891986495,
        0.7719041423109081,
        0.818076771289344,
        0.7546467726518588,
        0.8402016715463316,
        0.8814364730776266,
        0.7984089724592393,
        0.7671322610076408,
        0.7824313873262709,
        0.7892089522965542,
        0.7570616062135579,
        0.8343884506524112,
        0.8229419162357142,
        0.8462528358750285
    ],
    "setting": {
        "algorithm": "best_apriori",
        "dimension": 15,
        "samples": 15,
        "sigma": 0.2,
        "signal": [
            0.8804509063256238,
            0.4402254531628119,
            0.0,
            0.0,
            0.1760901812651248,
            0.0,
            0.0,
            0.0,
            0.0,
            0.0,
            0.0,
            0.0,
            0.0,
            0.0,
            0.0
        ]
    },
    "timestamp": 1684790114.7252107,
    "total_duration": 0.14203310012817383,
    "wrong_samples": [
        12,
        12,
        13,
        12,
        12,
        12,
        11,
        12,
        13,
        11,
        12,
        13,
        12,
        12,
        12,
        12,
        12,
        12,
        11,
        12
    ]
}