{
    "reconstruction_errors": [
        0.05627812675891461,
        0.020109888978131357,
        0.20030983378619613,
        0.08127849703402798,
        0.023901130407251673,
        0.12928132768308734,
        0.03190795148105096,
        0.06720800688525519,
        0.054426382474210035,
        0.1869876068809034,
        0.049621334756713834,
        0.02956155493627513,
        0.10652752875783673,
        0.034303068776412274,
        0.0822642013826477,
        0.16445401880049265,
        0.1883736123711029,
        0.020763975505384242,
        0.3861444918248313,
        0.062475858817942535
    ],
    "setting": {
        "algorithm": "stupid_solution",
        "dimension": 5,
        "samples": 100,
        "sigma": 0.2,
        "signal": [
            0.8804509063256238,
            0.4402254531628119,
            0.0,
            0.0,
            0.1760901812651248
        ]
    },
    "timestamp": 1685192146.3840032,
    "total_duration": 7.090339660644531,
    "wrong_samples": [
        3,
        2,
        20,
        9,
        1,
        11,
        4,
        4,
        2,
        17,
        3,
        4,
        13,
        3,
        4,
        14,
        22,
        2,
        48,
        5
    ]
}