{
    "reconstruction_errors": [
        0.775355808562246,
        0.7526225165502762,
        0.8139116938378146,
        0.7984858847323295,
        0.5615624786522723,
        0.8150372260657942,
        0.6948828376291409,
        0.7255832073083882,
        0.799761890826898,
        0.6768634426058658,
        0.8087608525425418,
        0.7088688441188946,
        0.797672022379433,
        0.7031745226008643,
        0.7724335615060509,
        0.8142530837223061,
        0.7085318718871921,
        0.6983226935301082,
        0.7033879119372171,
        0.8060354204621881
    ],
    "setting": {
        "algorithm": "best_apriori",
        "dimension": 10,
        "samples": 15,
        "sigma": 0.2,
        "signal": [
            0.8804509063256238,
            0.4402254531628119,
            0.0,
            0.0,
            0.1760901812651248,
            0.0,
            0.0,
            0.0,
            0.0,
            0.0
        ]
    },
    "timestamp": 1684790114.3987772,
    "total_duration": 0.11512255668640137,
    "wrong_samples": [
        10,
        11,
        11,
        10,
        9,
        12,
        10,
        11,
        12,
        9,
        11,
        10,
        11,
        10,
        11,
        11,
        10,
        10,
        11,
        12
    ]
}