{
    "reconstruction_errors": [
        0.15189655931279566,
        0.243296222431622,
        0.083892742792042,
        0.2992479537161251,
        0.16205497492783102,
        0.09375847834119232,
        0.06495751128589508,
        0.14123017944991934,
        0.1951520543900478,
        0.3172912827374171,
        0.10440967282452332,
        0.08912898981707906,
        0.18727377150276112,
        0.0917786847659017,
        0.2880241625727622,
        0.10045338581451706,
        0.1948796690390241,
        0.09209690650905362,
        0.12755951820063333,
        0.08387144970160264
    ],
    "setting": {
        "algorithm": "stupid_solution",
        "dimension": 15,
        "samples": 100,
        "sigma": 0.2,
        "signal": [
            0.8804509063256238,
            0.4402254531628119,
            0.0,
            0.0,
            0.1760901812651248,
            0.0,
            0.0,
            0.0,
            0.0,
            0.0,
            0.0,
            0.0,
            0.0,
            0.0,
            0.0
        ]
    },
    "timestamp": 1685192149.7092996,
    "total_duration": 6.0459911823272705,
    "wrong_samples": [
        13,
        21,
        6,
        29,
        14,
        9,
        3,
        14,
        16,
        29,
        6,
        7,
        18,
        7,
        23,
        6,
        21,
        0,
        13,
        6
    ]
}