{
    "reconstruction_errors": [
        0.8084207999454901,
        0.7716597340733554,
        0.823387110455189,
        0.8025415322564132,
        0.8273803535621851,
        0.8171163750205244,
        0.8489920953222835,
        0.8249676339853597,
        0.7622349104868265,
        0.7453321264452311,
        0.8160532241565028,
        0.8132468057628623,
        0.789945989768245,
        0.826284207501938,
        0.816029549226478,
        0.8092363180683915,
        0.766837285231158,
        0.8022900909443849,
        0.8317102876715559,
        0.8047319896006025
    ],
    "setting": {
        "algorithm": "best_apriori",
        "dimension": 10,
        "samples": 100,
        "sigma": 0.2,
        "signal": [
            0.8804509063256238,
            0.4402254531628119,
            0.0,
            0.0,
            0.1760901812651248,
            0.0,
            0.0,
            0.0,
            0.0,
            0.0
        ]
    },
    "timestamp": 1684790118.7311604,
    "total_duration": 2.8910648822784424,
    "wrong_samples": [
        78,
        75,
        79,
        72,
        74,
        76,
        78,
        79,
        77,
        77,
        75,
        77,
        77,
        77,
        77,
        74,
        75,
        76,
        79,
        74
    ]
}