{
    "reconstruction_errors": [
        0.8699560900463069,
        0.8404187644683945,
        0.8644594972760019,
        0.890584859143639,
        0.8500376322967269,
        0.8477714829110343,
        0.8238095797004849,
        0.8721299869658514,
        0.8368368116634098,
        0.8652676500875124,
        0.7987943097958101,
        0.866420884944225,
        0.829953083385298,
        0.8084061577006769,
        0.851293564967059,
        0.8318873818786326,
        0.8655555493457625,
        0.8466240221694707,
        0.8664194234617558,
        0.849587715500935
    ],
    "setting": {
        "algorithm": "best_apriori",
        "dimension": 15,
        "samples": 45,
        "sigma": 0.2,
        "signal": [
            0.8804509063256238,
            0.4402254531628119,
            0.0,
            0.0,
            0.1760901812651248,
            0.0,
            0.0,
            0.0,
            0.0,
            0.0,
            0.0,
            0.0,
            0.0,
            0.0,
            0.0
        ]
    },
    "timestamp": 1684790115.0626082,
    "total_duration": 1.0859625339508057,
    "wrong_samples": [
        39,
        39,
        40,
        40,
        38,
        38,
        39,
        39,
        38,
        39,
        38,
        39,
        38,
        38,
        40,
        39,
        40,
        37,
        38,
        37
    ]
}