{
    "reconstruction_errors": [
        0.6468003967903927,
        0.6448559757533013,
        0.6691407988819493,
        0.6651200371605341,
        0.7012067587888448,
        0.6826760678812144,
        0.6175899274946653,
        0.6321417722789487,
        0.7295780730338582,
        0.714275805318067,
        0.7233524633479442,
        0.6163263028454709,
        0.7075285482340411,
        0.7312236064623615,
        0.65852070400894,
        0.6569803408865917,
        0.5872075473876925,
        0.6865536445444852,
        0.6843546393547869,
        0.6210094974432945
    ],
    "setting": {
        "algorithm": "best_apriori",
        "dimension": 5,
        "samples": 45,
        "sigma": 0.2,
        "signal": [
            0.8804509063256238,
            0.4402254531628119,
            0.0,
            0.0,
            0.1760901812651248
        ]
    },
    "timestamp": 1684790113.1771939,
    "total_duration": 1.9487111568450928,
    "wrong_samples": [
        33,
        31,
        34,
        34,
        34,
        34,
        30,
        28,
        35,
        33,
        33,
        30,
        33,
        33,
        34,
        32,
        33,
        33,
        32,
        33
    ]
}