{
    "reconstruction_errors": [
        0.8429124608126268,
        0.884068711879015,
        0.882586332903157,
        0.870888816783879,
        0.8695717417298355,
        0.8640609660521156,
        0.8384930954823823,
        0.8587429929086114,
        0.8703046168186812,
        0.8538148424629337,
        0.8396602161172937,
        0.8430647009763419,
        0.875718863361742,
        0.8590753039486227,
        0.8970093314029765,
        0.8502498268281595,
        0.8800137237235007,
        0.8835389333213637,
        0.8297497851977512,
        0.861908094704849
    ],
    "setting": {
        "algorithm": "best_apriori",
        "dimension": 15,
        "samples": 100,
        "sigma": 0.2,
        "signal": [
            0.8804509063256238,
            0.4402254531628119,
            0.0,
            0.0,
            0.1760901812651248,
            0.0,
            0.0,
            0.0,
            0.0,
            0.0,
            0.0,
            0.0,
            0.0,
            0.0,
            0.0
        ]
    },
    "timestamp": 1684790116.570195,
    "total_duration": 3.822540760040283,
    "wrong_samples": [
        87,
        87,
        89,
        90,
        88,
        88,
        89,
        89,
        90,
        88,
        88,
        89,
        89,
        88,
        90,
        90,
        89,
        90,
        88,
        89
    ]
}