{
    "reconstruction_errors": [
        0.8298941233368498,
        0.782062691121143,
        0.8298367816956542,
        0.7443160532203679,
        0.7550646864786139,
        0.7918784704961548,
        0.8145383518567058,
        0.8190249059441124,
        0.7750063729693513,
        0.7538749775252976,
        0.8049832158791992,
        0.7908556100101584,
        0.8181921662327376,
        0.8054607838739384,
        0.8039607188321147,
        0.7512657872122628,
        0.8115384422631068,
        0.7650825216345352,
        0.7613087062243259,
        0.8111760821271655
    ],
    "setting": {
        "algorithm": "best_apriori",
        "dimension": 10,
        "samples": 70,
        "sigma": 0.2,
        "signal": [
            0.8804509063256238,
            0.4402254531628119,
            0.0,
            0.0,
            0.1760901812651248,
            0.0,
            0.0,
            0.0,
            0.0,
            0.0
        ]
    },
    "timestamp": 1684790116.7456253,
    "total_duration": 2.1699349880218506,
    "wrong_samples": [
        53,
        51,
        56,
        50,
        49,
        53,
        54,
        58,
        52,
        48,
        53,
        54,
        55,
        56,
        54,
        51,
        54,
        51,
        52,
        56
    ]
}