{
    "reconstruction_errors": [
        0.5088310368420981,
        0.37050399301475656,
        0.2669022867330443,
        0.21601936980319184,
        0.5309271396313395,
        0.2202689428887178,
        0.2528165019338772,
        0.16081364887102695,
        0.23024469462328737,
        0.14577255016150945,
        0.21268957086761076,
        0.4657047587380468,
        0.25047113817652905,
        0.473689328103505,
        0.23934374460570457,
        0.1875600849216744,
        0.6300228437256102,
        0.21801444730504277,
        0.2099873500260934,
        0.2576612292405312
    ],
    "setting": {
        "algorithm": "stupid_solution",
        "dimension": 15,
        "samples": 15,
        "sigma": 0.2,
        "signal": [
            0.8804509063256238,
            0.4402254531628119,
            0.0,
            0.0,
            0.1760901812651248,
            0.0,
            0.0,
            0.0,
            0.0,
            0.0,
            0.0,
            0.0,
            0.0,
            0.0,
            0.0
        ]
    },
    "timestamp": 1685192148.1213675,
    "total_duration": 0.20229148864746094,
    "wrong_samples": [
        6,
        4,
        2,
        0,
        6,
        1,
        4,
        2,
        0,
        1,
        0,
        5,
        0,
        6,
        1,
        1,
        8,
        0,
        0,
        2
    ]
}