{
    "reconstruction_errors": [
        0.07942356339462989,
        0.15090897878170142,
        0.11800745461826302,
        0.2142187490614939,
        0.108776088164599,
        0.15634883836732105,
        0.08150213136779572,
        0.18333461508827212,
        0.13466494817919586,
        0.33490553790400085,
        0.08732544614801632,
        0.2298286385584892,
        0.11203788272333384,
        0.10883784642037536,
        0.17982384639428403,
        0.10873276222142075,
        0.09940235574926594,
        0.19006275730616806,
        0.4292652064106349,
        0.08912622999949331
    ],
    "setting": {
        "algorithm": "stupid_solution",
        "dimension": 15,
        "samples": 70,
        "sigma": 0.2,
        "signal": [
            0.8804509063256238,
            0.4402254531628119,
            0.0,
            0.0,
            0.1760901812651248,
            0.0,
            0.0,
            0.0,
            0.0,
            0.0,
            0.0,
            0.0,
            0.0,
            0.0,
            0.0
        ]
    },
    "timestamp": 1685192150.6364572,
    "total_duration": 3.2324776649475098,
    "wrong_samples": [
        5,
        7,
        7,
        14,
        8,
        8,
        5,
        12,
        3,
        24,
        7,
        13,
        4,
        6,
        10,
        2,
        5,
        11,
        28,
        3
    ]
}