{
    "reconstruction_errors": [
        0.6004030583390975,
        0.679544363820141,
        0.6697407653047374,
        0.4882130519283023,
        0.5699246202767173,
        0.6244089344638472,
        0.614520125925677,
        0.658465714634315,
        0.6558849498641862,
        0.6465954593340594,
        0.5942633402663502,
        0.6659923850694456,
        0.6411523088330814,
        0.665247962345846,
        0.6949273814472581,
        0.6527697847237871,
        0.6992005174049113,
        0.6230425520683721,
        0.6341008960481249,
        0.5541372784942051
    ],
    "setting": {
        "algorithm": "best_apriori",
        "dimension": 5,
        "samples": 15,
        "sigma": 0.2,
        "signal": [
            0.8804509063256238,
            0.4402254531628119,
            0.0,
            0.0,
            0.1760901812651248
        ]
    },
    "timestamp": 1684790113.180184,
    "total_duration": 1.2484924793243408,
    "wrong_samples": [
        11,
        11,
        11,
        10,
        10,
        9,
        10,
        11,
        11,
        11,
        10,
        10,
        11,
        11,
        10,
        10,
        10,
        11,
        11,
        10
    ]
}