{
    "reconstruction_errors": [
        0.6820712853429575,
        0.6832514837065992,
        0.6379252061295746,
        0.7213817240546285,
        0.6483638285213074,
        0.6399110473507068,
        0.6241910844288758,
        0.6623592877262012,
        0.6646464447875754,
        0.6245176974026476,
        0.6985644662595907,
        0.6324925018417227,
        0.6456547449545498,
        0.6771935114295122,
        0.7209252350157365,
        0.6367644931388504,
        0.7108976879511486,
        0.6046316190406253,
        0.6704392760821619,
        0.6739626974064441
    ],
    "setting": {
        "algorithm": "best_apriori",
        "dimension": 5,
        "samples": 70,
        "sigma": 0.2,
        "signal": [
            0.8804509063256238,
            0.4402254531628119,
            0.0,
            0.0,
            0.1760901812651248
        ]
    },
    "timestamp": 1684790113.1826832,
    "total_duration": 3.240494728088379,
    "wrong_samples": [
        54,
        52,
        49,
        54,
        53,
        52,
        51,
        51,
        53,
        51,
        50,
        50,
        47,
        51,
        52,
        48,
        53,
        49,
        46,
        53
    ]
}