{
    "reconstruction_errors": [
        0.13396850939863486,
        0.10896269531778105,
        0.27989089381325966,
        0.11762537415275635,
        0.10177927583161617,
        0.14353785622128895,
        0.009651024495784727,
        0.09556802906302429,
        0.1331077101444666,
        0.12059645479082444,
        0.09416404264068884,
        0.07093987441912748,
        0.14007182597072243,
        0.08741901593343614,
        0.22945783960194377,
        0.10308700245394321,
        0.2691974642162615,
        0.11227318334988214,
        0.1157804297899355,
        0.14494499449170703
    ],
    "setting": {
        "algorithm": "stupid_solution",
        "dimension": 5,
        "samples": 25,
        "sigma": 0.2,
        "signal": [
            0.8804509063256238,
            0.4402254531628119,
            0.0,
            0.0,
            0.1760901812651248
        ]
    },
    "timestamp": 1685192146.3774896,
    "total_duration": 1.5216164588928223,
    "wrong_samples": [
        1,
        2,
        9,
        2,
        0,
        2,
        0,
        4,
        1,
        1,
        1,
        1,
        3,
        0,
        4,
        0,
        7,
        2,
        0,
        3
    ]
}