{
    "reconstruction_errors": [
        0.721312304094516,
        0.7202642163200699,
        0.7731736370518622,
        0.8383429015310239,
        0.7591527956442096,
        0.7922008173846234,
        0.8339544202719091,
        0.8087289013902134,
        0.8322869501753625,
        0.7362099990224233,
        0.7614687554872623,
        0.7948926808336665,
        0.8007371193029261,
        0.746375284042465,
        0.8287363665819483,
        0.7569509148217187,
        0.8129257376920759,
        0.7317972371724226,
        0.7787231089331896,
        0.7521498154619854
    ],
    "setting": {
        "algorithm": "best_apriori",
        "dimension": 10,
        "samples": 45,
        "sigma": 0.2,
        "signal": [
            0.8804509063256238,
            0.4402254531628119,
            0.0,
            0.0,
            0.1760901812651248,
            0.0,
            0.0,
            0.0,
            0.0,
            0.0
        ]
    },
    "timestamp": 1684790115.155805,
    "total_duration": 1.1308140754699707,
    "wrong_samples": [
        33,
        33,
        35,
        36,
        32,
        32,
        34,
        33,
        36,
        31,
        34,
        32,
        34,
        31,
        35,
        33,
        34,
        30,
        35,
        34
    ]
}