{
    "reconstruction_errors": [
        0.07763894942777087,
        0.07303700988549888,
        0.044521049213585955,
        0.43057909119525417,
        0.043673210661097146,
        0.0768868132557096,
        0.20781200258467789,
        0.04097429912875948,
        0.48582859764825115,
        0.1135499054456691,
        0.0875352348238094,
        0.04984209728202144,
        0.053440556010193124,
        0.07792558154551714,
        0.11718938248559066,
        0.12648489714278638,
        0.06635474331941378,
        0.05979579735521702,
        0.06677737684615342,
        0.05974397146739758
    ],
    "setting": {
        "algorithm": "stupid_solution",
        "dimension": 5,
        "samples": 70,
        "sigma": 0.2,
        "signal": [
            0.8804509063256238,
            0.4402254531628119,
            0.0,
            0.0,
            0.1760901812651248
        ]
    },
    "timestamp": 1685192146.3649695,
    "total_duration": 5.04151725769043,
    "wrong_samples": [
        5,
        5,
        5,
        32,
        0,
        1,
        15,
        3,
        33,
        9,
        4,
        2,
        3,
        4,
        5,
        9,
        9,
        5,
        6,
        5
    ]
}