{
    "reconstruction_errors": [
        0.8094873406217585,
        0.8039825135663446,
        0.8165359503432585,
        0.7936017489828792,
        0.7976833745612936,
        0.7922170403057546,
        0.8322485670376408,
        0.7798919001141785,
        0.7374307358137877,
        0.7927440933535732,
        0.8117421392511059,
        0.83108754573902,
        0.7861705360576013,
        0.7974632002471584,
        0.8311584757140034,
        0.8014934838750336,
        0.7732987917711917,
        0.7918482712721558,
        0.8276493496384848,
        0.793153469052174
    ],
    "setting": {
        "algorithm": "best_apriori",
        "dimension": 10,
        "samples": 100,
        "sigma": 0.25,
        "signal": [
            0.8804509063256238,
            0.4402254531628119,
            0.0,
            0.0,
            0.1760901812651248,
            0.0,
            0.0,
            0.0,
            0.0,
            0.0
        ]
    },
    "timestamp": 1684790114.5477867,
    "total_duration": 4.184370279312134,
    "wrong_samples": [
        79,
        77,
        80,
        75,
        77,
        79,
        80,
        79,
        78,
        82,
        76,
        80,
        78,
        77,
        77,
        78,
        76,
        78,
        79,
        75
    ]
}