{
    "reconstruction_errors": [
        0.1574479670292524,
        0.1556064773601069,
        0.5092840403975503,
        0.29260823898562077,
        0.09237569509152917,
        0.22388752391792427,
        0.1464554504532497,
        0.39518485300489525,
        0.14272709641102838,
        0.1585011009745987,
        0.214276658475173,
        0.18132594428885276,
        0.4000018486001487,
        0.5055868101352249,
        0.10154218809834353,
        0.23899345010309203,
        0.14991679649603853,
        0.1266591454979603,
        0.785142237301717,
        0.43628435086232964
    ],
    "setting": {
        "algorithm": "stupid_solution",
        "dimension": 10,
        "samples": 70,
        "sigma": 0.25,
        "signal": [
            0.8804509063256238,
            0.4402254531628119,
            0.0,
            0.0,
            0.1760901812651248,
            0.0,
            0.0,
            0.0,
            0.0,
            0.0
        ]
    },
    "timestamp": 1685192150.1967928,
    "total_duration": 3.171588182449341,
    "wrong_samples": [
        14,
        7,
        32,
        23,
        4,
        18,
        9,
        28,
        5,
        13,
        17,
        11,
        30,
        37,
        5,
        14,
        9,
        8,
        48,
        30
    ]
}