{
    "reconstruction_errors": [
        0.8044775014240313,
        0.8249203788058842,
        0.7973420701302063,
        0.8217142030615683,
        0.8174241586904544,
        0.6141040306741139,
        0.8392846056575749,
        0.8489131195359509,
        0.8477569687261898,
        0.7709061916622888,
        0.8257486479841024,
        0.8276694012128961,
        0.7619779827367846,
        0.805557610576194,
        0.769074276314461,
        0.8081304579282209,
        0.7717806342741536,
        0.8200956764130084,
        0.7975337861110268,
        0.848969938427013
    ],
    "setting": {
        "algorithm": "best_apriori",
        "dimension": 15,
        "samples": 15,
        "sigma": 0.25,
        "signal": [
            0.8804509063256238,
            0.4402254531628119,
            0.0,
            0.0,
            0.1760901812651248,
            0.0,
            0.0,
            0.0,
            0.0,
            0.0,
            0.0,
            0.0,
            0.0,
            0.0,
            0.0
        ]
    },
    "timestamp": 1684790114.923564,
    "total_duration": 0.13505768775939941,
    "wrong_samples": [
        11,
        12,
        12,
        12,
        13,
        11,
        11,
        12,
        13,
        11,
        12,
        12,
        11,
        11,
        12,
        12,
        12,
        13,
        12,
        12
    ]
}