{
    "reconstruction_errors": [
        0.2403951203280218,
        0.2615649576825859,
        0.3050256614341253,
        0.3546372467063539,
        0.1961132459385347,
        0.3585540234456788,
        0.18836977603246235,
        0.3579966057402488,
        0.20198195973017471,
        0.6111809037750867,
        0.24440968895895163,
        0.445973668723723,
        0.1772198905568942,
        0.23238763914611485,
        0.37223845619659574,
        0.28785241536045075,
        0.21351134461655735,
        0.4223304213541173,
        0.6370326204953786,
        0.09678569525500105
    ],
    "setting": {
        "algorithm": "stupid_solution",
        "dimension": 15,
        "samples": 70,
        "sigma": 0.25,
        "signal": [
            0.8804509063256238,
            0.4402254531628119,
            0.0,
            0.0,
            0.1760901812651248,
            0.0,
            0.0,
            0.0,
            0.0,
            0.0,
            0.0,
            0.0,
            0.0,
            0.0,
            0.0
        ]
    },
    "timestamp": 1685192150.269819,
    "total_duration": 3.6567442417144775,
    "wrong_samples": [
        19,
        19,
        26,
        24,
        18,
        21,
        15,
        25,
        10,
        45,
        19,
        27,
        10,
        15,
        26,
        19,
        15,
        27,
        43,
        5
    ]
}