{
    "reconstruction_errors": [
        0.6049083430966607,
        0.6762326096350091,
        0.6395615144976785,
        0.5711950294462995,
        0.5722966372673967,
        0.6770613157668761,
        0.5814623053826702,
        0.6406031980212559,
        0.6488728537604893,
        0.6810979110130781,
        0.5791365808219139,
        0.6584820180230949,
        0.5937351356222396,
        0.6725333700652663,
        0.7244338294853077,
        0.6436701892383381,
        0.6232428806978085,
        0.5722557191957001,
        0.5507681302387483,
        0.5081302223605357
    ],
    "setting": {
        "algorithm": "best_apriori",
        "dimension": 5,
        "samples": 15,
        "sigma": 0.25,
        "signal": [
            0.8804509063256238,
            0.4402254531628119,
            0.0,
            0.0,
            0.1760901812651248
        ]
    },
    "timestamp": 1684790113.1702175,
    "total_duration": 1.3895289897918701,
    "wrong_samples": [
        11,
        10,
        10,
        11,
        10,
        10,
        10,
        11,
        10,
        11,
        10,
        11,
        11,
        11,
        11,
        10,
        10,
        9,
        10,
        10
    ]
}