{
    "reconstruction_errors": [
        0.16792687920289173,
        0.2146294223897006,
        0.2500149761394983,
        0.5528557226959456,
        0.3130372173778965,
        0.32338369697543473,
        0.14857675454940852,
        0.11176035303017064,
        0.39488830514398576,
        0.20620230811949528,
        0.26083197642662387,
        0.3254478907815777,
        0.485329164448022,
        0.5999901672829712,
        0.24432749135556017,
        0.3474891978569458,
        0.18904143954319833,
        0.16456880274847877,
        0.2024664885360442,
        0.7733540262483303
    ],
    "setting": {
        "algorithm": "stupid_solution",
        "dimension": 10,
        "samples": 15,
        "sigma": 0.25,
        "signal": [
            0.8804509063256238,
            0.4402254531628119,
            0.0,
            0.0,
            0.1760901812651248,
            0.0,
            0.0,
            0.0,
            0.0,
            0.0
        ]
    },
    "timestamp": 1685192147.8716137,
    "total_duration": 0.1927943229675293,
    "wrong_samples": [
        2,
        2,
        2,
        5,
        2,
        2,
        1,
        2,
        5,
        2,
        4,
        3,
        6,
        8,
        1,
        6,
        3,
        2,
        2,
        8
    ]
}