{
    "reconstruction_errors": [
        0.3879434101062804,
        0.21157511473972443,
        0.19034399799867882,
        0.22169084274566073,
        0.35926440495596723,
        0.09028040810676063,
        0.17641428744026036,
        0.12516130906948542,
        0.41602180895920426,
        0.5728558377230956,
        0.2309323050788397,
        0.13133801009688573,
        0.14189152108791006,
        0.47853757608270686,
        0.3536656747982144,
        0.1460646628351741,
        0.2353320106668304,
        0.08088638471789235,
        0.2947334331479994,
        0.14621187174871683
    ],
    "setting": {
        "algorithm": "stupid_solution",
        "dimension": 10,
        "samples": 45,
        "sigma": 0.25,
        "signal": [
            0.8804509063256238,
            0.4402254531628119,
            0.0,
            0.0,
            0.1760901812651248,
            0.0,
            0.0,
            0.0,
            0.0,
            0.0
        ]
    },
    "timestamp": 1685192149.2700617,
    "total_duration": 1.4582700729370117,
    "wrong_samples": [
        16,
        11,
        6,
        9,
        15,
        0,
        6,
        1,
        17,
        24,
        7,
        5,
        3,
        18,
        16,
        5,
        9,
        5,
        9,
        7
    ]
}