{
    "reconstruction_errors": [
        0.7397714017113591,
        0.681843388291844,
        0.7390807745246668,
        0.8072841465597045,
        0.7729339057786699,
        0.7767147228566308,
        0.8402636971230215,
        0.7782900372626348,
        0.8328695517281649,
        0.7482890586025294,
        0.765614582978842,
        0.8216650306614646,
        0.8079980249161139,
        0.7178753249821419,
        0.7617325590923042,
        0.7569653440027676,
        0.8384022998603878,
        0.7609878185024042,
        0.8016893940934896,
        0.7215841496421778
    ],
    "setting": {
        "algorithm": "best_apriori",
        "dimension": 10,
        "samples": 45,
        "sigma": 0.25,
        "signal": [
            0.8804509063256238,
            0.4402254531628119,
            0.0,
            0.0,
            0.1760901812651248,
            0.0,
            0.0,
            0.0,
            0.0,
            0.0
        ]
    },
    "timestamp": 1684790115.1358724,
    "total_duration": 1.075995683670044,
    "wrong_samples": [
        34,
        33,
        34,
        37,
        35,
        32,
        35,
        34,
        38,
        33,
        34,
        34,
        33,
        34,
        37,
        32,
        35,
        32,
        35,
        35
    ]
}