{
    "reconstruction_errors": [
        0.7782928158176202,
        0.746628444954668,
        0.759887912341449,
        0.7179888621285799,
        0.5687288693726217,
        0.8145312012815838,
        0.706015161003927,
        0.7031061250685247,
        0.6896257756205693,
        0.7439569121540072,
        0.7257885010548191,
        0.7570075728302499,
        0.7238965534593594,
        0.7591270249044315,
        0.8010829517540586,
        0.7679585291125384,
        0.7142403691389884,
        0.6559593960909964,
        0.704915061310969,
        0.692262586972039
    ],
    "setting": {
        "algorithm": "best_apriori",
        "dimension": 10,
        "samples": 15,
        "sigma": 0.25,
        "signal": [
            0.8804509063256238,
            0.4402254531628119,
            0.0,
            0.0,
            0.1760901812651248,
            0.0,
            0.0,
            0.0,
            0.0,
            0.0
        ]
    },
    "timestamp": 1684790114.4406364,
    "total_duration": 0.10216712951660156,
    "wrong_samples": [
        11,
        10,
        12,
        11,
        9,
        12,
        10,
        11,
        12,
        9,
        11,
        11,
        10,
        11,
        11,
        11,
        10,
        10,
        11,
        10
    ]
}