{
    "reconstruction_errors": [
        0.2740073963219078,
        0.2122047513375004,
        0.291164168558961,
        0.2677295233461693,
        0.34970203171338093,
        0.19531675669173126,
        0.4268278806025508,
        0.3611679980490463,
        0.5594915956251507,
        0.32247147864643355,
        0.4156154543200278,
        0.17516486582226265,
        0.1866078246249805,
        0.5650993878428695,
        0.34516801564726035,
        0.2503814727142521,
        0.2914258182739809,
        0.4754266082734467,
        0.2902717006939056,
        0.2628758243042101
    ],
    "setting": {
        "algorithm": "stupid_solution",
        "dimension": 15,
        "samples": 25,
        "sigma": 0.25,
        "signal": [
            0.8804509063256238,
            0.4402254531628119,
            0.0,
            0.0,
            0.1760901812651248,
            0.0,
            0.0,
            0.0,
            0.0,
            0.0,
            0.0,
            0.0,
            0.0,
            0.0,
            0.0
        ]
    },
    "timestamp": 1685192148.3266504,
    "total_duration": 0.6211600303649902,
    "wrong_samples": [
        2,
        2,
        8,
        4,
        8,
        2,
        9,
        8,
        12,
        7,
        9,
        0,
        3,
        14,
        6,
        3,
        6,
        11,
        3,
        3
    ]
}