{
    "reconstruction_errors": [
        0.4134636242458552,
        0.607792202060248,
        0.5119394019917375,
        0.277898540827223,
        0.8210381026312075,
        0.3899521308313796,
        0.3439047688943962,
        0.5469828075102715,
        0.46359956421752113,
        0.7489638713119303,
        0.34781912989217484,
        0.6155942174096215,
        0.3911992731914496,
        0.6177365046181822,
        0.292201329595652,
        0.26709937001399336,
        0.6178501120807247,
        0.38628139237693476,
        0.3113691533165813,
        0.3104529893969505
    ],
    "setting": {
        "algorithm": "stupid_solution",
        "dimension": 15,
        "samples": 15,
        "sigma": 0.25,
        "signal": [
            0.8804509063256238,
            0.4402254531628119,
            0.0,
            0.0,
            0.1760901812651248,
            0.0,
            0.0,
            0.0,
            0.0,
            0.0,
            0.0,
            0.0,
            0.0,
            0.0,
            0.0
        ]
    },
    "timestamp": 1685192148.1503663,
    "total_duration": 0.21632981300354004,
    "wrong_samples": [
        6,
        8,
        6,
        1,
        11,
        5,
        5,
        7,
        5,
        11,
        4,
        8,
        3,
        9,
        1,
        2,
        6,
        4,
        3,
        2
    ]
}