{
    "reconstruction_errors": [
        0.8322440286079352,
        0.7798761078485897,
        0.7925370940767864,
        0.7750437889571004,
        0.7558909024799673,
        0.7774182188511289,
        0.8137154346591088,
        0.8277827335993836,
        0.761361205087712,
        0.7936142173741488,
        0.7828791906269236,
        0.7750724009717982,
        0.8230690945304198,
        0.8418020065037762,
        0.7832074636524635,
        0.7503830236578123,
        0.8072607511833793,
        0.7527841956235556,
        0.8125038935816031,
        0.8058748568912855
    ],
    "setting": {
        "algorithm": "best_apriori",
        "dimension": 10,
        "samples": 70,
        "sigma": 0.25,
        "signal": [
            0.8804509063256238,
            0.4402254531628119,
            0.0,
            0.0,
            0.1760901812651248,
            0.0,
            0.0,
            0.0,
            0.0,
            0.0
        ]
    },
    "timestamp": 1684790116.8637393,
    "total_duration": 2.0877010822296143,
    "wrong_samples": [
        56,
        52,
        59,
        55,
        49,
        56,
        56,
        60,
        51,
        51,
        53,
        54,
        56,
        60,
        54,
        52,
        55,
        52,
        58,
        58
    ]
}