{
    "reconstruction_errors": [
        0.8306995052140738,
        0.8316452822457764,
        0.8516558112341132,
        0.873124833533605,
        0.8289889869843059,
        0.8624370738396681,
        0.7601240099265577,
        0.7941585647455941,
        0.8570709439032702,
        0.8025578730757442,
        0.7870507316567793,
        0.8210629966318723,
        0.8477840901961166,
        0.8011083591251615,
        0.754627318232644,
        0.7405173584393835,
        0.806473573934574,
        0.7983991609420887,
        0.8386764318732628,
        0.8320770941555446
    ],
    "setting": {
        "algorithm": "best_apriori",
        "dimension": 15,
        "samples": 25,
        "sigma": 0.25,
        "signal": [
            0.8804509063256238,
            0.4402254531628119,
            0.0,
            0.0,
            0.1760901812651248,
            0.0,
            0.0,
            0.0,
            0.0,
            0.0,
            0.0,
            0.0,
            0.0,
            0.0,
            0.0
        ]
    },
    "timestamp": 1684790114.8956573,
    "total_duration": 0.40468263626098633,
    "wrong_samples": [
        21,
        20,
        22,
        22,
        21,
        21,
        20,
        21,
        21,
        21,
        20,
        20,
        22,
        18,
        19,
        21,
        21,
        21,
        21,
        21
    ]
}