{
    "reconstruction_errors": [
        0.6851892580038355,
        0.6802448277325004,
        0.6758285979195054,
        0.7307369019312336,
        0.6879944739648357,
        0.7224283517767293,
        0.6265215542167786,
        0.6763455517205864,
        0.7043296706398684,
        0.6642208502101818,
        0.6806244195274685,
        0.7231546142172238,
        0.7367359759698245,
        0.6822470938305331,
        0.6864533599968117,
        0.7039157227230955,
        0.6768931061564267,
        0.6962688177456898,
        0.7183772621999687,
        0.6002118007137048
    ],
    "setting": {
        "algorithm": "best_apriori",
        "dimension": 5,
        "samples": 100,
        "sigma": 0.25,
        "signal": [
            0.8804509063256238,
            0.4402254531628119,
            0.0,
            0.0,
            0.1760901812651248
        ]
    },
    "timestamp": 1684790113.2016225,
    "total_duration": 5.415410757064819,
    "wrong_samples": [
        77,
        75,
        74,
        77,
        77,
        76,
        73,
        76,
        75,
        73,
        78,
        79,
        77,
        74,
        77,
        74,
        74,
        77,
        76,
        71
    ]
}