{
    "reconstruction_errors": [
        0.8425043410247028,
        0.8818311027741106,
        0.8055081396681113,
        0.8558817238564657,
        0.8755323282510485,
        0.8642510077118442,
        0.8392294404042544,
        0.8798732987799475,
        0.8656095691723271,
        0.8881853055349344,
        0.8756183567613643,
        0.7567552115319215,
        0.8747425303842564,
        0.8748023985821605,
        0.8604014818158068,
        0.8686438181244888,
        0.8565379046359302,
        0.8351328739588944,
        0.864260342601564,
        0.8440286572171891
    ],
    "setting": {
        "algorithm": "best_apriori",
        "dimension": 15,
        "samples": 70,
        "sigma": 0.25,
        "signal": [
            0.8804509063256238,
            0.4402254531628119,
            0.0,
            0.0,
            0.1760901812651248,
            0.0,
            0.0,
            0.0,
            0.0,
            0.0,
            0.0,
            0.0,
            0.0,
            0.0,
            0.0
        ]
    },
    "timestamp": 1684790115.4423733,
    "total_duration": 2.2396998405456543,
    "wrong_samples": [
        60,
        62,
        61,
        63,
        61,
        62,
        62,
        58,
        62,
        62,
        62,
        59,
        62,
        61,
        62,
        61,
        61,
        59,
        61,
        59
    ]
}