{
    "reconstruction_errors": [
        0.6796671002052316,
        0.640885024044485,
        0.6484437153281213,
        0.6496529249618874,
        0.6693462202505004,
        0.6918953845692642,
        0.6059781097314239,
        0.6426929778326887,
        0.7153228267597025,
        0.7171506682355376,
        0.7074549097103128,
        0.6219383800037942,
        0.7072156786745712,
        0.6867591710278863,
        0.6616395245340008,
        0.6703995557158131,
        0.6404007533912421,
        0.7077325138253313,
        0.6964267091798513,
        0.6197990361686608
    ],
    "setting": {
        "algorithm": "best_apriori",
        "dimension": 5,
        "samples": 45,
        "sigma": 0.25,
        "signal": [
            0.8804509063256238,
            0.4402254531628119,
            0.0,
            0.0,
            0.1760901812651248
        ]
    },
    "timestamp": 1684790113.1742039,
    "total_duration": 2.061842203140259,
    "wrong_samples": [
        31,
        33,
        33,
        33,
        33,
        34,
        31,
        29,
        34,
        35,
        32,
        29,
        34,
        36,
        33,
        34,
        33,
        32,
        32,
        32
    ]
}