{
    "reconstruction_errors": [
        0.8619510226137796,
        0.8400212696237216,
        0.852223888059069,
        0.8337612673667318,
        0.8646512390429931,
        0.8551780773952586,
        0.8362618840918601,
        0.8656532927819264,
        0.8581140652164263,
        0.8227491990564691,
        0.7636410755530686,
        0.8763837825000453,
        0.8123528869029996,
        0.8329738482333932,
        0.867320041884642,
        0.8311170853880645,
        0.8220026984781157,
        0.8591225845309548,
        0.8598996879280152,
        0.8340369637535485
    ],
    "setting": {
        "algorithm": "best_apriori",
        "dimension": 15,
        "samples": 45,
        "sigma": 0.25,
        "signal": [
            0.8804509063256238,
            0.4402254531628119,
            0.0,
            0.0,
            0.1760901812651248,
            0.0,
            0.0,
            0.0,
            0.0,
            0.0,
            0.0,
            0.0,
            0.0,
            0.0,
            0.0
        ]
    },
    "timestamp": 1684790115.2111294,
    "total_duration": 1.0356218814849854,
    "wrong_samples": [
        40,
        39,
        40,
        39,
        38,
        38,
        39,
        39,
        38,
        38,
        38,
        38,
        38,
        38,
        39,
        39,
        39,
        39,
        38,
        37
    ]
}