{
    "reconstruction_errors": [
        0.7368566723894205,
        0.6736785341797064,
        0.8105519912836167,
        0.7374451299946985,
        0.728742499187853,
        0.759409143795831,
        0.7698255174350748,
        0.6596786215520513,
        0.7444013903766016,
        0.5711034664383103,
        0.6647676868603785,
        0.8380881273733637,
        0.8225361622955328,
        0.7153359186564652,
        0.7267613471351583,
        0.7706533941425533,
        0.6957437414494018,
        0.6525040791749532,
        0.817905233403807,
        0.6680213409482586
    ],
    "setting": {
        "algorithm": "best_apriori",
        "dimension": 10,
        "samples": 25,
        "sigma": 0.25,
        "signal": [
            0.8804509063256238,
            0.4402254531628119,
            0.0,
            0.0,
            0.1760901812651248,
            0.0,
            0.0,
            0.0,
            0.0,
            0.0
        ]
    },
    "timestamp": 1684790114.596134,
    "total_duration": 0.31148314476013184,
    "wrong_samples": [
        19,
        18,
        21,
        21,
        18,
        19,
        19,
        19,
        19,
        16,
        20,
        20,
        21,
        19,
        19,
        19,
        18,
        16,
        20,
        17
    ]
}