{
    "reconstruction_errors": [
        0.8783551136850429,
        0.8834499840870507,
        0.8794089699522197,
        0.8567998337768088,
        0.8830886784960449,
        0.8667175546214491,
        0.8380743328295321,
        0.8391314358802963,
        0.8669959234136341,
        0.8620972709968686,
        0.8022690532095054,
        0.8461211499614365,
        0.8664138701360744,
        0.8673022312752953,
        0.8868943146097588,
        0.8504715548501036,
        0.8656507498160262,
        0.8737668097781017,
        0.818495390645859,
        0.8534956620991871
    ],
    "setting": {
        "algorithm": "best_apriori",
        "dimension": 15,
        "samples": 100,
        "sigma": 0.25,
        "signal": [
            0.8804509063256238,
            0.4402254531628119,
            0.0,
            0.0,
            0.1760901812651248,
            0.0,
            0.0,
            0.0,
            0.0,
            0.0,
            0.0,
            0.0,
            0.0,
            0.0,
            0.0
        ]
    },
    "timestamp": 1684790116.3359613,
    "total_duration": 3.826528549194336,
    "wrong_samples": [
        89,
        87,
        89,
        89,
        90,
        89,
        88,
        87,
        90,
        87,
        88,
        88,
        86,
        87,
        90,
        88,
        87,
        90,
        87,
        88
    ]
}