{
    "reconstruction_errors": [
        0.23142253502578627,
        0.49228358397178307,
        0.09457760923631742,
        0.44698341303506595,
        0.16433463723233133,
        0.3457527713726935,
        0.2962042514632879,
        0.10461259168207211,
        0.5831550013045855,
        0.14393871452490764,
        0.12915920569733247,
        0.18648768987824937,
        0.1287470531664727,
        0.14883194801634478,
        0.1917297520116093,
        0.12443902836220387,
        0.4522427417111234,
        0.35375106736907613,
        0.4229633296639082,
        0.10668534456475683
    ],
    "setting": {
        "algorithm": "stupid_solution",
        "dimension": 5,
        "samples": 15,
        "sigma": 0.25,
        "signal": [
            0.8804509063256238,
            0.4402254531628119,
            0.0,
            0.0,
            0.1760901812651248
        ]
    },
    "timestamp": 1685192146.365966,
    "total_duration": 1.4302308559417725,
    "wrong_samples": [
        3,
        7,
        1,
        7,
        1,
        5,
        4,
        1,
        7,
        1,
        2,
        1,
        1,
        2,
        3,
        1,
        4,
        5,
        9,
        1
    ]
}