{
    "reconstruction_errors": [
        0.479335478703332,
        0.6773393557503894,
        0.6672804280880248,
        0.6636165307811048,
        0.7072064525927568,
        0.627767950666656,
        0.5812964745130458,
        0.6921442440315391,
        0.668372072719924,
        0.5445099562047699,
        0.6817095045951074,
        0.7238669278448325,
        0.6730177941526174,
        0.7190236270011028,
        0.5692059792442417,
        0.6812211181598017,
        0.6457543474339384,
        0.4638301105010833,
        0.6778556117189225,
        0.557507183903843
    ],
    "setting": {
        "algorithm": "best_apriori",
        "dimension": 5,
        "samples": 25,
        "sigma": 0.25,
        "signal": [
            0.8804509063256238,
            0.4402254531628119,
            0.0,
            0.0,
            0.1760901812651248
        ]
    },
    "timestamp": 1684790113.1946461,
    "total_duration": 1.5126240253448486,
    "wrong_samples": [
        17,
        18,
        18,
        19,
        18,
        17,
        18,
        18,
        19,
        18,
        18,
        19,
        17,
        18,
        17,
        18,
        17,
        14,
        19,
        17
    ]
}