{
    "reconstruction_errors": [
        0.036459260627900225,
        0.12139010259655345,
        0.12630055115814687,
        0.12249545390605802,
        0.2272680778030088,
        0.10141824565533121,
        0.11161741054891838,
        0.4668051920153612,
        0.22200998513740933,
        0.09768845211035461,
        0.29931087689554037,
        0.11397382875357369,
        0.30886209176965956,
        0.28923024576064044,
        0.06667986829152484,
        0.045210330295537254,
        0.40388704385058355,
        0.12820825242971684,
        0.10276368465991814,
        0.10051181485411988
    ],
    "setting": {
        "algorithm": "stupid_solution",
        "dimension": 5,
        "samples": 45,
        "sigma": 0.25,
        "signal": [
            0.8804509063256238,
            0.4402254531628119,
            0.0,
            0.0,
            0.1760901812651248
        ]
    },
    "timestamp": 1685192146.383004,
    "total_duration": 2.7542200088500977,
    "wrong_samples": [
        7,
        4,
        9,
        6,
        15,
        5,
        7,
        23,
        8,
        6,
        11,
        4,
        14,
        13,
        3,
        4,
        19,
        8,
        4,
        1
    ]
}