{
    "reconstruction_errors": [
        0.6685119532921611,
        0.6975874799900862,
        0.6354578504652749,
        0.7074834422063161,
        0.6890756427245545,
        0.648749476232495,
        0.6372292977565527,
        0.681759084062996,
        0.6525630180142835,
        0.610274102910523,
        0.6874812857091794,
        0.6326185469747989,
        0.6620557506419792,
        0.6471217621459817,
        0.6994741143669307,
        0.6142519644752259,
        0.6685172287847244,
        0.6382913686331598,
        0.6901972863611591,
        0.6563312186118114
    ],
    "setting": {
        "algorithm": "best_apriori",
        "dimension": 5,
        "samples": 70,
        "sigma": 0.25,
        "signal": [
            0.8804509063256238,
            0.4402254531628119,
            0.0,
            0.0,
            0.1760901812651248
        ]
    },
    "timestamp": 1684790113.167225,
    "total_duration": 3.6112921237945557,
    "wrong_samples": [
        52,
        53,
        51,
        53,
        53,
        52,
        48,
        52,
        51,
        50,
        49,
        46,
        49,
        51,
        52,
        48,
        52,
        51,
        50,
        53
    ]
}