{
    "reconstruction_errors": [
        0.6791165468083245,
        0.7011448156430298,
        0.6568118018605691,
        0.6866784905022918,
        0.675684868316498,
        0.6662841368867289,
        0.652364205042156,
        0.6956524280020892,
        0.6819838871725961,
        0.6233486771441276,
        0.6602440770335101,
        0.6207533762454682,
        0.6630590686114253,
        0.6715554608266123,
        0.7029373747814239,
        0.6381752755806845,
        0.6193495333737272,
        0.6535584856170041,
        0.6995518830818261,
        0.648608795869529
    ],
    "setting": {
        "algorithm": "best_apriori",
        "dimension": 5,
        "samples": 70,
        "sigma": 0.3,
        "signal": [
            0.8804509063256238,
            0.4402254531628119,
            0.0,
            0.0,
            0.1760901812651248
        ]
    },
    "timestamp": 1684790113.1771939,
    "total_duration": 3.5514886379241943,
    "wrong_samples": [
        53,
        54,
        52,
        51,
        50,
        52,
        48,
        52,
        52,
        49,
        47,
        47,
        52,
        54,
        51,
        49,
        49,
        50,
        55,
        53
    ]
}