{
    "reconstruction_errors": [
        0.2672652760879551,
        0.2369448948929171,
        0.7629470288568584,
        0.3803850820829604,
        0.14923941458242432,
        0.385926036148136,
        0.2513254281154759,
        0.5772384741504492,
        0.22436547829053807,
        0.2525665412127821,
        0.3443289580003051,
        0.2708679097390113,
        0.5688136758095917,
        0.6507629689697959,
        0.2223946366161268,
        0.4110736544711654,
        0.2796330104797858,
        0.21466007052353178,
        0.7689766673390148,
        0.6363407213909547
    ],
    "setting": {
        "algorithm": "stupid_solution",
        "dimension": 10,
        "samples": 70,
        "sigma": 0.3,
        "signal": [
            0.8804509063256238,
            0.4402254531628119,
            0.0,
            0.0,
            0.1760901812651248,
            0.0,
            0.0,
            0.0,
            0.0,
            0.0
        ]
    },
    "timestamp": 1685192153.928557,
    "total_duration": 2.3910958766937256,
    "wrong_samples": [
        24,
        16,
        44,
        28,
        14,
        30,
        18,
        40,
        11,
        24,
        25,
        19,
        38,
        49,
        17,
        26,
        18,
        18,
        47,
        41
    ]
}