{
    "reconstruction_errors": [
        0.4091014504348921,
        0.4216688135042018,
        0.4397089364948905,
        0.3833033041920256,
        0.4389290541725034,
        0.2922971635062644,
        0.6193903053241903,
        0.6165444566648869,
        0.7933232740568941,
        0.6402967890803445,
        0.7244059994508856,
        0.21620814418341083,
        0.1732538827918201,
        0.6643612242750645,
        0.6614045253035173,
        0.5670731057159859,
        0.49171569996186953,
        0.7154140773854881,
        0.5749003554283652,
        0.3706424596832921
    ],
    "setting": {
        "algorithm": "stupid_solution",
        "dimension": 15,
        "samples": 25,
        "sigma": 0.3,
        "signal": [
            0.8804509063256238,
            0.4402254531628119,
            0.0,
            0.0,
            0.1760901812651248,
            0.0,
            0.0,
            0.0,
            0.0,
            0.0,
            0.0,
            0.0,
            0.0,
            0.0,
            0.0
        ]
    },
    "timestamp": 1685192148.3866968,
    "total_duration": 0.6226050853729248,
    "wrong_samples": [
        7,
        10,
        12,
        7,
        12,
        6,
        14,
        11,
        18,
        13,
        17,
        4,
        5,
        16,
        12,
        10,
        10,
        17,
        10,
        7
    ]
}