{
    "reconstruction_errors": [
        0.8458156734325374,
        0.870071382890037,
        0.825245769229568,
        0.8495712308115709,
        0.802385252532919,
        0.5538599589998698,
        0.8365028001317746,
        0.8537796406065602,
        0.8156154585455663,
        0.8315528994869082,
        0.7856544034469845,
        0.8220099598711741,
        0.724452040990334,
        0.8516032435733139,
        0.7869091047623298,
        0.7905681172225232,
        0.8467270297175368,
        0.8426377764252683,
        0.8192689121699325,
        0.8277960712198562
    ],
    "setting": {
        "algorithm": "best_apriori",
        "dimension": 15,
        "samples": 15,
        "sigma": 0.3,
        "signal": [
            0.8804509063256238,
            0.4402254531628119,
            0.0,
            0.0,
            0.1760901812651248,
            0.0,
            0.0,
            0.0,
            0.0,
            0.0,
            0.0,
            0.0,
            0.0,
            0.0,
            0.0
        ]
    },
    "timestamp": 1684790119.4732397,
    "total_duration": 0.10116863250732422,
    "wrong_samples": [
        12,
        13,
        12,
        12,
        12,
        10,
        11,
        13,
        12,
        12,
        12,
        12,
        10,
        12,
        12,
        12,
        13,
        12,
        11,
        12
    ]
}