{
    "reconstruction_errors": [
        0.8198448661551656,
        0.8448749672336708,
        0.8496033704876129,
        0.8169986487221125,
        0.8705645499107713,
        0.8268458992044638,
        0.8116616635544159,
        0.815797008170395,
        0.8194881901140358,
        0.8435859034754403,
        0.7236040007599814,
        0.8473154305791761,
        0.7817348179253888,
        0.8052567577240413,
        0.8717447537802188,
        0.822063416910128,
        0.8382528339771304,
        0.8665518891413698,
        0.8338330475858954,
        0.75447730435011
    ],
    "setting": {
        "algorithm": "best_apriori",
        "dimension": 15,
        "samples": 45,
        "sigma": 0.3,
        "signal": [
            0.8804509063256238,
            0.4402254531628119,
            0.0,
            0.0,
            0.1760901812651248,
            0.0,
            0.0,
            0.0,
            0.0,
            0.0,
            0.0,
            0.0,
            0.0,
            0.0,
            0.0
        ]
    },
    "timestamp": 1684790115.113945,
    "total_duration": 1.1138694286346436,
    "wrong_samples": [
        38,
        39,
        37,
        39,
        39,
        39,
        39,
        39,
        38,
        39,
        36,
        39,
        36,
        39,
        38,
        39,
        40,
        39,
        39,
        36
    ]
}