{
    "reconstruction_errors": [
        0.8480250699785198,
        0.84235397509046,
        0.7882760949121028,
        0.8363975622264721,
        0.8807228643248989,
        0.8802999888804399,
        0.8190254489626507,
        0.8848826998862781,
        0.8799872628569568,
        0.8729228753440728,
        0.8553744230189702,
        0.7663668217109738,
        0.8655365526031107,
        0.8569073524611919,
        0.8529734341651456,
        0.8584988739361928,
        0.8542519920600538,
        0.8340896627517045,
        0.8781978428964524,
        0.8649267644713621
    ],
    "setting": {
        "algorithm": "best_apriori",
        "dimension": 15,
        "samples": 70,
        "sigma": 0.3,
        "signal": [
            0.8804509063256238,
            0.4402254531628119,
            0.0,
            0.0,
            0.1760901812651248,
            0.0,
            0.0,
            0.0,
            0.0,
            0.0,
            0.0,
            0.0,
            0.0,
            0.0,
            0.0
        ]
    },
    "timestamp": 1684790116.2931046,
    "total_duration": 2.3867197036743164,
    "wrong_samples": [
        61,
        62,
        60,
        62,
        63,
        59,
        62,
        60,
        63,
        62,
        62,
        59,
        61,
        63,
        61,
        62,
        62,
        61,
        63,
        62
    ]
}