{
    "reconstruction_errors": [
        0.653059964573404,
        0.5959882352337893,
        0.6452220168920454,
        0.6473309726594599,
        0.6964290086664023,
        0.7084213060626267,
        0.6411595769053582,
        0.6286530196452995,
        0.715932099703053,
        0.722904085866203,
        0.7162059299890294,
        0.6538080169335015,
        0.7028520728544995,
        0.6611566533609132,
        0.6653287979983539,
        0.6621830805920764,
        0.6192932741255702,
        0.7255802556308975,
        0.7091242699074148,
        0.626826169139748
    ],
    "setting": {
        "algorithm": "best_apriori",
        "dimension": 5,
        "samples": 45,
        "sigma": 0.3,
        "signal": [
            0.8804509063256238,
            0.4402254531628119,
            0.0,
            0.0,
            0.1760901812651248
        ]
    },
    "timestamp": 1684790113.1742039,
    "total_duration": 2.035928726196289,
    "wrong_samples": [
        32,
        33,
        33,
        33,
        33,
        33,
        32,
        31,
        34,
        35,
        33,
        31,
        35,
        35,
        33,
        33,
        33,
        33,
        31,
        33
    ]
}