{
    "reconstruction_errors": [
        0.46412331762243325,
        0.6417701221654488,
        0.6758192801918189,
        0.6509783186783334,
        0.7150584492220272,
        0.5930545937138625,
        0.584125861022392,
        0.6163832818679154,
        0.6623185810273787,
        0.6194977913706655,
        0.6731255483707407,
        0.7132460297174672,
        0.6780339760875358,
        0.7070482597200007,
        0.556933154919958,
        0.6806305500172507,
        0.5951999258786593,
        0.46632501296082757,
        0.6472743844245482,
        0.5238093913919064
    ],
    "setting": {
        "algorithm": "best_apriori",
        "dimension": 5,
        "samples": 25,
        "sigma": 0.3,
        "signal": [
            0.8804509063256238,
            0.4402254531628119,
            0.0,
            0.0,
            0.1760901812651248
        ]
    },
    "timestamp": 1684790113.1642356,
    "total_duration": 1.6252682209014893,
    "wrong_samples": [
        17,
        16,
        19,
        19,
        18,
        16,
        18,
        19,
        19,
        18,
        17,
        19,
        17,
        18,
        16,
        18,
        18,
        14,
        18,
        17
    ]
}