{
    "reconstruction_errors": [
        0.7103996984986818,
        0.6942766072337866,
        0.6681296548076878,
        0.7203648848287538,
        0.692633870743298,
        0.717189785277153,
        0.6402770093166157,
        0.6688492593788636,
        0.6891420394848198,
        0.6856872697877395,
        0.6739308638547454,
        0.7181431940601309,
        0.6865069356312377,
        0.6296634707777694,
        0.6962650552543899,
        0.690239938893594,
        0.6893570544829635,
        0.6796407550405128,
        0.6846949303316683,
        0.5920783705310507
    ],
    "setting": {
        "algorithm": "best_apriori",
        "dimension": 5,
        "samples": 100,
        "sigma": 0.3,
        "signal": [
            0.8804509063256238,
            0.4402254531628119,
            0.0,
            0.0,
            0.1760901812651248
        ]
    },
    "timestamp": 1684790114.4869905,
    "total_duration": 4.297991037368774,
    "wrong_samples": [
        78,
        75,
        72,
        74,
        77,
        78,
        74,
        76,
        77,
        77,
        78,
        78,
        77,
        72,
        76,
        72,
        75,
        76,
        73,
        72
    ]
}