{
    "reconstruction_errors": [
        0.33638861166897877,
        0.27981590183887795,
        0.1363067079606507,
        0.17136143013574825,
        0.1851060968622978,
        0.45518539954059545,
        0.46039420684188187,
        0.1516097860285468,
        0.5755178683438684,
        0.17113933417906568,
        0.21103481514202907,
        0.26926286161699803,
        0.16325765250072866,
        0.13384519913855383,
        0.2187047223702303,
        0.19563610202610407,
        0.42406696133220084,
        0.5069228939362536,
        0.5185403163715678,
        0.11911004716250634
    ],
    "setting": {
        "algorithm": "stupid_solution",
        "dimension": 5,
        "samples": 15,
        "sigma": 0.3,
        "signal": [
            0.8804509063256238,
            0.4402254531628119,
            0.0,
            0.0,
            0.1760901812651248
        ]
    },
    "timestamp": 1685192146.3869958,
    "total_duration": 1.427187204360962,
    "wrong_samples": [
        6,
        5,
        2,
        5,
        2,
        7,
        8,
        2,
        9,
        1,
        3,
        3,
        1,
        3,
        4,
        3,
        7,
        7,
        6,
        2
    ]
}