{
    "reconstruction_errors": [
        0.22057786418814915,
        0.24870135396236837,
        0.41915928223902876,
        0.647877145193404,
        0.443915848242047,
        0.40545696914851914,
        0.17874633145272759,
        0.18838926776944123,
        0.6008859587023603,
        0.21358242714058864,
        0.3928336987696157,
        0.4712071724247205,
        0.6949087708839146,
        0.4815762553655559,
        0.2934904861127558,
        0.5269456337320028,
        0.263017809980104,
        0.30458845456921807,
        0.20700080201334717,
        0.8529581884441689
    ],
    "setting": {
        "algorithm": "stupid_solution",
        "dimension": 10,
        "samples": 15,
        "sigma": 0.3,
        "signal": [
            0.8804509063256238,
            0.4402254531628119,
            0.0,
            0.0,
            0.1760901812651248,
            0.0,
            0.0,
            0.0,
            0.0,
            0.0
        ]
    },
    "timestamp": 1685192147.9599674,
    "total_duration": 0.18589568138122559,
    "wrong_samples": [
        2,
        3,
        5,
        6,
        3,
        3,
        1,
        3,
        6,
        3,
        6,
        6,
        8,
        8,
        3,
        8,
        4,
        4,
        5,
        9
    ]
}