{
    "reconstruction_errors": [
        0.796023213608803,
        0.842314314847345,
        0.8216938606098182,
        0.8683145359313589,
        0.7853733356887183,
        0.8266806610287563,
        0.7817846226615016,
        0.791511143599249,
        0.8023448204760716,
        0.7612012533879594,
        0.7595465584140033,
        0.8853539342992406,
        0.8624997670048812,
        0.7990455515729493,
        0.8100227620114996,
        0.820537559706183,
        0.8224168310576535,
        0.8008286696413713,
        0.8252416010479648,
        0.854400158253507
    ],
    "setting": {
        "algorithm": "best_apriori",
        "dimension": 15,
        "samples": 25,
        "sigma": 0.3,
        "signal": [
            0.8804509063256238,
            0.4402254531628119,
            0.0,
            0.0,
            0.1760901812651248,
            0.0,
            0.0,
            0.0,
            0.0,
            0.0,
            0.0,
            0.0,
            0.0,
            0.0,
            0.0
        ]
    },
    "timestamp": 1684790115.1787298,
    "total_duration": 0.3797638416290283,
    "wrong_samples": [
        21,
        21,
        21,
        22,
        21,
        21,
        20,
        22,
        21,
        20,
        21,
        21,
        21,
        22,
        21,
        21,
        20,
        22,
        22,
        20
    ]
}