{
    "reconstruction_errors": [
        0.24969292357332057,
        0.3123617139284456,
        0.13288757320732072,
        0.25837058455847683,
        0.3875329067918378,
        0.12101444141298566,
        0.3002131909184803,
        0.16486123660403262,
        0.2471175790568199,
        0.24120685583482204,
        0.3360683734919932,
        0.11437795208578395,
        0.15927974022161182,
        0.21540869089129547,
        0.3750568779050481,
        0.3206366056409692,
        0.26866294154616877,
        0.20708009534570224,
        0.6260815334968978,
        0.26351607039389413
    ],
    "setting": {
        "algorithm": "stupid_solution",
        "dimension": 5,
        "samples": 70,
        "sigma": 0.3,
        "signal": [
            0.8804509063256238,
            0.4402254531628119,
            0.0,
            0.0,
            0.1760901812651248
        ]
    },
    "timestamp": 1685192146.4185207,
    "total_duration": 4.844125032424927,
    "wrong_samples": [
        16,
        24,
        13,
        23,
        27,
        13,
        22,
        18,
        18,
        22,
        29,
        13,
        15,
        19,
        24,
        27,
        26,
        16,
        42,
        26
    ]
}