{
    "reconstruction_errors": [
        0.607935126966499,
        0.8115848416088408,
        0.2405812318973195,
        0.6029666849121021,
        0.4670704272310945,
        0.4601179221546649,
        0.20711412882125294,
        0.43999680144963016,
        0.49907935321408964,
        0.8319456363304598,
        0.414519544160035,
        0.5026317009610939,
        0.763943147678634,
        0.6690422437455154,
        0.5907402684886908,
        0.2706240034400744,
        0.7810148290564902,
        0.16619279338300405,
        0.5084096371437067,
        0.30019793712217246
    ],
    "setting": {
        "algorithm": "stupid_solution",
        "dimension": 15,
        "samples": 100,
        "sigma": 0.3,
        "signal": [
            0.8804509063256238,
            0.4402254531628119,
            0.0,
            0.0,
            0.1760901812651248,
            0.0,
            0.0,
            0.0,
            0.0,
            0.0,
            0.0,
            0.0,
            0.0,
            0.0,
            0.0
        ]
    },
    "timestamp": 1685192150.7298295,
    "total_duration": 5.554768800735474,
    "wrong_samples": [
        60,
        72,
        31,
        63,
        48,
        48,
        25,
        49,
        48,
        76,
        45,
        57,
        75,
        60,
        54,
        33,
        73,
        9,
        55,
        36
    ]
}