{
    "reconstruction_errors": [
        0.8725514618971233,
        0.8813344620656799,
        0.8665092541521794,
        0.8680578028243041,
        0.8609392513792766,
        0.8948759395125991,
        0.8422299715834677,
        0.8217494465558774,
        0.8897819909439997,
        0.8647170548051789,
        0.8520732573280377,
        0.8270101734977909,
        0.854529468454885,
        0.8501354996020237,
        0.8914058055687446,
        0.8319259503651957,
        0.8409609118205945,
        0.8755502089109753,
        0.8148544656181769,
        0.8576770967258461
    ],
    "setting": {
        "algorithm": "best_apriori",
        "dimension": 15,
        "samples": 100,
        "sigma": 0.3,
        "signal": [
            0.8804509063256238,
            0.4402254531628119,
            0.0,
            0.0,
            0.1760901812651248,
            0.0,
            0.0,
            0.0,
            0.0,
            0.0,
            0.0,
            0.0,
            0.0,
            0.0,
            0.0
        ]
    },
    "timestamp": 1684790115.6825883,
    "total_duration": 4.349828243255615,
    "wrong_samples": [
        89,
        89,
        90,
        88,
        89,
        91,
        87,
        89,
        89,
        85,
        89,
        88,
        87,
        87,
        90,
        85,
        89,
        89,
        87,
        88
    ]
}