{
    "reconstruction_errors": [
        0.7564106067940682,
        0.689809403583054,
        0.7952790521700808,
        0.812895253129092,
        0.7505498698760567,
        0.7300077007722634,
        0.7630386321082825,
        0.7824551428707586,
        0.7892213071607181,
        0.5827180882911939,
        0.6418526219390387,
        0.8359243525864226,
        0.7930701495348085,
        0.6701434043363379,
        0.7383141932343033,
        0.7534092514415188,
        0.8028329760853234,
        0.7328871094775333,
        0.8387364455580278,
        0.7683528814814798
    ],
    "setting": {
        "algorithm": "best_apriori",
        "dimension": 10,
        "samples": 25,
        "sigma": 0.3,
        "signal": [
            0.8804509063256238,
            0.4402254531628119,
            0.0,
            0.0,
            0.1760901812651248,
            0.0,
            0.0,
            0.0,
            0.0,
            0.0
        ]
    },
    "timestamp": 1684790115.5086603,
    "total_duration": 0.3847470283508301,
    "wrong_samples": [
        20,
        19,
        20,
        21,
        19,
        18,
        18,
        21,
        19,
        16,
        19,
        21,
        21,
        18,
        17,
        19,
        19,
        20,
        20,
        20
    ]
}