{
    "reconstruction_errors": [
        0.13144738231108002,
        0.18540949042581173,
        0.1845123126651099,
        0.1619618534616429,
        0.2798969303470254,
        0.13025996902142958,
        0.40052789998599675,
        0.5452944959487026,
        0.4633091893617019,
        0.11247964491621587,
        0.4719967460878442,
        0.14521653519390074,
        0.2835585248603218,
        0.35050032850855517,
        0.11686422961284718,
        0.04792261703081001,
        0.31378250622705967,
        0.16383534377857578,
        0.13733652691044232,
        0.14484401877457725
    ],
    "setting": {
        "algorithm": "stupid_solution",
        "dimension": 5,
        "samples": 45,
        "sigma": 0.3,
        "signal": [
            0.8804509063256238,
            0.4402254531628119,
            0.0,
            0.0,
            0.1760901812651248
        ]
    },
    "timestamp": 1685192146.3754964,
    "total_duration": 2.8515563011169434,
    "wrong_samples": [
        11,
        7,
        13,
        9,
        17,
        6,
        21,
        26,
        19,
        6,
        19,
        8,
        12,
        15,
        7,
        6,
        15,
        10,
        5,
        4
    ]
}