{
    "reconstruction_errors": [
        0.7781632950070428,
        0.6315395602319472,
        0.7498247344882173,
        0.7733848180322014,
        0.7642127063969028,
        0.7653863360540576,
        0.8117308721658069,
        0.7596541252999782,
        0.7883973836994205,
        0.7898916889016394,
        0.7689213440133695,
        0.8149469398532594,
        0.7586481211328069,
        0.7753505580567939,
        0.7948851916390974,
        0.6908138405496115,
        0.8163295650725769,
        0.7599861785972487,
        0.7936599866596364,
        0.674748887862817
    ],
    "setting": {
        "algorithm": "best_apriori",
        "dimension": 10,
        "samples": 45,
        "sigma": 0.3,
        "signal": [
            0.8804509063256238,
            0.4402254531628119,
            0.0,
            0.0,
            0.1760901812651248,
            0.0,
            0.0,
            0.0,
            0.0,
            0.0
        ]
    },
    "timestamp": 1684790116.474009,
    "total_duration": 0.9738278388977051,
    "wrong_samples": [
        37,
        32,
        34,
        37,
        36,
        33,
        36,
        35,
        37,
        36,
        34,
        34,
        32,
        36,
        37,
        31,
        37,
        32,
        34,
        35
    ]
}