{
    "reconstruction_errors": [
        0.1733043297873923,
        0.3572982239554616,
        0.08645444689875412,
        0.4483849428097246,
        0.29296723910791306,
        0.3846789160256728,
        0.06187362940121299,
        0.40226779647984223,
        0.1941709970571466,
        0.2723981630680597,
        0.2367335313548126,
        0.12771639452849173,
        0.2736870053507471,
        0.10597440624840425,
        0.47945843410143374,
        0.160151378507339,
        0.4891090718641247,
        0.19912475702359678,
        0.3548082087512603,
        0.515332726990721
    ],
    "setting": {
        "algorithm": "stupid_solution",
        "dimension": 5,
        "samples": 25,
        "sigma": 0.3,
        "signal": [
            0.8804509063256238,
            0.4402254531628119,
            0.0,
            0.0,
            0.1760901812651248
        ]
    },
    "timestamp": 1685192146.3684657,
    "total_duration": 1.6779286861419678,
    "wrong_samples": [
        4,
        7,
        5,
        12,
        4,
        8,
        2,
        14,
        4,
        7,
        5,
        2,
        10,
        4,
        10,
        2,
        12,
        6,
        6,
        14
    ]
}