{
    "reconstruction_errors": [
        0.7216030392844659,
        0.19065971981305124,
        0.350403436946502,
        0.5186938898688013,
        0.24882640342487572,
        0.17791567854717683,
        0.4535016226475885,
        0.7136042805664996,
        0.5973688915529103,
        0.6010975782132042,
        0.3970541289114675,
        0.715486259951903,
        0.49647617239190045,
        0.4024414710183085,
        0.43020246843087456,
        0.3202009277251024,
        0.668081869110346,
        0.7938826416099865,
        0.4435994867364599,
        0.36990207322546775
    ],
    "setting": {
        "algorithm": "stupid_solution",
        "dimension": 15,
        "samples": 45,
        "sigma": 0.3,
        "signal": [
            0.8804509063256238,
            0.4402254531628119,
            0.0,
            0.0,
            0.1760901812651248,
            0.0,
            0.0,
            0.0,
            0.0,
            0.0,
            0.0,
            0.0,
            0.0,
            0.0,
            0.0
        ]
    },
    "timestamp": 1685192148.9303226,
    "total_duration": 1.7191121578216553,
    "wrong_samples": [
        27,
        9,
        20,
        22,
        10,
        6,
        20,
        29,
        23,
        26,
        18,
        29,
        20,
        19,
        18,
        14,
        29,
        33,
        18,
        12
    ]
}