{
    "reconstruction_errors": [
        0.7888416523480333,
        0.8172253621706389,
        0.8477720360522014,
        0.7862217731542955,
        0.8117451421287949,
        0.8416003236687912,
        0.8433352035241701,
        0.7925168901535842,
        0.7484780436350889,
        0.8191185052165616,
        0.7792747083906397,
        0.8167838099998868,
        0.7640753493360044,
        0.7902597551725755,
        0.8220192176347452,
        0.7651311943393339,
        0.7655083479708794,
        0.8068944994121089,
        0.8146034819651188,
        0.7970263490669334
    ],
    "setting": {
        "algorithm": "best_apriori",
        "dimension": 10,
        "samples": 100,
        "sigma": 0.3,
        "signal": [
            0.8804509063256238,
            0.4402254531628119,
            0.0,
            0.0,
            0.1760901812651248,
            0.0,
            0.0,
            0.0,
            0.0,
            0.0
        ]
    },
    "timestamp": 1684790114.613077,
    "total_duration": 4.85717248916626,
    "wrong_samples": [
        81,
        80,
        84,
        76,
        80,
        81,
        82,
        83,
        79,
        84,
        80,
        81,
        78,
        81,
        80,
        78,
        76,
        80,
        79,
        75
    ]
}