{
    "reconstruction_errors": [
        0.7774980046245432,
        0.7413879057928862,
        0.6135888377151956,
        0.7893773301994088,
        0.6715801399435714,
        0.839540374326842,
        0.7130824369718418,
        0.7409451271064511,
        0.8118673226217545,
        0.7922801310759651,
        0.7625534840267196,
        0.6502184137807567,
        0.7362668008686235,
        0.7319604102692158,
        0.7467027712421018,
        0.7615532546861149,
        0.7589691122081805,
        0.6630064399405343,
        0.703391535741023,
        0.754270158250696
    ],
    "setting": {
        "algorithm": "best_apriori",
        "dimension": 10,
        "samples": 15,
        "sigma": 0.3,
        "signal": [
            0.8804509063256238,
            0.4402254531628119,
            0.0,
            0.0,
            0.1760901812651248,
            0.0,
            0.0,
            0.0,
            0.0,
            0.0
        ]
    },
    "timestamp": 1684790114.74016,
    "total_duration": 0.1031637191772461,
    "wrong_samples": [
        11,
        10,
        10,
        11,
        10,
        12,
        10,
        10,
        11,
        10,
        12,
        12,
        11,
        11,
        12,
        12,
        11,
        10,
        10,
        11
    ]
}