{
    "reconstruction_errors": [
        0.328216795492229,
        0.22541039408787625,
        0.39368406261706035,
        0.26358641429151103,
        0.5183261220532146,
        0.5454234708983613,
        0.27824740646043694,
        0.33601835485870885,
        0.33976664167565696,
        0.7246096963273801,
        0.14774409821346507,
        0.4317491079745974,
        0.4311517881682153,
        0.44994535359541016,
        0.2669108426292473,
        0.4899893854970508,
        0.3335932779847302,
        0.3721851400786805,
        0.1745057131430321,
        0.10452951261676598
    ],
    "setting": {
        "algorithm": "stupid_solution",
        "dimension": 10,
        "samples": 100,
        "sigma": 0.3,
        "signal": [
            0.8804509063256238,
            0.4402254531628119,
            0.0,
            0.0,
            0.1760901812651248,
            0.0,
            0.0,
            0.0,
            0.0,
            0.0
        ]
    },
    "timestamp": 1685192148.0039353,
    "total_duration": 6.656561374664307,
    "wrong_samples": [
        34,
        26,
        36,
        33,
        55,
        44,
        30,
        37,
        36,
        64,
        18,
        46,
        34,
        45,
        30,
        44,
        37,
        32,
        18,
        18
    ]
}