{
    "reconstruction_errors": [
        0.4629820199336166,
        0.41131244708157927,
        0.4599687573067786,
        0.5703177990596533,
        0.420974113140633,
        0.6046978742777047,
        0.24704822196519532,
        0.5772201836588177,
        0.339245968009283,
        0.8000567702795379,
        0.4566925620037208,
        0.5493234580372384,
        0.3154460722433032,
        0.398611797014956,
        0.46979971299278833,
        0.6834263545171216,
        0.31820885782381614,
        0.7528776771664161,
        0.8583136854342225,
        0.14797390591896611
    ],
    "setting": {
        "algorithm": "stupid_solution",
        "dimension": 15,
        "samples": 70,
        "sigma": 0.3,
        "signal": [
            0.8804509063256238,
            0.4402254531628119,
            0.0,
            0.0,
            0.1760901812651248,
            0.0,
            0.0,
            0.0,
            0.0,
            0.0,
            0.0,
            0.0,
            0.0,
            0.0,
            0.0
        ]
    },
    "timestamp": 1685192150.651939,
    "total_duration": 3.2179925441741943,
    "wrong_samples": [
        36,
        31,
        39,
        36,
        36,
        36,
        19,
        39,
        21,
        55,
        33,
        35,
        24,
        29,
        31,
        43,
        25,
        47,
        53,
        13
    ]
}