{
    "reconstruction_errors": [
        0.6755769728060151,
        0.5097530807909741,
        0.6650324942174131,
        0.3901536509418347,
        0.5956555325140733,
        0.6273150347080001,
        0.6714689477589538,
        0.6869843269498551,
        0.6270270420322174,
        0.6763404967922056,
        0.5250651159341736,
        0.5650318833178342,
        0.581789345151477,
        0.600355259218381,
        0.7220726609420383,
        0.5664656288035737,
        0.5894505182048742,
        0.5955226782607276,
        0.5872596568872909,
        0.5583342923186086
    ],
    "setting": {
        "algorithm": "best_apriori",
        "dimension": 5,
        "samples": 15,
        "sigma": 0.3,
        "signal": [
            0.8804509063256238,
            0.4402254531628119,
            0.0,
            0.0,
            0.1760901812651248
        ]
    },
    "timestamp": 1684790113.1936493,
    "total_duration": 1.2629334926605225,
    "wrong_samples": [
        11,
        9,
        11,
        10,
        9,
        9,
        11,
        11,
        10,
        11,
        9,
        11,
        11,
        10,
        11,
        9,
        11,
        9,
        11,
        10
    ]
}