{
    "reconstruction_errors": [
        0.8337888804997122,
        0.799717907229836,
        0.7551458318184006,
        0.7770060876389284,
        0.762270660041655,
        0.7618538421282112,
        0.8082523378421159,
        0.7711955226643884,
        0.7647286752890323,
        0.823974117270007,
        0.7770642401388534,
        0.7478532388203687,
        0.8155378279071149,
        0.8225672852973186,
        0.8281851798236668,
        0.7740266413902441,
        0.7930685999891011,
        0.7780117621877531,
        0.7062410625391914,
        0.8078548143261987
    ],
    "setting": {
        "algorithm": "best_apriori",
        "dimension": 10,
        "samples": 70,
        "sigma": 0.3,
        "signal": [
            0.8804509063256238,
            0.4402254531628119,
            0.0,
            0.0,
            0.1760901812651248,
            0.0,
            0.0,
            0.0,
            0.0,
            0.0
        ]
    },
    "timestamp": 1684790118.6090598,
    "total_duration": 1.394453525543213,
    "wrong_samples": [
        57,
        55,
        58,
        55,
        52,
        56,
        55,
        60,
        52,
        55,
        57,
        56,
        58,
        58,
        56,
        54,
        56,
        53,
        55,
        57
    ]
}