{
    "reconstruction_errors": [
        0.7446501286083265,
        0.6756256986375051,
        0.7918044628123244,
        0.7981936925678133,
        0.6374185236468847,
        0.5958241041407601,
        0.47605409789977277,
        0.8143552175600404,
        0.5268213568912894,
        0.9857537191983353,
        0.8147952059142292,
        0.7062189149234777,
        0.556792749064463,
        0.5983660017913709,
        0.6751732943422805,
        0.8261255951005241,
        0.5807821616514426,
        0.7565534228420352,
        0.9367469090265468,
        0.33176746968962706
    ],
    "setting": {
        "algorithm": "stupid_solution",
        "dimension": 15,
        "samples": 70,
        "sigma": 0.4,
        "signal": [
            0.8804509063256238,
            0.4402254531628119,
            0.0,
            0.0,
            0.1760901812651248,
            0.0,
            0.0,
            0.0,
            0.0,
            0.0,
            0.0,
            0.0,
            0.0,
            0.0,
            0.0
        ]
    },
    "timestamp": 1685192150.6174402,
    "total_duration": 3.1633801460266113,
    "wrong_samples": [
        51,
        47,
        57,
        45,
        49,
        45,
        35,
        50,
        34,
        60,
        52,
        45,
        39,
        39,
        43,
        52,
        39,
        49,
        54,
        34
    ]
}