{
    "reconstruction_errors": [
        0.8019824122940349,
        0.7698246575355331,
        1.0618780756659747,
        0.6915506264552906,
        0.9359350245195773,
        0.8927202029839415,
        0.9456923493113888,
        0.8881234575754113,
        0.8842198281371589,
        0.9587020437227209,
        0.9057332368165367,
        0.7680920720562178,
        0.9182928671401307,
        0.7687482153786513,
        0.7273532686762432,
        0.4655090296071168,
        0.8135928452699881,
        1.0150444779272854,
        0.9069868240682838,
        0.5391300687464303
    ],
    "setting": {
        "algorithm": "stupid_solution",
        "dimension": 15,
        "samples": 15,
        "sigma": 0.4,
        "signal": [
            0.8804509063256238,
            0.4402254531628119,
            0.0,
            0.0,
            0.1760901812651248,
            0.0,
            0.0,
            0.0,
            0.0,
            0.0,
            0.0,
            0.0,
            0.0,
            0.0,
            0.0
        ]
    },
    "timestamp": 1685192154.662991,
    "total_duration": 0.13096213340759277,
    "wrong_samples": [
        9,
        7,
        12,
        7,
        12,
        11,
        11,
        10,
        10,
        12,
        11,
        10,
        9,
        12,
        7,
        6,
        9,
        10,
        8,
        4
    ]
}