{
    "reconstruction_errors": [
        0.8696153709478294,
        0.8348070107630099,
        0.8723908538337443,
        0.8614409895879961,
        0.8649888799461813,
        0.8699285260477576,
        0.8323410731112044,
        0.8464217265870189,
        0.8743305099381194,
        0.8249631793900719,
        0.856482653375604,
        0.857032731047541,
        0.8503004514650002,
        0.8253527931160579,
        0.8773511901603959,
        0.8051368162027381,
        0.8305847220650673,
        0.8644442363246013,
        0.8235935784727544,
        0.8491465148550297
    ],
    "setting": {
        "algorithm": "best_apriori",
        "dimension": 15,
        "samples": 100,
        "sigma": 0.4,
        "signal": [
            0.8804509063256238,
            0.4402254531628119,
            0.0,
            0.0,
            0.1760901812651248,
            0.0,
            0.0,
            0.0,
            0.0,
            0.0,
            0.0,
            0.0,
            0.0,
            0.0,
            0.0
        ]
    },
    "timestamp": 1684790117.9437244,
    "total_duration": 3.1756412982940674,
    "wrong_samples": [
        90,
        89,
        89,
        88,
        89,
        90,
        88,
        89,
        88,
        86,
        89,
        89,
        89,
        86,
        86,
        85,
        90,
        88,
        87,
        87
    ]
}