{
    "reconstruction_errors": [
        0.42733176139493323,
        0.26604856373212554,
        0.24351069264944541,
        0.13428999352461843,
        0.4100086620494131,
        0.5990826259130074,
        0.606998835770732,
        0.2580386335217584,
        0.3594065492888805,
        0.3074583925050889,
        0.4928790942048713,
        0.4336532065719224,
        0.3289803084180501,
        0.3701224869126951,
        0.30754285553304445,
        0.4848847909592701,
        0.470897528384456,
        0.3356106294896001,
        0.627030031203259,
        0.2703551597172865
    ],
    "setting": {
        "algorithm": "stupid_solution",
        "dimension": 5,
        "samples": 15,
        "sigma": 0.4,
        "signal": [
            0.8804509063256238,
            0.4402254531628119,
            0.0,
            0.0,
            0.1760901812651248
        ]
    },
    "timestamp": 1685192146.3784866,
    "total_duration": 1.4421894550323486,
    "wrong_samples": [
        8,
        5,
        3,
        4,
        6,
        6,
        8,
        2,
        7,
        3,
        6,
        6,
        5,
        7,
        5,
        6,
        7,
        7,
        7,
        4
    ]
}