{
    "reconstruction_errors": [
        0.7405453045294612,
        0.8420826334676303,
        0.829695582630747,
        0.7507362619892862,
        0.8041630457674396,
        0.6552418585979836,
        0.8300521062727473,
        0.7671722051778023,
        0.8564400112178711,
        0.7480527748185967,
        0.8399741845255952,
        0.8142028287291103,
        0.7751840618252402,
        0.7871726711387683,
        0.849043919218128,
        0.7651563790586137,
        0.7280183723448045,
        0.772812662867699,
        0.7321951447422078,
        0.8256930981475645
    ],
    "setting": {
        "algorithm": "best_apriori",
        "dimension": 15,
        "samples": 15,
        "sigma": 0.4,
        "signal": [
            0.8804509063256238,
            0.4402254531628119,
            0.0,
            0.0,
            0.1760901812651248,
            0.0,
            0.0,
            0.0,
            0.0,
            0.0,
            0.0,
            0.0,
            0.0,
            0.0,
            0.0
        ]
    },
    "timestamp": 1684790114.8014638,
    "total_duration": 0.12010693550109863,
    "wrong_samples": [
        11,
        13,
        12,
        12,
        12,
        11,
        10,
        12,
        12,
        12,
        11,
        13,
        11,
        12,
        12,
        11,
        12,
        12,
        11,
        12
    ]
}