{
    "reconstruction_errors": [
        0.6823023711125032,
        0.6089870241066765,
        0.7211771077269803,
        0.3436733955768317,
        0.6423922742616839,
        0.7144951331650168,
        0.6352367151870251,
        0.7108363660543484,
        0.6458695332064703,
        0.5778872388175293,
        0.6041978097794881,
        0.4748804325486436,
        0.709678101564395,
        0.5073262284523667,
        0.7358200227127422,
        0.5458121520493524,
        0.5530987251254843,
        0.616104032904212,
        0.6092867951798803,
        0.5310776667628225
    ],
    "setting": {
        "algorithm": "best_apriori",
        "dimension": 5,
        "samples": 15,
        "sigma": 0.4,
        "signal": [
            0.8804509063256238,
            0.4402254531628119,
            0.0,
            0.0,
            0.1760901812651248
        ]
    },
    "timestamp": 1684790113.1622415,
    "total_duration": 1.2335450649261475,
    "wrong_samples": [
        11,
        10,
        10,
        11,
        10,
        10,
        9,
        10,
        10,
        11,
        11,
        10,
        10,
        9,
        10,
        10,
        11,
        9,
        11,
        10
    ]
}