{
    "reconstruction_errors": [
        0.7057239489498736,
        0.6632002937783318,
        0.7093323730034794,
        0.7973275845570894,
        0.5905026032632865,
        0.7441831637914557,
        0.6639057604429789,
        0.5374435836631852,
        0.7954831260364097,
        0.7897324373551714,
        0.8093608483202333,
        0.6705917314699801,
        0.7719803117439542,
        0.8002402891918917,
        0.7508893746783706,
        0.7180542428413775,
        0.7864990347735129,
        0.6946819323584198,
        0.7741252364953269,
        0.7700766705918743
    ],
    "setting": {
        "algorithm": "best_apriori",
        "dimension": 10,
        "samples": 15,
        "sigma": 0.4,
        "signal": [
            0.8804509063256238,
            0.4402254531628119,
            0.0,
            0.0,
            0.1760901812651248,
            0.0,
            0.0,
            0.0,
            0.0,
            0.0
        ]
    },
    "timestamp": 1684790114.7770383,
    "total_duration": 0.10515689849853516,
    "wrong_samples": [
        11,
        11,
        11,
        12,
        10,
        11,
        12,
        10,
        12,
        10,
        12,
        12,
        11,
        12,
        11,
        12,
        10,
        10,
        11,
        11
    ]
}