{
    "reconstruction_errors": [
        0.3651050490459758,
        0.5196474273638296,
        0.18852454684728742,
        0.2500248353985452,
        0.29789289173498557,
        0.20247331149953332,
        0.12079190901573693,
        0.3203011466819934,
        0.2541515170943556,
        0.4258216999352971,
        0.48682719647087636,
        0.22477403503073629,
        0.3065564783159412,
        0.326836285416291,
        0.556059507731867,
        0.506800028912118,
        0.5925531658758355,
        0.42173366455123495,
        0.8349650049303564,
        0.48397006977553514
    ],
    "setting": {
        "algorithm": "stupid_solution",
        "dimension": 5,
        "samples": 70,
        "sigma": 0.4,
        "signal": [
            0.8804509063256238,
            0.4402254531628119,
            0.0,
            0.0,
            0.1760901812651248
        ]
    },
    "timestamp": 1685192146.3724887,
    "total_duration": 3.952298402786255,
    "wrong_samples": [
        24,
        37,
        22,
        25,
        18,
        21,
        18,
        34,
        22,
        31,
        34,
        23,
        29,
        25,
        34,
        36,
        42,
        31,
        51,
        38
    ]
}