{
    "reconstruction_errors": [
        0.8200772105494093,
        0.3412325550778006,
        0.5900445295917894,
        0.7329948736101076,
        0.5957498666148174,
        0.35782635579560723,
        0.6597684743745305,
        0.8825761035142803,
        0.8693229759391039,
        0.8690984188571971,
        0.6459829631890054,
        0.8953364943035761,
        0.8088201744490462,
        0.6334922655495606,
        0.7859101960846132,
        0.6316544106346258,
        0.9325090830296704,
        0.881278164475323,
        0.7290280074283328,
        0.6371911557480445
    ],
    "setting": {
        "algorithm": "stupid_solution",
        "dimension": 15,
        "samples": 45,
        "sigma": 0.4,
        "signal": [
            0.8804509063256238,
            0.4402254531628119,
            0.0,
            0.0,
            0.1760901812651248,
            0.0,
            0.0,
            0.0,
            0.0,
            0.0,
            0.0,
            0.0,
            0.0,
            0.0,
            0.0
        ]
    },
    "timestamp": 1685192148.7792938,
    "total_duration": 1.853163242340088,
    "wrong_samples": [
        31,
        18,
        29,
        28,
        24,
        17,
        27,
        34,
        34,
        36,
        25,
        34,
        29,
        27,
        30,
        25,
        36,
        34,
        28,
        26
    ]
}