{
    "reconstruction_errors": [
        0.770305858679327,
        0.7605482974798431,
        0.7500536454255746,
        0.7933821951274458,
        0.7706305182807113,
        0.7932836957926426,
        0.7571286091284349,
        0.7256052421235989,
        0.7535272594206245,
        0.8142116931050253,
        0.8448913742773286,
        0.7671431506749004,
        0.8044236245696185,
        0.8328007235204236,
        0.7732044359896996,
        0.8364659476241161,
        0.818941292409126,
        0.7786398632500977,
        0.6780873838185559,
        0.7917748005379501
    ],
    "setting": {
        "algorithm": "best_apriori",
        "dimension": 10,
        "samples": 70,
        "sigma": 0.4,
        "signal": [
            0.8804509063256238,
            0.4402254531628119,
            0.0,
            0.0,
            0.1760901812651248,
            0.0,
            0.0,
            0.0,
            0.0,
            0.0
        ]
    },
    "timestamp": 1684790118.273149,
    "total_duration": 1.626204013824463,
    "wrong_samples": [
        59,
        56,
        59,
        60,
        53,
        60,
        57,
        55,
        53,
        57,
        57,
        59,
        58,
        58,
        58,
        56,
        55,
        58,
        52,
        57
    ]
}