{
    "reconstruction_errors": [
        0.7891827966566792,
        0.8375011091074683,
        0.8318840170682033,
        0.7847249055646645,
        0.7897412518145646,
        0.820436250099708,
        0.8492080630048467,
        0.816160255094064,
        0.8030425130782232,
        0.7625217013269321,
        0.8083579260702186,
        0.795735599111529,
        0.7474612154539995,
        0.769885110893677,
        0.8271373317171422,
        0.83883090269189,
        0.8132979425081562,
        0.7401617215269205,
        0.8148249827795849,
        0.8079567804098027
    ],
    "setting": {
        "algorithm": "best_apriori",
        "dimension": 10,
        "samples": 100,
        "sigma": 0.4,
        "signal": [
            0.8804509063256238,
            0.4402254531628119,
            0.0,
            0.0,
            0.1760901812651248,
            0.0,
            0.0,
            0.0,
            0.0,
            0.0
        ]
    },
    "timestamp": 1684790118.786975,
    "total_duration": 2.7669692039489746,
    "wrong_samples": [
        84,
        85,
        85,
        77,
        86,
        83,
        83,
        86,
        84,
        81,
        83,
        84,
        82,
        82,
        83,
        84,
        84,
        85,
        78,
        81
    ]
}