{
    "reconstruction_errors": [
        0.7898815563876533,
        0.8492394677464151,
        0.8510405174699212,
        0.7910136297414936,
        0.8334124705955405,
        0.7999763315339633,
        0.8849038870246874,
        0.7730373100291756,
        0.8006498478127125,
        0.8378276397560033,
        0.8161377769692013,
        0.8622332547135009,
        0.8233391763035034,
        0.7676147520670573,
        0.8652558326019781,
        0.8424962007383909,
        0.8115030147661815,
        0.8086092703488433,
        0.8087042235219938,
        0.7639910589281254
    ],
    "setting": {
        "algorithm": "best_apriori",
        "dimension": 15,
        "samples": 45,
        "sigma": 0.4,
        "signal": [
            0.8804509063256238,
            0.4402254531628119,
            0.0,
            0.0,
            0.1760901812651248,
            0.0,
            0.0,
            0.0,
            0.0,
            0.0,
            0.0,
            0.0,
            0.0,
            0.0,
            0.0
        ]
    },
    "timestamp": 1684790116.1535542,
    "total_duration": 0.9837939739227295,
    "wrong_samples": [
        38,
        38,
        39,
        38,
        38,
        39,
        38,
        38,
        38,
        39,
        36,
        40,
        38,
        38,
        39,
        37,
        39,
        38,
        38,
        39
    ]
}