{
    "reconstruction_errors": [
        0.5442247569285656,
        0.42890007259635116,
        0.9372832483349955,
        0.5612632973557825,
        0.27532458447318653,
        0.6409803493081973,
        0.4997111897826983,
        0.558462691615027,
        0.3631383268931025,
        0.4932938744372073,
        0.5861790160420572,
        0.5141425453850735,
        0.8830241121368579,
        0.709816482571256,
        0.6235272852104806,
        0.642005733472582,
        0.5323365425687537,
        0.3526931466589939,
        0.8524248239544079,
        0.8763569912933717
    ],
    "setting": {
        "algorithm": "stupid_solution",
        "dimension": 10,
        "samples": 70,
        "sigma": 0.4,
        "signal": [
            0.8804509063256238,
            0.4402254531628119,
            0.0,
            0.0,
            0.1760901812651248,
            0.0,
            0.0,
            0.0,
            0.0,
            0.0
        ]
    },
    "timestamp": 1685192153.309519,
    "total_duration": 2.561476707458496,
    "wrong_samples": [
        43,
        30,
        50,
        40,
        24,
        45,
        34,
        45,
        22,
        35,
        41,
        34,
        52,
        47,
        40,
        45,
        32,
        31,
        52,
        52
    ]
}