{
    "reconstruction_errors": [
        0.5327005659518769,
        0.6166689223634453,
        0.6540507561519275,
        0.5499048728909964,
        0.7183523993676685,
        0.6759918327783144,
        0.5898115500999974,
        0.5950265778571382,
        0.6052925387021753,
        0.6381889826100651,
        0.6526973393632831,
        0.6640737566906113,
        0.6840643179899464,
        0.7229947762722316,
        0.6361822815459438,
        0.6879579785195987,
        0.5562976879233101,
        0.41713456955009953,
        0.6513270871032215,
        0.6188168179077141
    ],
    "setting": {
        "algorithm": "best_apriori",
        "dimension": 5,
        "samples": 25,
        "sigma": 0.4,
        "signal": [
            0.8804509063256238,
            0.4402254531628119,
            0.0,
            0.0,
            0.1760901812651248
        ]
    },
    "timestamp": 1684790113.1722107,
    "total_duration": 1.5510058403015137,
    "wrong_samples": [
        17,
        18,
        19,
        19,
        18,
        19,
        18,
        19,
        17,
        17,
        19,
        19,
        19,
        16,
        15,
        19,
        17,
        17,
        17,
        18
    ]
}