{
    "reconstruction_errors": [
        0.816848204158023,
        0.8314069418319683,
        0.857671533162382,
        0.7970595231146921,
        0.8785081865104831,
        0.8684809155031898,
        0.8022402883001518,
        0.8733497859239635,
        0.8173192418497426,
        0.8089402825990941,
        0.8519339193024693,
        0.7788051403773977,
        0.8164672164743902,
        0.8092047963062116,
        0.8533330032286746,
        0.8727391485263668,
        0.877090990375269,
        0.7952073846020504,
        0.8808244509209613,
        0.868097445063652
    ],
    "setting": {
        "algorithm": "best_apriori",
        "dimension": 15,
        "samples": 70,
        "sigma": 0.4,
        "signal": [
            0.8804509063256238,
            0.4402254531628119,
            0.0,
            0.0,
            0.1760901812651248,
            0.0,
            0.0,
            0.0,
            0.0,
            0.0,
            0.0,
            0.0,
            0.0,
            0.0,
            0.0
        ]
    },
    "timestamp": 1684790115.5744414,
    "total_duration": 2.269108772277832,
    "wrong_samples": [
        61,
        60,
        61,
        61,
        62,
        63,
        61,
        61,
        61,
        62,
        62,
        60,
        60,
        61,
        60,
        63,
        63,
        60,
        62,
        62
    ]
}