{
    "reconstruction_errors": [
        0.6837842791782102,
        0.8157887287311416,
        0.9808786155001104,
        0.6948141421720448,
        0.874233569342587,
        0.5894047288850416,
        0.9088039250652513,
        0.9165405547823755,
        0.8256161983429403,
        0.8570686538802088,
        0.9373546643730323,
        0.3399704053114645,
        0.32224512904604247,
        0.8208692042555246,
        0.8776291885671487,
        1.009271513934181,
        0.9226921534466846,
        0.9490222470462156,
        0.8602931536398384,
        0.6834902229295027
    ],
    "setting": {
        "algorithm": "stupid_solution",
        "dimension": 15,
        "samples": 25,
        "sigma": 0.4,
        "signal": [
            0.8804509063256238,
            0.4402254531628119,
            0.0,
            0.0,
            0.1760901812651248,
            0.0,
            0.0,
            0.0,
            0.0,
            0.0,
            0.0,
            0.0,
            0.0,
            0.0,
            0.0
        ]
    },
    "timestamp": 1685192148.4311974,
    "total_duration": 0.49012041091918945,
    "wrong_samples": [
        13,
        17,
        20,
        14,
        19,
        12,
        21,
        17,
        18,
        18,
        18,
        10,
        11,
        19,
        14,
        17,
        20,
        18,
        17,
        12
    ]
}