{
    "reconstruction_errors": [
        0.6650151116660236,
        0.6213572689190641,
        0.6071832251713072,
        0.6145502109582276,
        0.6471208612794154,
        0.7038657007123688,
        0.6134242336059896,
        0.6079487721460082,
        0.6969030263414462,
        0.7074754621779392,
        0.711291668328734,
        0.5779992522345524,
        0.7094643116579701,
        0.6443734458521599,
        0.6186664590620532,
        0.5939080797640782,
        0.5550199958866254,
        0.678722358471406,
        0.6897071211228146,
        0.61110187864088
    ],
    "setting": {
        "algorithm": "best_apriori",
        "dimension": 5,
        "samples": 45,
        "sigma": 0.4,
        "signal": [
            0.8804509063256238,
            0.4402254531628119,
            0.0,
            0.0,
            0.1760901812651248
        ]
    },
    "timestamp": 1684790113.1652317,
    "total_duration": 1.9736299514770508,
    "wrong_samples": [
        32,
        34,
        32,
        32,
        30,
        34,
        33,
        31,
        33,
        32,
        33,
        32,
        33,
        32,
        33,
        32,
        34,
        33,
        31,
        32
    ]
}