{
    "reconstruction_errors": [
        0.7125076229273014,
        0.657441978509815,
        0.6764376240445229,
        0.7224515654638791,
        0.6867757170649905,
        0.7201678802689387,
        0.6448283411587503,
        0.6368024917823577,
        0.6479061938670468,
        0.6794048019938042,
        0.6803548545964969,
        0.7059477230317258,
        0.6892442654142031,
        0.6077388138586416,
        0.6953318925143193,
        0.6916564360084212,
        0.6727207730613304,
        0.6825826127169274,
        0.6835765306163777,
        0.6130342069780328
    ],
    "setting": {
        "algorithm": "best_apriori",
        "dimension": 5,
        "samples": 100,
        "sigma": 0.4,
        "signal": [
            0.8804509063256238,
            0.4402254531628119,
            0.0,
            0.0,
            0.1760901812651248
        ]
    },
    "timestamp": 1684790114.5178866,
    "total_duration": 4.224236965179443,
    "wrong_samples": [
        77,
        73,
        71,
        74,
        78,
        76,
        75,
        71,
        77,
        77,
        77,
        76,
        73,
        69,
        78,
        77,
        75,
        77,
        74,
        73
    ]
}