{
    "reconstruction_errors": [
        0.6910943162355551,
        0.6714720927522851,
        0.6352968403671012,
        0.7035921661689108,
        0.6750879171673424,
        0.6528214190654448,
        0.5613009451209136,
        0.6627681532757925,
        0.627087657419841,
        0.6104508851004045,
        0.6391413552102341,
        0.6265767577274644,
        0.7105490885150757,
        0.6764940976509137,
        0.7219912566371854,
        0.6951988130606931,
        0.6631627866155264,
        0.6757908200079735,
        0.5617316860274638,
        0.6767431524355035
    ],
    "setting": {
        "algorithm": "best_apriori",
        "dimension": 5,
        "samples": 70,
        "sigma": 0.4,
        "signal": [
            0.8804509063256238,
            0.4402254531628119,
            0.0,
            0.0,
            0.1760901812651248
        ]
    },
    "timestamp": 1684790113.1682246,
    "total_duration": 3.574410915374756,
    "wrong_samples": [
        54,
        51,
        55,
        51,
        52,
        50,
        51,
        50,
        54,
        47,
        47,
        47,
        53,
        54,
        49,
        51,
        50,
        52,
        49,
        49
    ]
}