{
    "reconstruction_errors": [
        0.7271662680182672,
        0.8338630670721977,
        0.799594059535963,
        0.6815619650830137,
        0.6729173949752636,
        0.7445326867302868,
        0.7531691515134061,
        0.7345133330887654,
        0.7089610000770923,
        0.7294057723685993,
        0.7617064919054939,
        0.7775757622766837,
        0.8178983082237605,
        0.7874770290772395,
        0.7693001264406009,
        0.7344566712302244,
        0.7641060593215959,
        0.7822569926855029,
        0.8219950210831439,
        0.6820129894525233
    ],
    "setting": {
        "algorithm": "best_apriori",
        "dimension": 10,
        "samples": 45,
        "sigma": 0.4,
        "signal": [
            0.8804509063256238,
            0.4402254531628119,
            0.0,
            0.0,
            0.1760901812651248,
            0.0,
            0.0,
            0.0,
            0.0,
            0.0
        ]
    },
    "timestamp": 1684790116.9071028,
    "total_duration": 0.942427396774292,
    "wrong_samples": [
        37,
        39,
        34,
        33,
        37,
        36,
        37,
        35,
        38,
        37,
        36,
        37,
        36,
        38,
        38,
        34,
        37,
        35,
        35,
        37
    ]
}