{
    "reconstruction_errors": [
        0.7835599803946783,
        0.7946580495537685,
        0.836719797337218,
        0.8326661606914915,
        0.8182918705467662,
        0.7440013811854645,
        0.7884596940201948,
        0.8569326413336958,
        0.8397233051264675,
        0.758754363364654,
        0.7186831495827314,
        0.8057066604632975,
        0.8431336508491671,
        0.8040364464875001,
        0.8392266520668886,
        0.8060726301217499,
        0.8708895185343163,
        0.7807594588064593,
        0.8115753922990991,
        0.8441219020107279
    ],
    "setting": {
        "algorithm": "best_apriori",
        "dimension": 15,
        "samples": 25,
        "sigma": 0.4,
        "signal": [
            0.8804509063256238,
            0.4402254531628119,
            0.0,
            0.0,
            0.1760901812651248,
            0.0,
            0.0,
            0.0,
            0.0,
            0.0,
            0.0,
            0.0,
            0.0,
            0.0,
            0.0
        ]
    },
    "timestamp": 1684790114.9325342,
    "total_duration": 0.27660179138183594,
    "wrong_samples": [
        21,
        21,
        21,
        21,
        20,
        19,
        21,
        22,
        20,
        22,
        21,
        22,
        20,
        21,
        21,
        21,
        21,
        20,
        20,
        20
    ]
}