{
    "reconstruction_errors": [
        0.7329070667815715,
        0.7106217746091031,
        0.7605713821447989,
        0.7588068221978435,
        0.8302991498374369,
        0.7629781013281844,
        0.6453302254882423,
        0.6966837306182685,
        0.7956514474992411,
        0.6766396359856189,
        0.6810277930210045,
        0.783872950100025,
        0.8204521618043342,
        0.6402292911127372,
        0.788668404554769,
        0.7011411231232161,
        0.8387960507193051,
        0.7221390846011905,
        0.8025896489443157,
        0.7480654247230288
    ],
    "setting": {
        "algorithm": "best_apriori",
        "dimension": 10,
        "samples": 25,
        "sigma": 0.4,
        "signal": [
            0.8804509063256238,
            0.4402254531628119,
            0.0,
            0.0,
            0.1760901812651248,
            0.0,
            0.0,
            0.0,
            0.0,
            0.0
        ]
    },
    "timestamp": 1684790115.3192766,
    "total_duration": 0.3603217601776123,
    "wrong_samples": [
        20,
        19,
        20,
        20,
        21,
        19,
        18,
        21,
        20,
        19,
        20,
        20,
        20,
        20,
        18,
        20,
        20,
        21,
        20,
        20
    ]
}