{
    "reconstruction_errors": [
        0.8156570078934196,
        0.7707346885046902,
        0.81425377731904,
        0.7067585247716982,
        0.7726458218319081,
        0.64325439957523,
        0.8033281676304554,
        0.7855319403147144,
        0.8483634154721267,
        0.6897861587953539,
        0.8127430801871314,
        0.8611864672759489,
        0.814871123688488,
        0.7747819703069446,
        0.787697500654566,
        0.7063961101653449,
        0.602943277137665,
        0.8163591476197787,
        0.7726554763207168,
        0.873629945552059
    ],
    "setting": {
        "algorithm": "best_apriori",
        "dimension": 15,
        "samples": 15,
        "sigma": 0.5,
        "signal": [
            0.8804509063256238,
            0.4402254531628119,
            0.0,
            0.0,
            0.1760901812651248,
            0.0,
            0.0,
            0.0,
            0.0,
            0.0,
            0.0,
            0.0,
            0.0,
            0.0,
            0.0
        ]
    },
    "timestamp": 1684790114.9998183,
    "total_duration": 0.11113667488098145,
    "wrong_samples": [
        12,
        13,
        12,
        12,
        12,
        11,
        10,
        12,
        12,
        12,
        11,
        13,
        12,
        12,
        12,
        12,
        12,
        12,
        11,
        12
    ]
}