{
    "reconstruction_errors": [
        0.26445367818647886,
        0.5196797668272001,
        0.49504414077639686,
        0.4165374619769927,
        0.6842509155206988,
        0.40185280510872223,
        0.28137638925139746,
        0.5474117891332618,
        0.47724062918988763,
        0.2738565135339496,
        0.5171044405457136,
        0.3051088853124039,
        0.3666170057438046,
        0.6137819338072218,
        0.34116498780172866,
        0.2545455750297227,
        0.39101709615442026,
        0.4027206462635493,
        0.3270136986879822,
        0.3194193983829121
    ],
    "setting": {
        "algorithm": "stupid_solution",
        "dimension": 5,
        "samples": 45,
        "sigma": 0.5,
        "signal": [
            0.8804509063256238,
            0.4402254531628119,
            0.0,
            0.0,
            0.1760901812651248
        ]
    },
    "timestamp": 1685192146.370483,
    "total_duration": 2.889098882675171,
    "wrong_samples": [
        18,
        20,
        25,
        19,
        29,
        16,
        17,
        26,
        21,
        13,
        26,
        18,
        19,
        23,
        14,
        15,
        17,
        16,
        16,
        14
    ]
}