{
    "reconstruction_errors": [
        0.6985801995709043,
        0.7002909139996262,
        0.6075858258666043,
        0.6997198268829184,
        0.7102117754191247,
        0.6174934239821063,
        0.5548402272897178,
        0.6489474976623003,
        0.6875258749712957,
        0.6146536273047136,
        0.670808048308353,
        0.6254622295992576,
        0.61776274929493,
        0.6536255507116943,
        0.6993140294273138,
        0.6721343999552627,
        0.5586020596343104,
        0.665301213362513,
        0.7152256124003935,
        0.7059908188778411
    ],
    "setting": {
        "algorithm": "best_apriori",
        "dimension": 5,
        "samples": 70,
        "sigma": 0.5,
        "signal": [
            0.8804509063256238,
            0.4402254531628119,
            0.0,
            0.0,
            0.1760901812651248
        ]
    },
    "timestamp": 1684790113.1742039,
    "total_duration": 3.68455171585083,
    "wrong_samples": [
        54,
        54,
        53,
        52,
        53,
        51,
        52,
        50,
        52,
        46,
        48,
        46,
        50,
        53,
        50,
        50,
        47,
        50,
        51,
        51
    ]
}