{
    "reconstruction_errors": [
        0.6500682779824318,
        0.6150572287866274,
        0.6959662910958824,
        0.2790294826909982,
        0.7588230551509365,
        0.663120055129721,
        0.6350744584992184,
        0.643919606151024,
        0.6356447244078968,
        0.5603562936001509,
        0.6277206559859062,
        0.4686644614760394,
        0.6024301399791594,
        0.5379818069257073,
        0.677723807248435,
        0.4765633036624348,
        0.6179762971739444,
        0.624639176941164,
        0.5670603212921683,
        0.6014790560593374
    ],
    "setting": {
        "algorithm": "best_apriori",
        "dimension": 5,
        "samples": 15,
        "sigma": 0.5,
        "signal": [
            0.8804509063256238,
            0.4402254531628119,
            0.0,
            0.0,
            0.1760901812651248
        ]
    },
    "timestamp": 1684790113.173208,
    "total_duration": 1.254472017288208,
    "wrong_samples": [
        11,
        11,
        11,
        10,
        12,
        9,
        9,
        10,
        10,
        11,
        11,
        10,
        10,
        9,
        11,
        10,
        11,
        10,
        11,
        10
    ]
}