{
    "reconstruction_errors": [
        0.959663581015293,
        0.8362032986931037,
        0.9647831206800386,
        0.9013438231901136,
        0.821621772184627,
        0.7196238342833657,
        0.6746397619643905,
        0.9957106245193007,
        0.7174884789480812,
        1.1012169300480124,
        0.942576098993291,
        0.7731771433675225,
        0.8412543569281381,
        0.8351850813194787,
        0.8471317997844494,
        0.889927865519549,
        0.7462416833664547,
        0.8044245815518349,
        1.0372022778200256,
        0.5355080179639206
    ],
    "setting": {
        "algorithm": "stupid_solution",
        "dimension": 15,
        "samples": 70,
        "sigma": 0.5,
        "signal": [
            0.8804509063256238,
            0.4402254531628119,
            0.0,
            0.0,
            0.1760901812651248,
            0.0,
            0.0,
            0.0,
            0.0,
            0.0,
            0.0,
            0.0,
            0.0,
            0.0,
            0.0
        ]
    },
    "timestamp": 1685192149.4703965,
    "total_duration": 3.2198164463043213,
    "wrong_samples": [
        59,
        54,
        60,
        50,
        53,
        52,
        43,
        55,
        45,
        61,
        53,
        46,
        51,
        50,
        51,
        52,
        46,
        51,
        54,
        44
    ]
}