{
    "reconstruction_errors": [
        0.7759195757475237,
        0.7374234182639389,
        0.8194440384625835,
        0.7833545596543177,
        0.7413490612257096,
        0.8118808581520656,
        0.6492828506706878,
        0.729200765833327,
        0.7379760850485998,
        0.733040126460538,
        0.7686382016138517,
        0.8204931434874521,
        0.7996386494597556,
        0.7276597217676717,
        0.8374206849022133,
        0.7155962018023756,
        0.7495779947702756,
        0.7933385450605626,
        0.8725060886111791,
        0.8281276836254556
    ],
    "setting": {
        "algorithm": "best_apriori",
        "dimension": 10,
        "samples": 25,
        "sigma": 0.5,
        "signal": [
            0.8804509063256238,
            0.4402254531628119,
            0.0,
            0.0,
            0.1760901812651248,
            0.0,
            0.0,
            0.0,
            0.0,
            0.0
        ]
    },
    "timestamp": 1684790115.1328816,
    "total_duration": 0.3727884292602539,
    "wrong_samples": [
        20,
        19,
        20,
        19,
        20,
        19,
        19,
        21,
        20,
        19,
        21,
        20,
        20,
        20,
        18,
        20,
        19,
        20,
        21,
        20
    ]
}