{
    "reconstruction_errors": [
        0.7871827311649715,
        0.548875802631514,
        0.9867751203358088,
        0.7401988747247347,
        0.4098601336998443,
        0.8060594599250652,
        0.6641623272527469,
        0.6927660278665697,
        0.5001632988176412,
        0.7438248159365874,
        0.7222260451660029,
        0.770568456692173,
        1.0814916082047654,
        0.723517783267582,
        0.8727056269607065,
        0.6149013271679236,
        0.7325080645145358,
        0.5120394228444564,
        0.943941618660263,
        0.9887121385061726
    ],
    "setting": {
        "algorithm": "stupid_solution",
        "dimension": 10,
        "samples": 70,
        "sigma": 0.5,
        "signal": [
            0.8804509063256238,
            0.4402254531628119,
            0.0,
            0.0,
            0.1760901812651248,
            0.0,
            0.0,
            0.0,
            0.0,
            0.0
        ]
    },
    "timestamp": 1685192153.477333,
    "total_duration": 2.664088726043701,
    "wrong_samples": [
        51,
        34,
        55,
        48,
        33,
        50,
        42,
        49,
        32,
        42,
        46,
        45,
        54,
        48,
        51,
        51,
        42,
        39,
        53,
        56
    ]
}