{
    "reconstruction_errors": [
        0.8741842116369374,
        0.8688387965544551,
        0.8653625367696168,
        0.8589671740377762,
        0.8272431641305624,
        0.838092145773217,
        0.843966591862272,
        0.798328501246361,
        0.8248460892092504,
        0.8275473552420073,
        0.8553131700564609,
        0.842032544261185,
        0.8277373134946844,
        0.8523262700561385,
        0.8795972519645653,
        0.7765291271657335,
        0.8588796851360722,
        0.8028970401211399,
        0.8737179724223284,
        0.8595098991553236
    ],
    "setting": {
        "algorithm": "best_apriori",
        "dimension": 15,
        "samples": 100,
        "sigma": 0.5,
        "signal": [
            0.8804509063256238,
            0.4402254531628119,
            0.0,
            0.0,
            0.1760901812651248,
            0.0,
            0.0,
            0.0,
            0.0,
            0.0,
            0.0,
            0.0,
            0.0,
            0.0,
            0.0
        ]
    },
    "timestamp": 1684790117.6840663,
    "total_duration": 3.310209035873413,
    "wrong_samples": [
        90,
        90,
        89,
        87,
        89,
        89,
        87,
        88,
        88,
        88,
        89,
        89,
        90,
        88,
        86,
        85,
        88,
        88,
        87,
        89
    ]
}