{
    "reconstruction_errors": [
        0.42251286026017293,
        0.4494618954141625,
        0.25933164361243677,
        0.29248011328544865,
        0.333364015933628,
        0.26379230432121337,
        0.23987371210004943,
        0.420942416609374,
        0.37265605619346787,
        0.5150016264084789,
        0.6707959301827036,
        0.3367919792605963,
        0.45698042890489277,
        0.4816857770883527,
        0.7128244136444006,
        0.515712620793983,
        0.7271871996671783,
        0.6194517861893026,
        0.7507757176545382,
        0.5741754270582912
    ],
    "setting": {
        "algorithm": "stupid_solution",
        "dimension": 5,
        "samples": 70,
        "sigma": 0.5,
        "signal": [
            0.8804509063256238,
            0.4402254531628119,
            0.0,
            0.0,
            0.1760901812651248
        ]
    },
    "timestamp": 1685192146.3789895,
    "total_duration": 3.813810110092163,
    "wrong_samples": [
        28,
        35,
        25,
        31,
        26,
        24,
        24,
        37,
        27,
        35,
        41,
        31,
        40,
        34,
        38,
        39,
        48,
        40,
        46,
        40
    ]
}