{
    "reconstruction_errors": [
        0.6979138543413465,
        0.5729087852435234,
        0.6847376924086419,
        0.7717758377460932,
        0.6628670734295656,
        0.8065052934475233,
        0.6513707554368462,
        0.638622104019681,
        0.7903369602256755,
        0.811791651764039,
        0.7775778823479704,
        0.761511406499688,
        0.8351989089585351,
        0.7660813970253252,
        0.7875505854288557,
        0.6846287645303069,
        0.8212133060548761,
        0.708592010503255,
        0.76657717708904,
        0.8367753484669204
    ],
    "setting": {
        "algorithm": "best_apriori",
        "dimension": 10,
        "samples": 15,
        "sigma": 0.5,
        "signal": [
            0.8804509063256238,
            0.4402254531628119,
            0.0,
            0.0,
            0.1760901812651248,
            0.0,
            0.0,
            0.0,
            0.0,
            0.0
        ]
    },
    "timestamp": 1684790114.6649036,
    "total_duration": 0.12958335876464844,
    "wrong_samples": [
        11,
        11,
        11,
        12,
        11,
        10,
        12,
        11,
        12,
        10,
        12,
        12,
        11,
        12,
        11,
        12,
        10,
        11,
        11,
        11
    ]
}