{
    "reconstruction_errors": [
        0.775213125229908,
        0.7262967371757001,
        0.823336742850188,
        0.7698371062883975,
        0.7019265674165156,
        0.7524918083011032,
        0.7594069688241749,
        0.8510439246964425,
        0.651738706867164,
        0.7612032280209455,
        0.836258414481014,
        0.8100255201081812,
        0.753185741824306,
        0.7897214615262166,
        0.6956443973349143,
        0.6886271783533038,
        0.7721427010673766,
        0.7614533779930591,
        0.8049571827275244,
        0.6775008236450397
    ],
    "setting": {
        "algorithm": "best_apriori",
        "dimension": 10,
        "samples": 45,
        "sigma": 0.5,
        "signal": [
            0.8804509063256238,
            0.4402254531628119,
            0.0,
            0.0,
            0.1760901812651248,
            0.0,
            0.0,
            0.0,
            0.0,
            0.0
        ]
    },
    "timestamp": 1684790116.429158,
    "total_duration": 1.0610458850860596,
    "wrong_samples": [
        36,
        36,
        33,
        35,
        38,
        37,
        38,
        35,
        37,
        37,
        35,
        36,
        34,
        38,
        38,
        33,
        37,
        37,
        37,
        38
    ]
}