{
    "reconstruction_errors": [
        0.471182936193332,
        0.6373956047904275,
        0.6321708908876992,
        0.5248740183612204,
        0.6728017652051699,
        0.6578224484568841,
        0.6040885218018754,
        0.5378078470800771,
        0.6066764784966682,
        0.6694801455105789,
        0.626716063419677,
        0.7223412315186688,
        0.6769706044481671,
        0.6851727682239906,
        0.6271795498935784,
        0.723323936141104,
        0.5726064397484183,
        0.5211227183124498,
        0.6189488353557341,
        0.6431391298979263
    ],
    "setting": {
        "algorithm": "best_apriori",
        "dimension": 5,
        "samples": 25,
        "sigma": 0.5,
        "signal": [
            0.8804509063256238,
            0.4402254531628119,
            0.0,
            0.0,
            0.1760901812651248
        ]
    },
    "timestamp": 1684790113.1771939,
    "total_duration": 1.4129598140716553,
    "wrong_samples": [
        17,
        18,
        16,
        18,
        18,
        19,
        18,
        19,
        16,
        19,
        19,
        19,
        19,
        16,
        15,
        19,
        16,
        18,
        16,
        18
    ]
}