{
    "reconstruction_errors": [
        0.4929611762405214,
        0.435787184399507,
        0.3610151047378727,
        0.33479879183489386,
        0.3844471596096214,
        0.6495913009519138,
        0.6130061184179435,
        0.33176208752282493,
        0.4325774807598639,
        0.369869321346101,
        0.6258980779983094,
        0.6206213100162398,
        0.5917299436136059,
        0.477309166245421,
        0.3277921973809776,
        0.5015239358312404,
        0.527309401695298,
        0.41256210700142865,
        0.6987786412071706,
        0.4102365837432503
    ],
    "setting": {
        "algorithm": "stupid_solution",
        "dimension": 5,
        "samples": 15,
        "sigma": 0.5,
        "signal": [
            0.8804509063256238,
            0.4402254531628119,
            0.0,
            0.0,
            0.1760901812651248
        ]
    },
    "timestamp": 1685192146.3789895,
    "total_duration": 1.4901208877563477,
    "wrong_samples": [
        8,
        9,
        6,
        6,
        9,
        8,
        8,
        5,
        8,
        3,
        9,
        9,
        7,
        9,
        8,
        8,
        8,
        8,
        9,
        6
    ]
}