{
    "reconstruction_errors": [
        0.7877567105807655,
        0.8219365906015831,
        0.8380192575516708,
        0.8034979407682231,
        0.80379115633834,
        0.8184473880075218,
        0.846052581793314,
        0.7748411727481321,
        0.7451960813975121,
        0.7923376276978524,
        0.8260301160007862,
        0.7646348172813824,
        0.7583642757884804,
        0.7570542223599183,
        0.8383642377195026,
        0.8386317760257844,
        0.7965400550922133,
        0.805449564101506,
        0.829892581716812,
        0.7798849432011925
    ],
    "setting": {
        "algorithm": "best_apriori",
        "dimension": 10,
        "samples": 100,
        "sigma": 0.5,
        "signal": [
            0.8804509063256238,
            0.4402254531628119,
            0.0,
            0.0,
            0.1760901812651248,
            0.0,
            0.0,
            0.0,
            0.0,
            0.0
        ]
    },
    "timestamp": 1684790118.7441168,
    "total_duration": 2.725600004196167,
    "wrong_samples": [
        84,
        86,
        85,
        81,
        87,
        85,
        83,
        87,
        84,
        82,
        82,
        84,
        84,
        81,
        82,
        85,
        83,
        85,
        82,
        81
    ]
}