{
    "reconstruction_errors": [
        0.19092797926235633,
        0.2774818376081524,
        0.4996174718102727,
        0.615470018414162,
        0.2287643533894569,
        0.7917310291427515,
        0.3676258582511354,
        0.5331361708772221,
        0.2848517362424174,
        0.36858902076160227,
        0.28284377158384877,
        0.40125848807961156,
        0.6743286614810208,
        0.7071316931512324,
        0.3897672600013965,
        0.7716759609319637,
        0.791019497583573,
        0.31811160568851604,
        0.5312201339883071,
        0.4935443401864418
    ],
    "setting": {
        "algorithm": "stupid_solution",
        "dimension": 5,
        "samples": 100,
        "sigma": 0.5,
        "signal": [
            0.8804509063256238,
            0.4402254531628119,
            0.0,
            0.0,
            0.1760901812651248
        ]
    },
    "timestamp": 1685192147.820676,
    "total_duration": 6.500913143157959,
    "wrong_samples": [
        38,
        43,
        47,
        58,
        35,
        69,
        43,
        55,
        32,
        51,
        35,
        47,
        72,
        60,
        44,
        60,
        71,
        43,
        55,
        51
    ]
}