{
    "reconstruction_errors": [
        0.8062008889490774,
        0.84043258019031,
        0.8205420438167772,
        0.8100288308002292,
        0.8292288325948961,
        0.8457255978841686,
        0.793723466970347,
        0.8156196945549411,
        0.8125310180509101,
        0.803564064044553,
        0.8384395538240209,
        0.8467808024193716,
        0.7808888744574009,
        0.8047054749184738,
        0.8165550798272015,
        0.8422942581009022,
        0.7797973249943757,
        0.7964731211162288,
        0.8093689084809733,
        0.8118754819696558
    ],
    "setting": {
        "algorithm": "best_apriori",
        "dimension": 15,
        "samples": 45,
        "sigma": 0.5,
        "signal": [
            0.8804509063256238,
            0.4402254531628119,
            0.0,
            0.0,
            0.1760901812651248,
            0.0,
            0.0,
            0.0,
            0.0,
            0.0,
            0.0,
            0.0,
            0.0,
            0.0,
            0.0
        ]
    },
    "timestamp": 1684790116.2377813,
    "total_duration": 1.1552395820617676,
    "wrong_samples": [
        38,
        38,
        38,
        39,
        38,
        40,
        39,
        36,
        39,
        37,
        38,
        40,
        37,
        39,
        39,
        37,
        40,
        38,
        38,
        39
    ]
}