{
    "reconstruction_errors": [
        0.35782172207341906,
        0.5504458599738618,
        0.24780539908994734,
        0.7955748861714954,
        0.6017156803912957,
        0.36828747094286274,
        0.13952119442827532,
        0.5573993160081849,
        0.2211658924065215,
        0.6173183443884328,
        0.5449401876007454,
        0.31950799117327694,
        0.5226366501991677,
        0.47440157440714936,
        0.6594885981492298,
        0.28825351124738746,
        0.3849316425331705,
        0.5738961198353008,
        0.4509970089193892,
        0.6451383070474538
    ],
    "setting": {
        "algorithm": "stupid_solution",
        "dimension": 5,
        "samples": 25,
        "sigma": 0.5,
        "signal": [
            0.8804509063256238,
            0.4402254531628119,
            0.0,
            0.0,
            0.1760901812651248
        ]
    },
    "timestamp": 1685192146.3804924,
    "total_duration": 1.5889601707458496,
    "wrong_samples": [
        13,
        14,
        10,
        16,
        10,
        12,
        6,
        16,
        10,
        16,
        13,
        8,
        12,
        14,
        14,
        4,
        12,
        13,
        10,
        17
    ]
}