{
    "reconstruction_errors": [
        0.9461754750928927,
        0.9202860317846528,
        1.2123699581137681,
        0.864363621514732,
        1.0947066919614896,
        1.0291416031657468,
        0.9389300629698728,
        1.1417981334392153,
        1.1302487059376096,
        1.0894105340880265,
        1.1551134904463902,
        0.9839578984251689,
        1.139329289503128,
        0.8824776340994585,
        0.9045812476515064,
        0.8476565382284882,
        0.9163134802461119,
        1.1020419967041688,
        0.9522823977017827,
        0.7148722698059119
    ],
    "setting": {
        "algorithm": "stupid_solution",
        "dimension": 15,
        "samples": 15,
        "sigma": 0.5,
        "signal": [
            0.8804509063256238,
            0.4402254531628119,
            0.0,
            0.0,
            0.1760901812651248,
            0.0,
            0.0,
            0.0,
            0.0,
            0.0,
            0.0,
            0.0,
            0.0,
            0.0,
            0.0
        ]
    },
    "timestamp": 1685192154.8955932,
    "total_duration": 0.12459540367126465,
    "wrong_samples": [
        10,
        8,
        12,
        8,
        12,
        11,
        11,
        11,
        11,
        12,
        12,
        11,
        11,
        12,
        7,
        8,
        9,
        10,
        8,
        7
    ]
}