{
    "reconstruction_errors": [
        0.7114753440988364,
        0.7917497754094425,
        0.7338049854996653,
        0.842356251345972,
        0.7893463211698697,
        0.7983305717680841,
        0.7703201485008073,
        0.6027093849725939,
        0.7457281591303615,
        0.8257401439610927,
        0.8511542723617451,
        0.7791118831094018,
        0.7877255762767812,
        0.8234574329855776,
        0.8309721760848198,
        0.8266842233777317,
        0.8424763451947807,
        0.7758726564910512,
        0.71199545834116,
        0.7798288426182822
    ],
    "setting": {
        "algorithm": "best_apriori",
        "dimension": 10,
        "samples": 70,
        "sigma": 0.5,
        "signal": [
            0.8804509063256238,
            0.4402254531628119,
            0.0,
            0.0,
            0.1760901812651248,
            0.0,
            0.0,
            0.0,
            0.0,
            0.0
        ]
    },
    "timestamp": 1684790118.6190267,
    "total_duration": 1.5025997161865234,
    "wrong_samples": [
        59,
        57,
        60,
        60,
        53,
        60,
        57,
        55,
        55,
        58,
        58,
        59,
        57,
        59,
        58,
        57,
        54,
        58,
        53,
        57
    ]
}