{
    "reconstruction_errors": [
        0.6150141066143143,
        0.6930356357008877,
        0.5859999467131435,
        0.6087840479582497,
        0.5846867735355642,
        0.6163550337413906,
        0.5996759766780656,
        0.547930500095028,
        0.6829305201234694,
        0.6962011133503503,
        0.6760680293560692,
        0.5119660921146485,
        0.6775165354727076,
        0.6393405843310918,
        0.6524331428629452,
        0.6160535280673308,
        0.47057009094492736,
        0.6137492623727163,
        0.6843588926605149,
        0.6176638577990108
    ],
    "setting": {
        "algorithm": "best_apriori",
        "dimension": 5,
        "samples": 45,
        "sigma": 0.5,
        "signal": [
            0.8804509063256238,
            0.4402254531628119,
            0.0,
            0.0,
            0.1760901812651248
        ]
    },
    "timestamp": 1684790113.179188,
    "total_duration": 1.9507038593292236,
    "wrong_samples": [
        34,
        34,
        30,
        31,
        28,
        33,
        32,
        34,
        34,
        33,
        28,
        31,
        32,
        33,
        32,
        33,
        33,
        33,
        32,
        33
    ]
}