{
    "reconstruction_errors": [
        0.7825706837661277,
        0.7779403249285727,
        0.8312904776360629,
        0.7497666993322925,
        0.850820881546323,
        0.8819687750910715,
        0.7970574263618262,
        0.8657806829385345,
        0.7686090109945933,
        0.7608313332722437,
        0.8687498246464209,
        0.8161252923772541,
        0.8397600980455909,
        0.8087470648273762,
        0.8110003458869922,
        0.8088141800089241,
        0.8386098202338309,
        0.7340603281565594,
        0.8362699786618878,
        0.8712104704258349
    ],
    "setting": {
        "algorithm": "best_apriori",
        "dimension": 15,
        "samples": 70,
        "sigma": 0.5,
        "signal": [
            0.8804509063256238,
            0.4402254531628119,
            0.0,
            0.0,
            0.1760901812651248,
            0.0,
            0.0,
            0.0,
            0.0,
            0.0,
            0.0,
            0.0,
            0.0,
            0.0,
            0.0
        ]
    },
    "timestamp": 1684790116.2547243,
    "total_duration": 2.2157816886901855,
    "wrong_samples": [
        61,
        61,
        61,
        60,
        63,
        63,
        62,
        62,
        62,
        62,
        61,
        60,
        59,
        62,
        61,
        61,
        61,
        60,
        63,
        62
    ]
}