{
    "reconstruction_errors": [
        0.7110182199139072,
        0.7584848929212723,
        0.8346918105889295,
        0.8042412140527585,
        0.813880464282663,
        0.8442983512097337,
        0.7557013507313335,
        0.8245917976838762,
        0.8386032493773654,
        0.7431505753208505,
        0.6938099858915426,
        0.7462176557706471,
        0.8582873047796736,
        0.818680445926009,
        0.8667747653000016,
        0.7487375922008439,
        0.8544959367925514,
        0.7851075907048986,
        0.8099763577576028,
        0.7979889688410774
    ],
    "setting": {
        "algorithm": "best_apriori",
        "dimension": 15,
        "samples": 25,
        "sigma": 0.5,
        "signal": [
            0.8804509063256238,
            0.4402254531628119,
            0.0,
            0.0,
            0.1760901812651248,
            0.0,
            0.0,
            0.0,
            0.0,
            0.0,
            0.0,
            0.0,
            0.0,
            0.0,
            0.0
        ]
    },
    "timestamp": 1684790115.1408553,
    "total_duration": 0.2945413589477539,
    "wrong_samples": [
        21,
        21,
        21,
        20,
        20,
        20,
        22,
        22,
        20,
        22,
        22,
        22,
        21,
        21,
        21,
        21,
        21,
        21,
        20,
        20
    ]
}