{
    "reconstruction_errors": [
        0.7037498077428673,
        0.691362789340074,
        0.6490147023642627,
        0.6753692703951295,
        0.6850391852564467,
        0.6386988709645148,
        0.6269716537560258,
        0.5816964858354527,
        0.6289237106981134,
        0.7065702630597303,
        0.6867575645879385,
        0.6604537868852948,
        0.693633061739216,
        0.6103994429401179,
        0.7149993681303712,
        0.6761827078708462,
        0.7072542096571336,
        0.7034053690907135,
        0.6686379209121648,
        0.5965189449525898
    ],
    "setting": {
        "algorithm": "best_apriori",
        "dimension": 5,
        "samples": 100,
        "sigma": 0.5,
        "signal": [
            0.8804509063256238,
            0.4402254531628119,
            0.0,
            0.0,
            0.1760901812651248
        ]
    },
    "timestamp": 1684790114.4406364,
    "total_duration": 4.286537170410156,
    "wrong_samples": [
        77,
        74,
        70,
        73,
        79,
        77,
        74,
        72,
        76,
        75,
        75,
        74,
        76,
        69,
        77,
        77,
        77,
        76,
        74,
        70
    ]
}