{
    "reconstruction_errors": [
        5.155369359468229e-16,
        5.155369359468229e-16,
        5.155369359468229e-16,
        5.155369359468229e-16,
        5.155369359468229e-16,
        5.155369359468229e-16,
        5.155369359468229e-16,
        5.155369359468229e-16,
        5.155369359468229e-16,
        5.155369359468229e-16,
        5.155369359468229e-16,
        5.155369359468229e-16,
        5.155369359468229e-16,
        5.155369359468229e-16,
        5.155369359468229e-16,
        5.155369359468229e-16,
        5.155369359468229e-16,
        5.155369359468229e-16,
        5.155369359468229e-16,
        5.155369359468229e-16
    ],
    "setting": {
        "algorithm": "sync_mra",
        "dimension": 15,
        "samples": 45,
        "sigma": 0.0,
        "signal": [
            0.8804509063256238,
            0.4402254531628119,
            0.0,
            0.0,
            0.1760901812651248,
            0.0,
            0.0,
            0.0,
            0.0,
            0.0,
            0.0,
            0.0,
            0.0,
            0.0,
            0.0
        ]
    },
    "timestamp": 1683988875.5178666,
    "wrong_samples": [
        0,
        0,
        0,
        0,
        0,
        0,
        0,
        0,
        0,
        0,
        0,
        0,
        0,
        0,
        0,
        0,
        0,
        0,
        0,
        0
    ]
}