{
    "reconstruction_errors": [
        0.07495973099971065,
        0.08824942270686174,
        0.07751090741054406,
        0.03969726316804513,
        0.0805769735893477,
        0.08388083118837106,
        0.05520139046704286,
        0.08882969878270579,
        0.0998384280078952,
        0.0647400486609501,
        0.06250430005187367,
        0.0695530225491862,
        0.07216826559166938,
        0.0634037778981398,
        0.07677588610902823,
        0.09475968149314279,
        0.07817461887048831,
        0.06579292209737918,
        0.06102500069621312,
        0.0917662431849433
    ],
    "setting": {
        "algorithm": "sync_mra",
        "dimension": 10,
        "samples": 70,
        "sigma": 0.2,
        "signal": [
            0.8804509063256238,
            0.4402254531628119,
            0.0,
            0.0,
            0.1760901812651248,
            0.0,
            0.0,
            0.0,
            0.0,
            0.0
        ]
    },
    "timestamp": 1683989726.895534,
    "wrong_samples": [
        0,
        2,
        0,
        1,
        0,
        0,
        0,
        1,
        0,
        0,
        0,
        1,
        1,
        0,
        0,
        0,
        0,
        2,
        0,
        1
    ]
}