{
    "reconstruction_errors": [
        0.04692249529220907,
        0.0933148819641064,
        0.44690238864854676,
        0.3040287598596874,
        0.04763784533049252,
        0.023680559429539717,
        0.06256671869891493,
        0.05248017791642955,
        0.05746481680934718,
        0.07425292130516237,
        0.10552118476252603,
        0.05997851928256996,
        0.13570833675278499,
        0.09093633150199826,
        0.07584902801756267,
        0.033948425194643354,
        0.3733006708717517,
        0.07199929984815191,
        0.0802701519430448,
        0.07805125560954132
    ],
    "setting": {
        "algorithm": "sync_mra",
        "dimension": 5,
        "samples": 45,
        "sigma": 0.2,
        "signal": [
            0.8804509063256238,
            0.4402254531628119,
            0.0,
            0.0,
            0.1760901812651248
        ]
    },
    "timestamp": 1683988717.6336462,
    "wrong_samples": [
        2,
        1,
        29,
        17,
        0,
        0,
        0,
        0,
        3,
        1,
        1,
        2,
        5,
        0,
        6,
        1,
        19,
        1,
        0,
        0
    ]
}