{
    "reconstruction_errors": [
        0.384123149382479,
        0.22959967279757196,
        0.24095306890740398,
        0.3277848071380178,
        0.15719698609465144,
        0.168056693058212,
        0.19552281319093795,
        0.5006237128466126,
        0.3290395579874158,
        0.21761541494474593,
        0.22253499131931045,
        0.7071233810354215,
        0.1766850141330233,
        0.16640210579015277,
        0.2604748367970017,
        0.19925631437030575,
        0.15189832334876643,
        0.5382321704579928,
        0.2215753086568032,
        0.20351024583503727
    ],
    "setting": {
        "algorithm": "sync_mra",
        "dimension": 15,
        "samples": 45,
        "sigma": 0.3,
        "signal": [
            0.8804509063256238,
            0.4402254531628119,
            0.0,
            0.0,
            0.1760901812651248,
            0.0,
            0.0,
            0.0,
            0.0,
            0.0,
            0.0,
            0.0,
            0.0,
            0.0,
            0.0
        ]
    },
    "timestamp": 1683989108.859019,
    "wrong_samples": [
        15,
        8,
        10,
        10,
        2,
        2,
        6,
        21,
        16,
        10,
        10,
        25,
        3,
        4,
        5,
        4,
        5,
        29,
        3,
        7
    ]
}