{
    "reconstruction_errors": [
        0.109416141474914,
        0.2890581291602564,
        0.06578955990428165,
        0.10151807856930702,
        0.11781667574578748,
        0.09321108753446625,
        0.12740521229558285,
        0.05567982694170339,
        0.11235478627541481,
        0.10428907993196342,
        0.07948997317239594,
        0.11684364479869262,
        0.0705383120174376,
        0.12939250109254286,
        0.1479415493519168,
        0.23012615249637128,
        0.03936529178126799,
        0.09212342132545503,
        0.21111820961498276,
        0.1741732468398801
    ],
    "setting": {
        "algorithm": "sync_mra",
        "dimension": 5,
        "samples": 70,
        "sigma": 0.3,
        "signal": [
            0.8804509063256238,
            0.4402254531628119,
            0.0,
            0.0,
            0.1760901812651248
        ]
    },
    "timestamp": 1683987998.9739032,
    "wrong_samples": [
        9,
        22,
        7,
        10,
        7,
        11,
        11,
        13,
        7,
        12,
        6,
        12,
        6,
        13,
        8,
        21,
        13,
        11,
        25,
        19
    ]
}