{
    "reconstruction_errors": [
        0.33314678974673584,
        0.2495451129049034,
        0.37608106958530696,
        0.31491096467806035,
        0.25753523511902815,
        0.22731491572170995,
        0.25841552066972734,
        0.3318518527413715,
        0.7696827939789403,
        0.4415647741738737,
        0.3775814686234328,
        0.26694996984316377,
        0.2518675491685314,
        0.6561973417980123,
        0.5050095187223594,
        0.30331185053328197,
        0.20741660097257444,
        0.19397568205044513,
        0.3348662977686342,
        0.24877162991108664
    ],
    "setting": {
        "algorithm": "sync_mra",
        "dimension": 15,
        "samples": 25,
        "sigma": 0.3,
        "signal": [
            0.8804509063256238,
            0.4402254531628119,
            0.0,
            0.0,
            0.1760901812651248,
            0.0,
            0.0,
            0.0,
            0.0,
            0.0,
            0.0,
            0.0,
            0.0,
            0.0,
            0.0
        ]
    },
    "timestamp": 1683989105.7454088,
    "wrong_samples": [
        4,
        1,
        7,
        3,
        3,
        4,
        3,
        6,
        14,
        8,
        10,
        4,
        4,
        15,
        9,
        2,
        1,
        5,
        5,
        1
    ]
}