{
    "reconstruction_errors": [
        0.25572767027090265,
        0.5705537108709743,
        0.6878596354352138,
        0.32402905470478766,
        0.41238436561672276,
        0.3281156916791645,
        0.284554372387175,
        0.2798525013251711,
        0.42128200701159857,
        0.5772199053455443,
        0.39092990966297786,
        0.6255275146683402,
        0.42381688532029194,
        0.5598679922841112,
        0.39714221329735067,
        0.32633971096745934,
        0.40197481866054774,
        0.5034678034712996,
        0.39999122538742543,
        0.3598602579829921
    ],
    "setting": {
        "algorithm": "sync_mra",
        "dimension": 15,
        "samples": 15,
        "sigma": 0.3,
        "signal": [
            0.8804509063256238,
            0.4402254531628119,
            0.0,
            0.0,
            0.1760901812651248,
            0.0,
            0.0,
            0.0,
            0.0,
            0.0,
            0.0,
            0.0,
            0.0,
            0.0,
            0.0
        ]
    },
    "timestamp": 1683989104.3516598,
    "wrong_samples": [
        3,
        6,
        8,
        0,
        3,
        1,
        1,
        3,
        2,
        7,
        3,
        7,
        2,
        9,
        2,
        2,
        3,
        5,
        2,
        1
    ]
}