{
    "reconstruction_errors": [
        0.39154160042345865,
        0.2508143760938775,
        0.31247577899176954,
        0.35219697442300735,
        0.23983387454808747,
        0.22246231930063726,
        0.35129560280564404,
        0.2341980407685911,
        0.26325374095178616,
        0.24552782872416667,
        0.2337606007511252,
        0.2592991474874185,
        0.3158380664990228,
        0.20000501592074005,
        0.28099049527898856,
        0.235513615897887,
        0.3061738705632532,
        0.25473338765226394,
        0.20242300650000175,
        0.23631597198580717
    ],
    "setting": {
        "algorithm": "sync_mra",
        "dimension": 10,
        "samples": 25,
        "sigma": 0.3,
        "signal": [
            0.8804509063256238,
            0.4402254531628119,
            0.0,
            0.0,
            0.1760901812651248,
            0.0,
            0.0,
            0.0,
            0.0,
            0.0
        ]
    },
    "timestamp": 1683989749.1459484,
    "wrong_samples": [
        8,
        3,
        5,
        8,
        1,
        1,
        8,
        5,
        3,
        4,
        5,
        6,
        4,
        6,
        4,
        4,
        6,
        6,
        3,
        1
    ]
}