{
    "reconstruction_errors": [
        0.19955346694972506,
        0.1879267067911258,
        0.2845497940143859,
        0.2743309869066973,
        0.21977081418758881,
        0.40545696914851914,
        0.2241969946702568,
        0.23663090115811342,
        0.27425682310051497,
        0.21101550036744293,
        0.24745895110325927,
        0.2096143360139801,
        0.2943274879429821,
        0.1935311066254445,
        0.24815592320665178,
        0.3056589141855793,
        0.2331949751901619,
        0.23576287368292337,
        0.29508074051056615,
        0.7605266498231831
    ],
    "setting": {
        "algorithm": "sync_mra",
        "dimension": 10,
        "samples": 15,
        "sigma": 0.3,
        "signal": [
            0.8804509063256238,
            0.4402254531628119,
            0.0,
            0.0,
            0.1760901812651248,
            0.0,
            0.0,
            0.0,
            0.0,
            0.0
        ]
    },
    "timestamp": 1683989748.639121,
    "wrong_samples": [
        4,
        1,
        3,
        2,
        2,
        3,
        0,
        4,
        3,
        2,
        3,
        1,
        5,
        1,
        0,
        4,
        1,
        1,
        2,
        8
    ]
}