{
    "reconstruction_errors": [
        0.10794908403046496,
        0.17367100815785724,
        0.0891278820950692,
        0.15273184517536517,
        0.10948991245052749,
        0.07931596785016432,
        0.06118641965107749,
        0.37995752034730074,
        0.2220222743711451,
        0.12559602255744234,
        0.2648157229406437,
        0.052849309833591436,
        0.2511001362964579,
        0.1258462884179894,
        0.08417320483761573,
        0.08115487709829379,
        0.13949773141381214,
        0.1163145849341069,
        0.1363686402694043,
        0.1401819278797786
    ],
    "setting": {
        "algorithm": "sync_mra",
        "dimension": 5,
        "samples": 45,
        "sigma": 0.3,
        "signal": [
            0.8804509063256238,
            0.4402254531628119,
            0.0,
            0.0,
            0.1760901812651248
        ]
    },
    "timestamp": 1683988723.374498,
    "wrong_samples": [
        10,
        5,
        6,
        6,
        9,
        3,
        4,
        21,
        10,
        4,
        10,
        8,
        10,
        4,
        4,
        9,
        5,
        6,
        3,
        6
    ]
}