{
    "reconstruction_errors": [
        0.2195305330864076,
        0.11786096369096359,
        0.16094065372490354,
        0.17729339289436413,
        0.24708038942415175,
        0.11250060700397184,
        0.14278439516749766,
        0.14873213509723585,
        0.16002534363018553,
        0.6133976409637405,
        0.16311604926110565,
        0.14196891854856727,
        0.15683757839038417,
        0.42926434104216904,
        0.2814440280834589,
        0.1549548760224639,
        0.15176863687862946,
        0.16672704341448744,
        0.27982154646494867,
        0.16532496936815788
    ],
    "setting": {
        "algorithm": "sync_mra",
        "dimension": 10,
        "samples": 45,
        "sigma": 0.3,
        "signal": [
            0.8804509063256238,
            0.4402254531628119,
            0.0,
            0.0,
            0.1760901812651248,
            0.0,
            0.0,
            0.0,
            0.0,
            0.0
        ]
    },
    "timestamp": 1683989750.7014732,
    "wrong_samples": [
        10,
        5,
        8,
        9,
        7,
        2,
        5,
        3,
        10,
        23,
        5,
        5,
        2,
        15,
        13,
        0,
        4,
        6,
        7,
        5
    ]
}