{
    "reconstruction_errors": [
        0.11383463657675083,
        0.19870442268274088,
        0.15385732351415832,
        0.19773581520816735,
        0.14639883225627742,
        0.21117817556664226,
        0.11944995418238698,
        0.13917328666007758,
        0.19062021738314294,
        0.2188992659884861,
        0.15595445251929857,
        0.15790774121849369,
        0.15968043614642793,
        0.1553795975587864,
        0.16369636532553172,
        0.17195500051810123,
        0.14220377290396075,
        0.26512668716309656,
        0.3407275575655919,
        0.15754760286838168
    ],
    "setting": {
        "algorithm": "sync_mra",
        "dimension": 15,
        "samples": 70,
        "sigma": 0.3,
        "signal": [
            0.8804509063256238,
            0.4402254531628119,
            0.0,
            0.0,
            0.1760901812651248,
            0.0,
            0.0,
            0.0,
            0.0,
            0.0,
            0.0,
            0.0,
            0.0,
            0.0,
            0.0
        ]
    },
    "timestamp": 1683989116.4725645,
    "wrong_samples": [
        8,
        16,
        10,
        14,
        15,
        14,
        9,
        7,
        8,
        24,
        11,
        12,
        9,
        9,
        12,
        5,
        9,
        16,
        22,
        8
    ]
}