{
    "reconstruction_errors": [
        0.683068727634071,
        0.36458342717913866,
        0.5006352708952327,
        0.6521464492949315,
        0.39723598090552287,
        0.4689700964777615,
        0.4520495985310307,
        0.4856287927946971,
        0.6646228560586288,
        0.394902607410666,
        0.4505602242848927,
        0.5321843980367685,
        0.5859521808473009,
        0.4124149316620509,
        0.781278729336138,
        0.38423931324003,
        0.5551551836151686,
        0.4820867108136541,
        0.2725441729529427,
        0.5635069743681579
    ],
    "setting": {
        "algorithm": "sync_mra",
        "dimension": 10,
        "samples": 25,
        "sigma": 0.4,
        "signal": [
            0.8804509063256238,
            0.4402254531628119,
            0.0,
            0.0,
            0.1760901812651248,
            0.0,
            0.0,
            0.0,
            0.0,
            0.0
        ]
    },
    "timestamp": 1683989778.9858124,
    "wrong_samples": [
        14,
        5,
        9,
        14,
        6,
        6,
        12,
        11,
        11,
        10,
        12,
        14,
        10,
        12,
        16,
        9,
        10,
        10,
        10,
        13
    ]
}