{
    "reconstruction_errors": [
        0.1207995278696231,
        0.5660219113034993,
        0.3467108814720459,
        0.3253082690614679,
        0.14576517182445986,
        0.4345050318994943,
        0.15147245946047858,
        0.22545022714028784,
        0.18139227153899964,
        0.34482896540408725,
        0.13175442909456708,
        0.12757861258792047,
        0.27055535409255316,
        0.630659240629645,
        0.1860273187094995,
        0.4356051616811926,
        0.5797584287782555,
        0.27076261927347234,
        0.557190328125221,
        0.2917024802601155
    ],
    "setting": {
        "algorithm": "sync_mra",
        "dimension": 5,
        "samples": 100,
        "sigma": 0.4,
        "signal": [
            0.8804509063256238,
            0.4402254531628119,
            0.0,
            0.0,
            0.1760901812651248
        ]
    },
    "timestamp": 1683988730.412623,
    "wrong_samples": [
        34,
        51,
        46,
        41,
        23,
        56,
        21,
        27,
        27,
        49,
        19,
        21,
        38,
        65,
        21,
        52,
        61,
        33,
        67,
        36
    ]
}