{
    "reconstruction_errors": [
        0.26219696694852,
        0.20519353523327644,
        0.895714080599689,
        0.27633609493564304,
        0.25889225517276815,
        0.22032188767857785,
        0.1705450795572992,
        0.3154170812519963,
        0.2982576546827808,
        0.24398957508914287,
        0.32791966780990045,
        0.4125671055497502,
        0.7811881214742594,
        0.3312750213860122,
        0.23840398891872475,
        0.5765610725365637,
        0.16565344987558675,
        0.22534902244041205,
        0.8238077764950237,
        0.7327598781198075
    ],
    "setting": {
        "algorithm": "sync_mra",
        "dimension": 10,
        "samples": 70,
        "sigma": 0.4,
        "signal": [
            0.8804509063256238,
            0.4402254531628119,
            0.0,
            0.0,
            0.1760901812651248,
            0.0,
            0.0,
            0.0,
            0.0,
            0.0
        ]
    },
    "timestamp": 1683989784.099673,
    "wrong_samples": [
        22,
        16,
        54,
        24,
        22,
        27,
        17,
        20,
        17,
        21,
        27,
        28,
        53,
        27,
        23,
        40,
        19,
        23,
        48,
        46
    ]
}