{
    "reconstruction_errors": [
        0.737863396134134,
        0.44756980317536293,
        0.46613545651106447,
        0.62789979005711,
        0.2894420139147679,
        0.28764179650239263,
        0.29088265334658636,
        0.7384506701518979,
        0.43189512778076483,
        0.5879568599102281,
        0.6339351836326034,
        0.6890864387133916,
        0.36716553230715043,
        0.36036733851364555,
        0.5047732505515051,
        0.509915647299651,
        0.2108553350197087,
        0.27246888700456495,
        0.8621492638276691,
        0.22863478808934956
    ],
    "setting": {
        "algorithm": "sync_mra",
        "dimension": 15,
        "samples": 70,
        "sigma": 0.4,
        "signal": [
            0.8804509063256238,
            0.4402254531628119,
            0.0,
            0.0,
            0.1760901812651248,
            0.0,
            0.0,
            0.0,
            0.0,
            0.0,
            0.0,
            0.0,
            0.0,
            0.0,
            0.0
        ]
    },
    "timestamp": 1683989195.0731852,
    "wrong_samples": [
        52,
        40,
        44,
        44,
        33,
        27,
        27,
        47,
        30,
        44,
        40,
        43,
        34,
        30,
        33,
        32,
        25,
        22,
        50,
        21
    ]
}