{
    "reconstruction_errors": [
        0.6143254309461674,
        0.7637581340091502,
        0.2863177955137975,
        0.5357267968431799,
        0.3266113781530281,
        0.23539230745008305,
        0.22489780218040736,
        0.6051212446955223,
        0.4993680281623242,
        0.43398605617778496,
        0.3420878808320603,
        0.6658347438177795,
        0.9199025008317555,
        0.705894240403,
        0.6273183430464357,
        0.2725710513472549,
        0.3913714934346626,
        0.23753605795671703,
        0.4239108642109732,
        0.2989657228157921
    ],
    "setting": {
        "algorithm": "sync_mra",
        "dimension": 15,
        "samples": 100,
        "sigma": 0.4,
        "signal": [
            0.8804509063256238,
            0.4402254531628119,
            0.0,
            0.0,
            0.1760901812651248,
            0.0,
            0.0,
            0.0,
            0.0,
            0.0,
            0.0,
            0.0,
            0.0,
            0.0,
            0.0
        ]
    },
    "timestamp": 1683989216.274645,
    "wrong_samples": [
        62,
        71,
        36,
        61,
        43,
        37,
        34,
        57,
        57,
        53,
        45,
        69,
        77,
        69,
        67,
        28,
        47,
        27,
        50,
        42
    ]
}