{
    "reconstruction_errors": [
        0.635693504594309,
        0.12082711001221741,
        0.5961864536704797,
        0.25325091441001285,
        0.5547317916278717,
        0.5869117154552418,
        0.2588634545995765,
        0.48421088990666455,
        0.17968784405945526,
        0.7867173452023684,
        0.21392607750687248,
        0.31597514299914053,
        0.46949600001793723,
        0.7688467480758607,
        0.1339280970537267,
        0.32851554629204976,
        0.1879080843286658,
        0.24978985038686913,
        0.2098439680579863,
        0.2288112714380182
    ],
    "setting": {
        "algorithm": "sync_mra",
        "dimension": 10,
        "samples": 100,
        "sigma": 0.4,
        "signal": [
            0.8804509063256238,
            0.4402254531628119,
            0.0,
            0.0,
            0.1760901812651248,
            0.0,
            0.0,
            0.0,
            0.0,
            0.0
        ]
    },
    "timestamp": 1683989792.1223366,
    "wrong_samples": [
        61,
        29,
        57,
        36,
        61,
        56,
        25,
        51,
        32,
        76,
        25,
        38,
        44,
        64,
        30,
        45,
        27,
        36,
        30,
        38
    ]
}