{
    "reconstruction_errors": [
        1.0819220659881472,
        0.5486651586013,
        0.7660536538397255,
        0.605066383001109,
        0.6958080532500512,
        0.5192883946081754,
        0.5324043256348876,
        0.9873189173587402,
        0.5939988072199266,
        0.7648318808907955,
        0.8870574577496969,
        0.7846361143494375,
        0.7287925354103503,
        0.8350838804577441,
        0.7729995440196125,
        0.7947043302687035,
        0.5443954712100595,
        0.7263081668818535,
        0.9488750302668981,
        0.47752042322475
    ],
    "setting": {
        "algorithm": "sync_mra",
        "dimension": 15,
        "samples": 70,
        "sigma": 0.5,
        "signal": [
            0.8804509063256238,
            0.4402254531628119,
            0.0,
            0.0,
            0.1760901812651248,
            0.0,
            0.0,
            0.0,
            0.0,
            0.0,
            0.0,
            0.0,
            0.0,
            0.0,
            0.0
        ]
    },
    "timestamp": 1683989277.869741,
    "wrong_samples": [
        59,
        48,
        54,
        48,
        49,
        40,
        39,
        50,
        45,
        49,
        51,
        47,
        49,
        48,
        49,
        46,
        44,
        51,
        54,
        38
    ]
}