{
    "reconstruction_errors": [
        0.46639059591960585,
        0.4088230748454474,
        0.7969223269539846,
        0.6154971990201699,
        0.6715891114117939,
        0.6807656869450417,
        0.8490237963216511,
        0.7540320346101972,
        0.6948641874678639,
        0.405212434615765,
        0.9781225248309843,
        0.6910976532094311,
        0.5987049007453276,
        0.5458638077359373,
        0.7404903581918814,
        0.866308055840829,
        0.5220679214108551,
        1.0276463214853937,
        0.9086223494569277,
        0.8594270517537479
    ],
    "setting": {
        "algorithm": "sync_mra",
        "dimension": 10,
        "samples": 15,
        "sigma": 0.5,
        "signal": [
            0.8804509063256238,
            0.4402254531628119,
            0.0,
            0.0,
            0.1760901812651248,
            0.0,
            0.0,
            0.0,
            0.0,
            0.0
        ]
    },
    "timestamp": 1683989809.1327987,
    "wrong_samples": [
        5,
        4,
        8,
        9,
        7,
        4,
        12,
        7,
        9,
        4,
        10,
        10,
        9,
        8,
        9,
        10,
        5,
        8,
        11,
        10
    ]
}