{
    "reconstruction_errors": [
        0.24944175944901562,
        0.31114504280689587,
        0.7604956936109633,
        0.43529483751661285,
        0.6358669560417558,
        0.4715925187931943,
        0.25900575712613233,
        0.3472380836835899,
        0.48044287671828734,
        0.26137064198638776,
        0.5173053102388742,
        0.22523778461662425,
        0.3997841312721755,
        0.447778528062256,
        0.3389393510350382,
        0.2823957209317693,
        0.4104321520193632,
        0.1848716637688377,
        0.23321756319285378,
        0.31808008195039017
    ],
    "setting": {
        "algorithm": "sync_mra",
        "dimension": 5,
        "samples": 45,
        "sigma": 0.5,
        "signal": [
            0.8804509063256238,
            0.4402254531628119,
            0.0,
            0.0,
            0.1760901812651248
        ]
    },
    "timestamp": 1683988735.282315,
    "wrong_samples": [
        18,
        9,
        30,
        19,
        29,
        27,
        18,
        20,
        23,
        15,
        24,
        18,
        18,
        22,
        17,
        16,
        21,
        15,
        21,
        14
    ]
}