{
    "reconstruction_errors": [
        0.37258593768193227,
        0.6557662709237911,
        0.13882917030817257,
        0.19083346896621248,
        0.318687408104904,
        0.17609130835738704,
        0.3381916591262038,
        0.28271570159024856,
        0.2579197805808112,
        0.45391161645279143,
        0.4044968751009295,
        0.3790931721718646,
        0.09998277191454456,
        0.4922481591107649,
        0.6147003984999712,
        0.4745990791963773,
        0.3308848955597974,
        0.5365106523605291,
        0.42477306791055097,
        0.49468473219637393
    ],
    "setting": {
        "algorithm": "sync_mra",
        "dimension": 5,
        "samples": 70,
        "sigma": 0.5,
        "signal": [
            0.8804509063256238,
            0.4402254531628119,
            0.0,
            0.0,
            0.1760901812651248
        ]
    },
    "timestamp": 1683988007.1234636,
    "wrong_samples": [
        24,
        54,
        28,
        29,
        26,
        26,
        29,
        31,
        18,
        37,
        46,
        31,
        33,
        48,
        33,
        34,
        35,
        42,
        40,
        37
    ]
}