{
    "reconstruction_errors": [
        0.8400247313521871,
        0.7941176688036067,
        0.42046069886570325,
        0.929806543503543,
        0.6708711821979089,
        0.6516757507928969,
        0.4156205663887394,
        0.66779330378049,
        0.7049734031477979,
        0.595542734642224,
        0.7230414266332622,
        1.0314741640565628,
        0.9018560295081757,
        0.9088385139223821,
        0.8280897514475675,
        0.6083891614702943,
        0.6156395022124882,
        0.48134082735585504,
        0.8295353883074296,
        0.4666575584950045
    ],
    "setting": {
        "algorithm": "sync_mra",
        "dimension": 15,
        "samples": 100,
        "sigma": 0.5,
        "signal": [
            0.8804509063256238,
            0.4402254531628119,
            0.0,
            0.0,
            0.1760901812651248,
            0.0,
            0.0,
            0.0,
            0.0,
            0.0,
            0.0,
            0.0,
            0.0,
            0.0,
            0.0
        ]
    },
    "timestamp": 1683989308.074681,
    "wrong_samples": [
        77,
        69,
        47,
        82,
        67,
        65,
        49,
        69,
        72,
        70,
        72,
        83,
        76,
        78,
        77,
        53,
        68,
        60,
        73,
        54
    ]
}