{
    "reconstruction_errors": [
        0.663437949151045,
        0.38667920889012725,
        0.5568641912998289,
        0.4871523660409598,
        0.8958847204968581,
        0.832451802615888,
        0.5987060940698008,
        0.7909640673360625,
        0.5706827320632949,
        0.7791219322653135,
        0.4932002943945279,
        0.6247259502782038,
        0.7535140437832156,
        0.514304314462832,
        0.5749673141997895,
        0.35333694565073487,
        0.7995463293372966,
        0.7405105186698497,
        0.4129220285371855,
        0.34414913573929934
    ],
    "setting": {
        "algorithm": "sync_mra",
        "dimension": 10,
        "samples": 100,
        "sigma": 0.5,
        "signal": [
            0.8804509063256238,
            0.4402254531628119,
            0.0,
            0.0,
            0.1760901812651248,
            0.0,
            0.0,
            0.0,
            0.0,
            0.0
        ]
    },
    "timestamp": 1683989823.555986,
    "wrong_samples": [
        68,
        51,
        58,
        58,
        78,
        70,
        48,
        70,
        60,
        77,
        53,
        66,
        76,
        59,
        56,
        51,
        71,
        59,
        46,
        52
    ]
}