{
    "reconstruction_errors": [
        0.9463975786286746,
        0.8689863873938455,
        1.1991590779832657,
        1.0273684824064104,
        1.110492218933703,
        0.9191804974876415,
        0.7187199635866671,
        1.069647349411973,
        1.0977507664730075,
        1.0287771843066584,
        1.1195598325548226,
        0.9574018223104074,
        0.9833534277906129,
        0.9674068323270614,
        0.8975175417567751,
        0.8921764706108292,
        0.8912739426120098,
        1.0239393914323724,
        0.80265887116346,
        0.7654837926262276
    ],
    "setting": {
        "algorithm": "sync_mra",
        "dimension": 15,
        "samples": 15,
        "sigma": 0.5,
        "signal": [
            0.8804509063256238,
            0.4402254531628119,
            0.0,
            0.0,
            0.1760901812651248,
            0.0,
            0.0,
            0.0,
            0.0,
            0.0,
            0.0,
            0.0,
            0.0,
            0.0,
            0.0
        ]
    },
    "timestamp": 1683989265.2656927,
    "wrong_samples": [
        9,
        7,
        11,
        10,
        12,
        8,
        7,
        11,
        9,
        12,
        12,
        11,
        10,
        11,
        8,
        8,
        8,
        10,
        7,
        7
    ]
}