{
    "reconstruction_errors": [
        0.6690850946066031,
        0.42806632803710354,
        1.0335894457868577,
        0.546195236514933,
        0.3647118030668361,
        0.5707903513731818,
        0.4092746710739977,
        0.35444465902408256,
        0.4273054340910901,
        0.808879115262958,
        0.5407809783932516,
        0.5297293582658396,
        0.9332948871176577,
        0.619959014289766,
        0.5000945704867438,
        0.5011906714765786,
        0.6816483299423776,
        0.3869722388461036,
        0.7087392521489357,
        0.9539912919795311
    ],
    "setting": {
        "algorithm": "sync_mra",
        "dimension": 10,
        "samples": 70,
        "sigma": 0.5,
        "signal": [
            0.8804509063256238,
            0.4402254531628119,
            0.0,
            0.0,
            0.1760901812651248,
            0.0,
            0.0,
            0.0,
            0.0,
            0.0
        ]
    },
    "timestamp": 1683989814.8255131,
    "wrong_samples": [
        45,
        33,
        56,
        43,
        33,
        42,
        34,
        26,
        26,
        48,
        39,
        35,
        53,
        46,
        40,
        42,
        43,
        35,
        47,
        54
    ]
}