{
    "reconstruction_errors": [
        0.8726476693057985,
        0.6546188337747451,
        0.7949889327537611,
        0.7879121507770587,
        0.6125802082796578,
        0.5605051040332715,
        0.7465957249560542,
        0.8673941431506552,
        0.9749369622638028,
        0.8995170947556351,
        0.8038683367193743,
        0.9063380037973744,
        0.9971573699963228,
        0.8324238329911268,
        1.066669896097719,
        0.5972402598875057,
        0.8659202515701394,
        0.9362693720188515,
        0.7543530320475397,
        0.5719212454987133
    ],
    "setting": {
        "algorithm": "sync_mra",
        "dimension": 15,
        "samples": 45,
        "sigma": 0.5,
        "signal": [
            0.8804509063256238,
            0.4402254531628119,
            0.0,
            0.0,
            0.1760901812651248,
            0.0,
            0.0,
            0.0,
            0.0,
            0.0,
            0.0,
            0.0,
            0.0,
            0.0,
            0.0
        ]
    },
    "timestamp": 1683989270.257674,
    "wrong_samples": [
        28,
        29,
        34,
        27,
        23,
        28,
        27,
        35,
        36,
        36,
        33,
        34,
        36,
        25,
        36,
        26,
        35,
        35,
        32,
        20
    ]
}