{
    "reconstruction_errors": [
        1.4946834900704541e-16,
        1.4946834900704541e-16,
        1.4946834900704541e-16,
        0.34430921743296705,
        1.4946834900704541e-16,
        1.4946834900704541e-16,
        1.4946834900704541e-16,
        1.4946834900704541e-16,
        1.4946834900704541e-16,
        1.4946834900704541e-16,
        1.4946834900704541e-16,
        1.4946834900704541e-16,
        1.4946834900704541e-16,
        1.4946834900704541e-16,
        1.4946834900704541e-16,
        1.4946834900704541e-16,
        1.4946834900704541e-16,
        1.4946834900704541e-16,
        1.4946834900704541e-16,
        1.4946834900704541e-16
    ],
    "setting": {
        "algorithm": "best_apriori",
        "dimension": 5,
        "samples": 25,
        "sigma": 0.0,
        "signal": [
            0.8804509063256238,
            0.4402254531628119,
            0.0,
            0.0,
            0.1760901812651248
        ]
    },
    "timestamp": 1682767674.232074,
    "wrong_samples": [
        0,
        0,
        0,
        9,
        0,
        0,
        0,
        0,
        0,
        0,
        0,
        0,
        0,
        0,
        0,
        0,
        0,
        0,
        0,
        0
    ]
}