{
    "reconstruction_errors": [
        0.03934267870759423,
        0.038812098321319655,
        0.043714661284318106,
        0.04272027856275085,
        0.04120128783731081,
        0.03611216324270426,
        0.03318013132206539,
        0.053735008515502,
        0.03021276765314206,
        0.0509633876583259,
        0.04935288878696762,
        0.04179040297831775,
        0.04722924679436399,
        0.041182932411966515,
        0.053101245209062904,
        0.05165162534082127,
        0.03470075623472075,
        0.03757802055733005,
        0.052051177987445164,
        0.055267466538898184
    ],
    "setting": {
        "algorithm": "best_apriori",
        "dimension": 10,
        "samples": 45,
        "sigma": 0.1,
        "signal": [
            0.8804509063256238,
            0.4402254531628119,
            0.0,
            0.0,
            0.1760901812651248,
            0.0,
            0.0,
            0.0,
            0.0,
            0.0
        ]
    },
    "timestamp": 1682773434.4463723,
    "wrong_samples": [
        0,
        0,
        0,
        0,
        0,
        0,
        0,
        0,
        0,
        0,
        0,
        0,
        0,
        0,
        0,
        0,
        0,
        0,
        0,
        0
    ]
}