{
    "reconstruction_errors": [
        0.03019339262961495,
        0.01816409681928909,
        0.020841290080310285,
        0.026919507848102663,
        0.010723240925672077,
        0.017764368618181828,
        0.014793712617424975,
        0.03043474495896126,
        0.027278936060050777,
        0.025389837288296822,
        0.023784309418366036,
        0.011550572426687037,
        0.021864170023702518,
        0.017183374224455043,
        0.0443753896515034,
        0.027889944273154693,
        0.026359078339119366,
        0.015683018690404702,
        0.01905662934236492,
        0.017853561864501287
    ],
    "setting": {
        "algorithm": "best_apriori",
        "dimension": 5,
        "samples": 100,
        "sigma": 0.1,
        "signal": [
            0.8804509063256238,
            0.4402254531628119,
            0.0,
            0.0,
            0.1760901812651248
        ]
    },
    "timestamp": 1682842905.3589408,
    "wrong_samples": [
        0,
        0,
        0,
        0,
        0,
        0,
        0,
        0,
        0,
        0,
        0,
        0,
        0,
        0,
        0,
        0,
        1,
        0,
        0,
        0
    ]
}