{
    "reconstruction_errors": [
        0.1623370081865227,
        0.0834598520064538,
        0.0776795266616072,
        0.11343730642487442,
        0.10177927583161617,
        0.09798110840915691,
        0.009651024495784727,
        0.1625734760584931,
        0.12053333951114736,
        0.12635171763156203,
        0.07497278783734286,
        0.053464667700039534,
        0.12257063822680543,
        0.08741901593343614,
        0.09447287605740352,
        0.10308700245394321,
        0.08859227087200643,
        0.11227318334988214,
        0.1157804297899355,
        0.09981127433806199
    ],
    "setting": {
        "algorithm": "best_apriori",
        "dimension": 5,
        "samples": 25,
        "sigma": 0.2,
        "signal": [
            0.8804509063256238,
            0.4402254531628119,
            0.0,
            0.0,
            0.1760901812651248
        ]
    },
    "timestamp": 1682767929.6478596,
    "wrong_samples": [
        2,
        0,
        2,
        0,
        0,
        1,
        0,
        2,
        2,
        2,
        0,
        0,
        1,
        0,
        0,
        0,
        0,
        2,
        0,
        2
    ]
}