{
    "reconstruction_errors": [
        0.1043124346732001,
        0.14849995269338317,
        0.10259213691521857,
        0.09369542989260124,
        0.07917389585504978,
        0.0708358348910017,
        0.09402907533343571,
        0.07553770436778245,
        0.11309356430481786,
        0.1315450619663602,
        0.10221772750548296,
        0.12809464318754146,
        0.10536684432670827,
        0.08540579618869155,
        0.12283600796672797,
        0.12726585722840789,
        0.12561794634042228,
        0.11483082926428317,
        0.0998444818320535,
        0.08719611501095012
    ],
    "setting": {
        "algorithm": "best_apriori",
        "dimension": 15,
        "samples": 100,
        "sigma": 0.25,
        "signal": [
            0.8804509063256238,
            0.4402254531628119,
            0.0,
            0.0,
            0.1760901812651248,
            0.0,
            0.0,
            0.0,
            0.0,
            0.0,
            0.0,
            0.0,
            0.0,
            0.0,
            0.0
        ]
    },
    "timestamp": 1683563941.862319,
    "wrong_samples": [
        5,
        8,
        7,
        9,
        7,
        5,
        6,
        4,
        2,
        4,
        7,
        3,
        3,
        3,
        5,
        5,
        10,
        1,
        6,
        8
    ]
}