{
    "reconstruction_errors": [
        0.04485225899770558,
        0.0803507591980531,
        0.05085377487023964,
        0.05694695352748337,
        0.05459151332637152,
        0.0832268932035929,
        0.03818685928374693,
        0.04234634581544363,
        0.07666464144731175,
        0.0459714634285646,
        0.05831063813676327,
        0.057142072366829895,
        0.062054445434778276,
        0.08406209337152647,
        0.12625798763215765,
        0.05817391931970587,
        0.0455129566024708,
        0.10732706411855651,
        0.023949650270991052,
        0.061720618681526916
    ],
    "setting": {
        "algorithm": "best_apriori",
        "dimension": 5,
        "samples": 70,
        "sigma": 0.25,
        "signal": [
            0.8804509063256238,
            0.4402254531628119,
            0.0,
            0.0,
            0.1760901812651248
        ]
    },
    "timestamp": 1682837747.57402,
    "wrong_samples": [
        3,
        4,
        5,
        5,
        0,
        8,
        4,
        5,
        5,
        3,
        4,
        5,
        5,
        7,
        3,
        6,
        5,
        6,
        5,
        5
    ]
}