{
    "reconstruction_errors": [
        0.07719584523633277,
        0.04288703089390142,
        0.05795989833549919,
        0.061171919368272716,
        0.03048222301165964,
        0.04501722344988084,
        0.06260631428285582,
        0.09217846504597352,
        0.08094159081785132,
        0.08258648366059991,
        0.06363707275598675,
        0.0364033746603911,
        0.06813181083523738,
        0.04687685494764239,
        0.11396989069048881,
        0.06726365160597161,
        0.05339464940117146,
        0.03090301863223008,
        0.05035226191310513,
        0.0444538563160314
    ],
    "setting": {
        "algorithm": "best_apriori",
        "dimension": 5,
        "samples": 100,
        "sigma": 0.25,
        "signal": [
            0.8804509063256238,
            0.4402254531628119,
            0.0,
            0.0,
            0.1760901812651248
        ]
    },
    "timestamp": 1682837747.5944366,
    "wrong_samples": [
        5,
        3,
        8,
        2,
        3,
        4,
        6,
        6,
        8,
        8,
        5,
        3,
        2,
        3,
        4,
        8,
        5,
        5,
        7,
        3
    ]
}