{
    "reconstruction_errors": [
        0.09819410267689153,
        0.10962606222062228,
        0.13623580630094712,
        0.13034870907569782,
        0.12132894388497478,
        0.09028040810676063,
        0.0860286788464982,
        0.13643882074413563,
        0.07288687281783336,
        0.1505524092107797,
        0.12338222196741863,
        0.11056065440171768,
        0.11807311698590962,
        0.13475151997917506,
        0.14067558348487227,
        0.1291290633520532,
        0.08675189058680217,
        0.10538738909325761,
        0.14580111544485386,
        0.13621371931799062
    ],
    "setting": {
        "algorithm": "best_apriori",
        "dimension": 10,
        "samples": 45,
        "sigma": 0.25,
        "signal": [
            0.8804509063256238,
            0.4402254531628119,
            0.0,
            0.0,
            0.1760901812651248,
            0.0,
            0.0,
            0.0,
            0.0,
            0.0
        ]
    },
    "timestamp": 1682773911.9985354,
    "wrong_samples": [
        1,
        2,
        4,
        3,
        1,
        0,
        1,
        1,
        2,
        3,
        0,
        1,
        0,
        4,
        3,
        0,
        0,
        3,
        2,
        4
    ]
}