{
    "reconstruction_errors": [
        0.1610664596661013,
        0.15481271163541097,
        0.1962061333413541,
        0.16645601921861386,
        0.1393072397467089,
        0.1343667443332796,
        0.1395879072321915,
        0.16447076839565972,
        0.17287019751910018,
        0.09355899967294674,
        0.12238028358799577,
        0.162977564396546,
        0.12731800483439837,
        0.14646929635468506,
        0.21505898935220744,
        0.15921889242080312,
        0.11030088237417301,
        0.12763231407403058,
        0.15479722983316777,
        0.14413698482432163
    ],
    "setting": {
        "algorithm": "best_apriori",
        "dimension": 15,
        "samples": 45,
        "sigma": 0.25,
        "signal": [
            0.8804509063256238,
            0.4402254531628119,
            0.0,
            0.0,
            0.1760901812651248,
            0.0,
            0.0,
            0.0,
            0.0,
            0.0,
            0.0,
            0.0,
            0.0,
            0.0,
            0.0
        ]
    },
    "timestamp": 1682869479.2218275,
    "wrong_samples": [
        2,
        2,
        3,
        1,
        1,
        1,
        2,
        2,
        5,
        2,
        3,
        3,
        2,
        1,
        2,
        3,
        2,
        1,
        1,
        0
    ]
}