{
    "reconstruction_errors": [
        0.21005661168722678,
        0.11201066477589594,
        0.0958585006697647,
        0.14179663303109305,
        0.15342488508002802,
        0.1128325334762422,
        0.06118220414418397,
        0.15520873346973724,
        0.17214864334032137,
        0.18454554167708048,
        0.09692077244637122,
        0.08414683518388152,
        0.14930292278889076,
        0.10927376991679509,
        0.11385697073507205,
        0.13620444963212122,
        0.13880761533353952,
        0.13351447300085356,
        0.12228362938329401,
        0.1233464854644337
    ],
    "setting": {
        "algorithm": "best_apriori",
        "dimension": 5,
        "samples": 25,
        "sigma": 0.25,
        "signal": [
            0.8804509063256238,
            0.4402254531628119,
            0.0,
            0.0,
            0.1760901812651248
        ]
    },
    "timestamp": 1682767674.2792666,
    "wrong_samples": [
        3,
        1,
        2,
        0,
        2,
        2,
        2,
        5,
        3,
        3,
        1,
        1,
        1,
        0,
        1,
        1,
        3,
        4,
        2,
        3
    ]
}