{
    "reconstruction_errors": [
        0.13628953361640433,
        0.18705979168882847,
        0.15967742581362873,
        0.17183935645461926,
        0.162007361277944,
        0.18080574863043367,
        0.12626082832203872,
        0.1712739837239973,
        0.16392986886666283,
        0.17756263407612444,
        0.13298776431312176,
        0.13337870679775027,
        0.1545210483338362,
        0.1300383671912687,
        0.13718962720031344,
        0.190969076521149,
        0.14249938892406844,
        0.2098419901328994,
        0.15133596777692385,
        0.16974593422865067
    ],
    "setting": {
        "algorithm": "best_apriori",
        "dimension": 15,
        "samples": 70,
        "sigma": 0.3,
        "signal": [
            0.8804509063256238,
            0.4402254531628119,
            0.0,
            0.0,
            0.1760901812651248,
            0.0,
            0.0,
            0.0,
            0.0,
            0.0,
            0.0,
            0.0,
            0.0,
            0.0,
            0.0
        ]
    },
    "timestamp": 1682893498.9112241,
    "wrong_samples": [
        9,
        12,
        10,
        9,
        14,
        9,
        6,
        12,
        12,
        19,
        8,
        4,
        9,
        8,
        8,
        5,
        10,
        11,
        10,
        8
    ]
}