{
    "reconstruction_errors": [
        0.3211934534093439,
        0.2495451129049034,
        0.24913267088608995,
        0.30589851150345415,
        0.25753523511902815,
        0.23658095010711905,
        0.23175335851606696,
        0.35459547804490554,
        0.1877770513911276,
        0.2160424302498756,
        0.3200522467353564,
        0.22822197720933823,
        0.23120868009401233,
        0.32820694491760616,
        0.237377086354209,
        0.2852274906434626,
        0.20741660097257444,
        0.23634971705995447,
        0.2947112358912757,
        0.23723938122902694
    ],
    "setting": {
        "algorithm": "best_apriori",
        "dimension": 15,
        "samples": 25,
        "sigma": 0.3,
        "signal": [
            0.8804509063256238,
            0.4402254531628119,
            0.0,
            0.0,
            0.1760901812651248,
            0.0,
            0.0,
            0.0,
            0.0,
            0.0,
            0.0,
            0.0,
            0.0,
            0.0,
            0.0
        ]
    },
    "timestamp": 1682861758.3621104,
    "wrong_samples": [
        3,
        1,
        2,
        3,
        3,
        3,
        2,
        6,
        2,
        2,
        6,
        2,
        3,
        6,
        1,
        1,
        1,
        1,
        1,
        2
    ]
}