{
    "reconstruction_errors": [
        0.12806405877269753,
        0.2007612844498553,
        0.1476661119488944,
        0.10655145516701918,
        0.08307561390353771,
        0.1150668510348237,
        0.11649379408077161,
        0.10707079721192705,
        0.13477393167363746,
        0.17703258895077476,
        0.09525694459191585,
        0.17263753701371776,
        0.12555325983372323,
        0.1308551522700207,
        0.16707756010668742,
        0.14833411574096775,
        0.1779446467978337,
        0.1486111306336376,
        0.12389933983100032,
        0.12415384509910239
    ],
    "setting": {
        "algorithm": "best_apriori",
        "dimension": 15,
        "samples": 100,
        "sigma": 0.3,
        "signal": [
            0.8804509063256238,
            0.4402254531628119,
            0.0,
            0.0,
            0.1760901812651248,
            0.0,
            0.0,
            0.0,
            0.0,
            0.0,
            0.0,
            0.0,
            0.0,
            0.0,
            0.0
        ]
    },
    "timestamp": 1682940053.3102262,
    "wrong_samples": [
        13,
        17,
        13,
        15,
        14,
        11,
        12,
        14,
        6,
        14,
        14,
        11,
        7,
        9,
        19,
        8,
        19,
        10,
        14,
        15
    ]
}