{
    "reconstruction_errors": [
        0.16776526453398055,
        0.19101937506420485,
        0.21163426597557985,
        0.1605569484007972,
        0.2100794261061818,
        0.2592466727704362,
        0.20622583887265952,
        0.21825677650189879,
        0.2401205544449792,
        0.16055557234721948,
        0.2718807945165429,
        0.16965220834762415,
        0.2439022278221657,
        0.17066578592942258,
        0.22864862461732965,
        0.2420246406036298,
        0.28460276569266296,
        0.22560488284414862,
        0.19098726591447837,
        0.2105220557498947
    ],
    "setting": {
        "algorithm": "best_apriori",
        "dimension": 10,
        "samples": 25,
        "sigma": 0.3,
        "signal": [
            0.8804509063256238,
            0.4402254531628119,
            0.0,
            0.0,
            0.1760901812651248,
            0.0,
            0.0,
            0.0,
            0.0,
            0.0
        ]
    },
    "timestamp": 1682769156.7345304,
    "wrong_samples": [
        2,
        1,
        3,
        2,
        0,
        1,
        4,
        4,
        2,
        2,
        4,
        1,
        2,
        5,
        3,
        4,
        4,
        4,
        4,
        0
    ]
}