{
    "reconstruction_errors": [
        0.1369462327930122,
        0.15393503418281856,
        0.14119968955173973,
        0.15001125483572925,
        0.153373386628371,
        0.10179559050075032,
        0.11605540523033153,
        0.18913833870271646,
        0.0988716091436656,
        0.22916633241565745,
        0.16467141107323569,
        0.13942020622667348,
        0.15960378598603456,
        0.20593116573741807,
        0.1844168571150549,
        0.1549548760224639,
        0.12818262038513817,
        0.17299765271282821,
        0.1963422856919407,
        0.1541299487148809
    ],
    "setting": {
        "algorithm": "best_apriori",
        "dimension": 10,
        "samples": 45,
        "sigma": 0.3,
        "signal": [
            0.8804509063256238,
            0.4402254531628119,
            0.0,
            0.0,
            0.1760901812651248,
            0.0,
            0.0,
            0.0,
            0.0,
            0.0
        ]
    },
    "timestamp": 1682773928.8937795,
    "wrong_samples": [
        4,
        5,
        9,
        7,
        2,
        1,
        3,
        6,
        3,
        7,
        2,
        6,
        2,
        8,
        9,
        0,
        2,
        7,
        6,
        6
    ]
}