{
    "reconstruction_errors": [
        0.24229544507412354,
        0.13263091289405335,
        0.12523965158363573,
        0.1698522459451983,
        0.2376404723236395,
        0.196577721359542,
        0.08415275473744015,
        0.2527820468161809,
        0.3399982494483952,
        0.1881319119515298,
        0.13303412646374152,
        0.14942089047553933,
        0.16320704464541008,
        0.11574680161524024,
        0.12341968890388716,
        0.19264058620906963,
        0.16882496051592233,
        0.19994167615291733,
        0.15722360944406436,
        0.1342379553789752
    ],
    "setting": {
        "algorithm": "best_apriori",
        "dimension": 5,
        "samples": 25,
        "sigma": 0.3,
        "signal": [
            0.8804509063256238,
            0.4402254531628119,
            0.0,
            0.0,
            0.1760901812651248
        ]
    },
    "timestamp": 1682767950.794694,
    "wrong_samples": [
        3,
        1,
        4,
        4,
        3,
        4,
        3,
        8,
        6,
        3,
        3,
        3,
        3,
        1,
        3,
        2,
        3,
        6,
        2,
        5
    ]
}