{
    "reconstruction_errors": [
        0.08275700994288816,
        0.07500312880536057,
        0.09223000378097664,
        0.09590512461821372,
        0.1156607795080238,
        0.0739075667865961,
        0.146924580377861,
        0.13657475432524246,
        0.06161077534201795,
        0.0925872620482698,
        0.10289992153149063,
        0.10449591627273302,
        0.06496073293081622,
        0.08834154325736264,
        0.09233371358349533,
        0.12520483035896893,
        0.08436656005956272,
        0.1513904918118596,
        0.1155495952746296,
        0.1117607466235057
    ],
    "setting": {
        "algorithm": "best_apriori",
        "dimension": 10,
        "samples": 100,
        "sigma": 0.3,
        "signal": [
            0.8804509063256238,
            0.4402254531628119,
            0.0,
            0.0,
            0.1760901812651248,
            0.0,
            0.0,
            0.0,
            0.0,
            0.0
        ]
    },
    "timestamp": 1682887495.2264926,
    "wrong_samples": [
        9,
        7,
        10,
        12,
        10,
        12,
        13,
        12,
        11,
        15,
        4,
        9,
        6,
        6,
        7,
        10,
        3,
        13,
        9,
        16
    ]
}