{
    "reconstruction_errors": [
        0.12007217628481519,
        0.1624136058143697,
        0.13063194226128344,
        0.08635413969838036,
        0.12255575783968499,
        0.13679032398015864,
        0.08447492492442336,
        0.17061522382547648,
        0.17407961049017964,
        0.1436521003747528,
        0.10146836062996488,
        0.12353358831432582,
        0.09860665784707216,
        0.11499357691795876,
        0.11571154585929651,
        0.17649999103349728,
        0.12755546782780638,
        0.11642915881614545,
        0.1065894381191605,
        0.08372492514934449
    ],
    "setting": {
        "algorithm": "best_apriori",
        "dimension": 10,
        "samples": 70,
        "sigma": 0.3,
        "signal": [
            0.8804509063256238,
            0.4402254531628119,
            0.0,
            0.0,
            0.1760901812651248,
            0.0,
            0.0,
            0.0,
            0.0,
            0.0
        ]
    },
    "timestamp": 1682839491.4618602,
    "wrong_samples": [
        11,
        9,
        13,
        8,
        7,
        12,
        5,
        10,
        8,
        9,
        4,
        5,
        5,
        8,
        6,
        7,
        6,
        9,
        7,
        11
    ]
}