{
    "reconstruction_errors": [
        0.09370620659535864,
        0.04942198801123751,
        0.17263643138411716,
        0.17720183192508138,
        0.1220962383266964,
        0.16324094786258705,
        0.1481504980686752,
        0.2026727938064966,
        0.19999604526159775,
        0.23425418621176644,
        0.15239917652429594,
        0.11056564830559122,
        0.18576468833599527,
        0.1382112490352542,
        0.19897532052182607,
        0.1141684427084982,
        0.08406268619725832,
        0.2477715008231994,
        0.12237113602718072,
        0.12210294961426629
    ],
    "setting": {
        "algorithm": "best_apriori",
        "dimension": 5,
        "samples": 100,
        "sigma": 0.4,
        "signal": [
            0.8804509063256238,
            0.4402254531628119,
            0.0,
            0.0,
            0.1760901812651248
        ]
    },
    "timestamp": 1682867147.170321,
    "wrong_samples": [
        21,
        18,
        26,
        19,
        25,
        22,
        22,
        23,
        25,
        28,
        20,
        22,
        21,
        24,
        19,
        23,
        25,
        32,
        20,
        30
    ]
}