{
    "reconstruction_errors": [
        0.5103498463017371,
        0.4155071894526926,
        0.3607641305217872,
        0.32604941128331066,
        0.43837709518955964,
        0.3938191043878448,
        0.33830928339469424,
        0.42085028594280466,
        0.3482047379639814,
        0.20382434862274135,
        0.4370444540464307,
        0.381262995410063,
        0.398898645739955,
        0.2421636966940863,
        0.5972899314874832,
        0.381817147443042,
        0.4654039097693426,
        0.6402663841514094,
        0.2405886502263972,
        0.34239743297265623
    ],
    "setting": {
        "algorithm": "best_apriori",
        "dimension": 10,
        "samples": 25,
        "sigma": 0.4,
        "signal": [
            0.8804509063256238,
            0.4402254531628119,
            0.0,
            0.0,
            0.1760901812651248,
            0.0,
            0.0,
            0.0,
            0.0,
            0.0
        ]
    },
    "timestamp": 1682773434.417804,
    "wrong_samples": [
        10,
        6,
        8,
        8,
        6,
        6,
        6,
        7,
        7,
        4,
        6,
        7,
        4,
        7,
        11,
        9,
        7,
        15,
        8,
        3
    ]
}