{
    "reconstruction_errors": [
        0.21808510146970345,
        0.15464016625907445,
        0.12511968930502268,
        0.13002431699521047,
        0.1783667201572111,
        0.1636193445903252,
        0.10404325297404904,
        0.1301127190052582,
        0.15004845150199309,
        0.13989780707592311,
        0.38511524616076265,
        0.19859271161029385,
        0.17084662094006106,
        0.22998515351247617,
        0.23715026717248402,
        0.30195375378139455,
        0.12701773742246317,
        0.20984076387804967,
        0.15002943379960296,
        0.1660155985054501
    ],
    "setting": {
        "algorithm": "best_apriori",
        "dimension": 5,
        "samples": 70,
        "sigma": 0.4,
        "signal": [
            0.8804509063256238,
            0.4402254531628119,
            0.0,
            0.0,
            0.1760901812651248
        ]
    },
    "timestamp": 1682769438.865248,
    "wrong_samples": [
        20,
        20,
        14,
        16,
        17,
        16,
        15,
        23,
        12,
        19,
        31,
        21,
        18,
        20,
        15,
        25,
        16,
        16,
        25,
        20
    ]
}