{
    "reconstruction_errors": [
        0.38502010732679826,
        0.7176844203351341,
        0.908180304150751,
        0.477781869606587,
        0.6466062312334875,
        0.6732844453122034,
        0.5579457294679016,
        0.8478098010969923,
        0.8965036776555073,
        0.8001832041908701,
        0.7748463314457191,
        0.8150827053587921,
        0.7836724757699118,
        0.8210838305907395,
        0.5531270952786586,
        0.4427328003088587,
        0.5671040304299069,
        0.6780281556070086,
        0.6218536130334447,
        0.4837953846125209
    ],
    "setting": {
        "algorithm": "best_apriori",
        "dimension": 15,
        "samples": 15,
        "sigma": 0.4,
        "signal": [
            0.8804509063256238,
            0.4402254531628119,
            0.0,
            0.0,
            0.1760901812651248,
            0.0,
            0.0,
            0.0,
            0.0,
            0.0,
            0.0,
            0.0,
            0.0,
            0.0,
            0.0
        ]
    },
    "timestamp": 1682859715.959524,
    "wrong_samples": [
        4,
        6,
        9,
        3,
        6,
        4,
        5,
        7,
        9,
        10,
        7,
        7,
        8,
        11,
        3,
        3,
        5,
        8,
        5,
        4
    ]
}