{
    "reconstruction_errors": [
        0.18450202919196637,
        0.12797896887310511,
        0.19722395385021566,
        0.23736581180349278,
        0.1678082192406817,
        0.187401422666892,
        0.27761913144588307,
        0.24701259483206892,
        0.12678144066424726,
        0.18342481738366812,
        0.13578565723913358,
        0.18212869211765761,
        0.156319755648107,
        0.16245654532052733,
        0.16011440360753565,
        0.19832892082254278,
        0.19350837317680858,
        0.23063800621274752,
        0.2056450253336129,
        0.2543576298019348
    ],
    "setting": {
        "algorithm": "best_apriori",
        "dimension": 10,
        "samples": 100,
        "sigma": 0.4,
        "signal": [
            0.8804509063256238,
            0.4402254531628119,
            0.0,
            0.0,
            0.1760901812651248,
            0.0,
            0.0,
            0.0,
            0.0,
            0.0
        ]
    },
    "timestamp": 1682887495.2208884,
    "wrong_samples": [
        31,
        22,
        26,
        25,
        28,
        26,
        28,
        32,
        28,
        33,
        17,
        28,
        26,
        27,
        19,
        26,
        18,
        27,
        30,
        38
    ]
}