{
    "reconstruction_errors": [
        0.2454889259805869,
        0.3250799775440736,
        0.23883044032111528,
        0.39081442330797456,
        0.18258478346709398,
        0.19217460480122026,
        0.18609571676544237,
        0.24016383671534297,
        0.2575797628039674,
        0.33139856527179246,
        0.21975350076681496,
        0.28884959277523165,
        0.2880091402324045,
        0.28581230283506337,
        0.358685884358215,
        0.26697680863093237,
        0.2782016307253356,
        0.23356817300390745,
        0.20904881423131702,
        0.21341818041236052
    ],
    "setting": {
        "algorithm": "best_apriori",
        "dimension": 15,
        "samples": 100,
        "sigma": 0.4,
        "signal": [
            0.8804509063256238,
            0.4402254531628119,
            0.0,
            0.0,
            0.1760901812651248,
            0.0,
            0.0,
            0.0,
            0.0,
            0.0,
            0.0,
            0.0,
            0.0,
            0.0,
            0.0
        ]
    },
    "timestamp": 1683594477.427365,
    "wrong_samples": [
        34,
        37,
        33,
        52,
        29,
        28,
        28,
        32,
        25,
        37,
        34,
        30,
        33,
        30,
        44,
        22,
        39,
        23,
        33,
        37
    ]
}