{
    "reconstruction_errors": [
        0.6142869542512104,
        0.4148534983844461,
        0.5236524163828363,
        0.5067738611364072,
        0.517223778471584,
        0.35228001347960275,
        0.46351015513789906,
        0.5737355784735102,
        0.9806662550968198,
        0.41401827387515866,
        0.7070732194131095,
        0.5234394426142834,
        0.33683233060194423,
        0.6507429573417737,
        0.6641607661004257,
        0.44776428954371544,
        0.8654062910701799,
        0.4756696605771445,
        0.602123589135337,
        0.41227062956340654
    ],
    "setting": {
        "algorithm": "best_apriori",
        "dimension": 15,
        "samples": 25,
        "sigma": 0.4,
        "signal": [
            0.8804509063256238,
            0.4402254531628119,
            0.0,
            0.0,
            0.1760901812651248,
            0.0,
            0.0,
            0.0,
            0.0,
            0.0,
            0.0,
            0.0,
            0.0,
            0.0,
            0.0
        ]
    },
    "timestamp": 1682862209.8819132,
    "wrong_samples": [
        8,
        9,
        9,
        6,
        10,
        6,
        9,
        8,
        18,
        12,
        13,
        9,
        7,
        14,
        13,
        5,
        17,
        6,
        8,
        7
    ]
}