{
    "reconstruction_errors": [
        0.3722956917634028,
        0.38546426596877487,
        0.37809625141293113,
        0.5231782893642201,
        0.2855318878949434,
        0.26385500613446017,
        0.335384437012453,
        0.5679570533026272,
        0.33502138009887283,
        0.382392775309516,
        0.40990750084113553,
        0.5556179847494839,
        0.583145285804999,
        0.30009764725437155,
        0.8333199254439719,
        0.32511945687939847,
        0.31738346565470993,
        0.27467482366328233,
        0.3598522110458732,
        0.3145079817870918
    ],
    "setting": {
        "algorithm": "best_apriori",
        "dimension": 15,
        "samples": 45,
        "sigma": 0.4,
        "signal": [
            0.8804509063256238,
            0.4402254531628119,
            0.0,
            0.0,
            0.1760901812651248,
            0.0,
            0.0,
            0.0,
            0.0,
            0.0,
            0.0,
            0.0,
            0.0,
            0.0,
            0.0
        ]
    },
    "timestamp": 1682873388.7330556,
    "wrong_samples": [
        13,
        13,
        18,
        18,
        12,
        9,
        14,
        25,
        19,
        17,
        20,
        24,
        22,
        8,
        27,
        10,
        16,
        14,
        12,
        13
    ]
}