{
    "reconstruction_errors": [
        0.29191044586336784,
        0.25904573852760737,
        0.3438566189146742,
        0.40934119091915827,
        0.27692199947269225,
        0.4006571574844889,
        0.16879219523608333,
        0.3174520522494824,
        0.13956164605316682,
        0.3339142007169865,
        0.23281638164822988,
        0.24093483817794994,
        0.2438981121841609,
        0.41139132553918767,
        0.41925504450355544,
        0.2381143717094623,
        0.3112994465533373,
        0.3047375692137942,
        0.40159701297314687,
        0.28339220857608116
    ],
    "setting": {
        "algorithm": "best_apriori",
        "dimension": 10,
        "samples": 45,
        "sigma": 0.4,
        "signal": [
            0.8804509063256238,
            0.4402254531628119,
            0.0,
            0.0,
            0.1760901812651248,
            0.0,
            0.0,
            0.0,
            0.0,
            0.0
        ]
    },
    "timestamp": 1682837747.6519237,
    "wrong_samples": [
        18,
        10,
        18,
        21,
        12,
        15,
        10,
        12,
        11,
        15,
        11,
        12,
        8,
        18,
        19,
        9,
        10,
        15,
        18,
        18
    ]
}