{
    "reconstruction_errors": [
        0.34486954446304796,
        0.18826649248263158,
        0.24530566829517658,
        0.29145572504892253,
        0.4930298850022051,
        0.23572796752100775,
        0.17569760891987973,
        0.2900384786514695,
        0.5066762196573715,
        0.5513590910617352,
        0.18754923038969276,
        0.4565716196241176,
        0.22719726632207535,
        0.20877206977592552,
        0.44234048298998746,
        0.2512202220404379,
        0.2525257687845759,
        0.22422789027242312,
        0.2685990329184874,
        0.1725690943691856
    ],
    "setting": {
        "algorithm": "best_apriori",
        "dimension": 5,
        "samples": 25,
        "sigma": 0.4,
        "signal": [
            0.8804509063256238,
            0.4402254531628119,
            0.0,
            0.0,
            0.1760901812651248
        ]
    },
    "timestamp": 1682767674.2651477,
    "wrong_samples": [
        6,
        5,
        6,
        6,
        9,
        9,
        6,
        9,
        13,
        9,
        4,
        9,
        6,
        7,
        11,
        3,
        5,
        6,
        6,
        8
    ]
}