{
    "reconstruction_errors": [
        0.21526982152880733,
        0.2370258789560653,
        0.20360139405846228,
        0.17130972807475137,
        0.1879578726573196,
        0.24040511528996425,
        0.17180432851106933,
        0.2753342614428486,
        0.27617441924555997,
        0.22660262307558668,
        0.1620458438736145,
        0.18696379298749635,
        0.16937220847192755,
        0.17971450101794542,
        0.17023604438629633,
        0.25863694019644934,
        0.2018000308697428,
        0.21377532457913256,
        0.2223207953724007,
        0.18392145813378505
    ],
    "setting": {
        "algorithm": "best_apriori",
        "dimension": 10,
        "samples": 70,
        "sigma": 0.4,
        "signal": [
            0.8804509063256238,
            0.4402254531628119,
            0.0,
            0.0,
            0.1760901812651248,
            0.0,
            0.0,
            0.0,
            0.0,
            0.0
        ]
    },
    "timestamp": 1682848524.2668555,
    "wrong_samples": [
        19,
        13,
        22,
        19,
        17,
        21,
        15,
        16,
        14,
        16,
        14,
        16,
        18,
        15,
        15,
        19,
        14,
        19,
        20,
        23
    ]
}