{
    "reconstruction_errors": [
        0.5629299918682025,
        0.244294257915679,
        0.308999567232136,
        0.36904167912842145,
        0.3062171004013465,
        0.37325921559997555,
        0.40420147985042865,
        0.7642527442001178,
        0.24975221762639713,
        0.5217489036795231,
        0.4701511714062107,
        0.30558750293490095,
        0.529495196792575,
        0.2752219834800942,
        0.4238994664372913,
        0.37240476444534454,
        0.5572430317390384,
        0.36640279811304055,
        0.33688264456346073,
        0.4317750150355333
    ],
    "setting": {
        "algorithm": "best_apriori",
        "dimension": 10,
        "samples": 100,
        "sigma": 0.5,
        "signal": [
            0.8804509063256238,
            0.4402254531628119,
            0.0,
            0.0,
            0.1760901812651248,
            0.0,
            0.0,
            0.0,
            0.0,
            0.0
        ]
    },
    "timestamp": 1682851166.6124938,
    "wrong_samples": [
        58,
        36,
        38,
        37,
        49,
        35,
        36,
        64,
        47,
        54,
        46,
        42,
        54,
        40,
        45,
        42,
        50,
        39,
        37,
        55
    ]
}