{
    "reconstruction_errors": [
        0.4357979108469184,
        0.2875001647594764,
        0.48179143187784906,
        0.5962449883067114,
        0.6102283210326871,
        0.34537628406555126,
        0.2898361032848206,
        0.4561923134616326,
        0.5958290580036754,
        0.5698046330858454,
        0.2896970613976015,
        0.8207299365778115,
        0.45917281190032866,
        0.48781391282370923,
        0.6352407184673288,
        0.3618105613554788,
        0.3165944366814426,
        0.2990673359843768,
        0.40926088030729046,
        0.3087873486942349
    ],
    "setting": {
        "algorithm": "best_apriori",
        "dimension": 5,
        "samples": 25,
        "sigma": 0.5,
        "signal": [
            0.8804509063256238,
            0.4402254531628119,
            0.0,
            0.0,
            0.1760901812651248
        ]
    },
    "timestamp": 1682767953.5162983,
    "wrong_samples": [
        7,
        8,
        9,
        10,
        10,
        11,
        8,
        11,
        13,
        8,
        9,
        14,
        13,
        13,
        14,
        6,
        7,
        11,
        9,
        10
    ]
}