{
    "reconstruction_errors": [
        0.4215335196394655,
        0.30256982228277035,
        0.54975647935376,
        0.3911541452050233,
        0.7422918214497615,
        0.3084925573123781,
        0.9574394365607882,
        0.5877811259621657,
        0.5897407904885233,
        0.41426997482946437,
        0.4436637834920031,
        0.6857141086008349,
        0.4398916199298249,
        0.3085692772161523,
        0.361536733334595,
        0.2736686076808501,
        0.5792282308733973,
        0.30704579774490953,
        0.47257453333904614,
        0.47887488785340543
    ],
    "setting": {
        "algorithm": "best_apriori",
        "dimension": 5,
        "samples": 15,
        "sigma": 0.5,
        "signal": [
            0.8804509063256238,
            0.4402254531628119,
            0.0,
            0.0,
            0.1760901812651248
        ]
    },
    "timestamp": 1682767170.0756526,
    "wrong_samples": [
        7,
        5,
        7,
        6,
        9,
        6,
        8,
        5,
        6,
        7,
        5,
        6,
        6,
        7,
        7,
        4,
        7,
        7,
        8,
        4
    ]
}