{
    "reconstruction_errors": [
        0.41865016631776314,
        0.43030313991646235,
        0.7078977411161613,
        0.8879587281224424,
        0.5041950856583655,
        0.6186642618302098,
        0.4335874421577067,
        0.45982144449737755,
        0.7946834438787518,
        0.531039922772011,
        0.7059841677157807,
        0.4070375384238818,
        0.34793717782600886,
        0.6737408096900448,
        0.8429688286893586,
        0.3948841855573816,
        0.5897659235943317,
        0.5537760896605768,
        0.9151797077328704,
        0.45672068329984367
    ],
    "setting": {
        "algorithm": "best_apriori",
        "dimension": 10,
        "samples": 45,
        "sigma": 0.5,
        "signal": [
            0.8804509063256238,
            0.4402254531628119,
            0.0,
            0.0,
            0.1760901812651248,
            0.0,
            0.0,
            0.0,
            0.0,
            0.0
        ]
    },
    "timestamp": 1682775079.4235072,
    "wrong_samples": [
        23,
        20,
        29,
        31,
        17,
        23,
        20,
        14,
        30,
        22,
        28,
        17,
        15,
        27,
        29,
        18,
        22,
        21,
        34,
        24
    ]
}