{
    "reconstruction_errors": [
        0.8136200168306524,
        0.6193188507504598,
        0.7297692317674325,
        0.569385162316457,
        0.6593193640087619,
        0.5948996145758163,
        0.7852149621555962,
        0.6488906894164765,
        0.7344124883980359,
        0.5228587381220485,
        0.5621943211751914,
        0.5965435856604338,
        0.7048168417199404,
        0.6113448235101797,
        1.0009715721630656,
        0.3982116223721461,
        0.725555464804047,
        0.7610237733448139,
        0.8656909783214802,
        0.6209559666771639
    ],
    "setting": {
        "algorithm": "best_apriori",
        "dimension": 10,
        "samples": 25,
        "sigma": 0.5,
        "signal": [
            0.8804509063256238,
            0.4402254531628119,
            0.0,
            0.0,
            0.1760901812651248,
            0.0,
            0.0,
            0.0,
            0.0,
            0.0
        ]
    },
    "timestamp": 1682773434.419798,
    "wrong_samples": [
        15,
        10,
        12,
        15,
        10,
        10,
        13,
        11,
        12,
        12,
        10,
        15,
        9,
        15,
        16,
        13,
        12,
        16,
        18,
        13
    ]
}