{
    "reconstruction_errors": [
        0.7947259339196348,
        0.8350365379526788,
        0.879090701162788,
        0.7392567380889601,
        0.49652795481968404,
        0.7641362225340659,
        0.46676894409509256,
        0.9506076896335642,
        0.7046145137713933,
        0.8150087425833606,
        0.7723050276327108,
        1.0575535830126106,
        0.8873267141535703,
        0.4431007872252155,
        1.0292868134114792,
        0.46453536426766,
        0.6718684871783857,
        0.907180874944036,
        0.9616729928741392,
        0.6490647035942946
    ],
    "setting": {
        "algorithm": "best_apriori",
        "dimension": 15,
        "samples": 45,
        "sigma": 0.5,
        "signal": [
            0.8804509063256238,
            0.4402254531628119,
            0.0,
            0.0,
            0.1760901812651248,
            0.0,
            0.0,
            0.0,
            0.0,
            0.0,
            0.0,
            0.0,
            0.0,
            0.0,
            0.0
        ]
    },
    "timestamp": 1682871915.533063,
    "wrong_samples": [
        30,
        27,
        33,
        25,
        19,
        30,
        21,
        32,
        28,
        31,
        31,
        37,
        30,
        12,
        30,
        16,
        27,
        33,
        36,
        24
    ]
}