{
    "reconstruction_errors": [
        1.0096151918940477,
        0.8745949601348474,
        1.1812878586188302,
        0.646538034875995,
        1.0411749542118673,
        1.1555881663530696,
        0.7335390952382412,
        1.0434813828149847,
        1.1231780905891695,
        0.9957241382007999,
        0.972699320261793,
        0.9935023737588963,
        1.1519139049349492,
        1.173942688285543,
        0.8774384375123234,
        0.6882347020148148,
        0.7678272647587285,
        0.9253070767418211,
        0.9629951048908449,
        0.6580423812016619
    ],
    "setting": {
        "algorithm": "best_apriori",
        "dimension": 15,
        "samples": 15,
        "sigma": 0.5,
        "signal": [
            0.8804509063256238,
            0.4402254531628119,
            0.0,
            0.0,
            0.1760901812651248,
            0.0,
            0.0,
            0.0,
            0.0,
            0.0,
            0.0,
            0.0,
            0.0,
            0.0,
            0.0
        ]
    },
    "timestamp": 1682859815.772154,
    "wrong_samples": [
        11,
        6,
        11,
        6,
        11,
        9,
        7,
        8,
        11,
        12,
        9,
        11,
        10,
        13,
        7,
        5,
        6,
        10,
        8,
        5
    ]
}