{
    "reconstruction_errors": [
        0.3046406571856907,
        0.3006391786001127,
        0.3806602061637544,
        0.3497431495918591,
        0.4235248801937772,
        0.5210944770912025,
        0.3574711121913519,
        0.5648722701489178,
        0.36753371643922356,
        0.22557461167289852,
        0.34424623128453186,
        0.2819821191776778,
        0.42068694498881654,
        0.35992233913982163,
        0.6612304214506982,
        0.23914486602978255,
        0.511781353913313,
        0.2755427347845422,
        0.3981110601043658,
        0.3188075147681606
    ],
    "setting": {
        "algorithm": "best_apriori",
        "dimension": 5,
        "samples": 45,
        "sigma": 0.5,
        "signal": [
            0.8804509063256238,
            0.4402254531628119,
            0.0,
            0.0,
            0.1760901812651248
        ]
    },
    "timestamp": 1682771914.08091,
    "wrong_samples": [
        18,
        9,
        15,
        18,
        20,
        22,
        13,
        27,
        16,
        11,
        19,
        20,
        20,
        14,
        22,
        15,
        23,
        16,
        16,
        13
    ]
}