{
    "reconstruction_errors": [
        0.41939053490695954,
        0.39506965735928845,
        0.8935255139539554,
        0.30351521053803004,
        0.37915510249126605,
        0.41729332596478375,
        0.2793504910424067,
        0.402818440834614,
        0.40321996717965514,
        0.5764494803233408,
        0.3291443369102086,
        0.41492391284003605,
        0.6561080251145992,
        0.2627682612877243,
        0.38982723051684975,
        0.6535523455835368,
        0.27967098078873626,
        0.4198966806431764,
        0.46791925968356995,
        0.7041655590267957
    ],
    "setting": {
        "algorithm": "best_apriori",
        "dimension": 10,
        "samples": 70,
        "sigma": 0.5,
        "signal": [
            0.8804509063256238,
            0.4402254531628119,
            0.0,
            0.0,
            0.1760901812651248,
            0.0,
            0.0,
            0.0,
            0.0,
            0.0
        ]
    },
    "timestamp": 1682851318.1778314,
    "wrong_samples": [
        29,
        22,
        48,
        28,
        29,
        29,
        23,
        25,
        21,
        32,
        24,
        31,
        41,
        25,
        33,
        38,
        25,
        34,
        32,
        39
    ]
}