{
    "reconstruction_errors": [
        0.7544988046858039,
        0.6659224626421888,
        0.5236455820982605,
        0.3572803892906212,
        0.3758771393232004,
        0.5124154357206764,
        0.6322229244692363,
        0.6888709347707505,
        0.5743962491812158,
        0.5979666837857067,
        0.4074276885931173,
        0.852530346122274,
        0.7445187403437536,
        0.8307783738006876,
        0.44494858878473226,
        0.7090321430153562,
        0.29015500696320146,
        0.5631421617444946,
        0.6416944860390854,
        0.4141946545184369
    ],
    "setting": {
        "algorithm": "best_apriori",
        "dimension": 15,
        "samples": 70,
        "sigma": 0.5,
        "signal": [
            0.8804509063256238,
            0.4402254531628119,
            0.0,
            0.0,
            0.1760901812651248,
            0.0,
            0.0,
            0.0,
            0.0,
            0.0,
            0.0,
            0.0,
            0.0,
            0.0,
            0.0
        ]
    },
    "timestamp": 1682946834.1478364,
    "wrong_samples": [
        51,
        42,
        42,
        31,
        36,
        37,
        40,
        42,
        41,
        45,
        32,
        50,
        46,
        49,
        30,
        43,
        34,
        33,
        42,
        29
    ]
}