{
    "reconstruction_errors": [
        0.16711106883791815,
        0.11312165660707459,
        0.2652199861379721,
        0.377693443643772,
        0.2508367616807607,
        0.37456802602374983,
        0.2475271229472249,
        0.3161163131828276,
        0.30345232078045664,
        0.3229477955561164,
        0.27937493606699537,
        0.5412112610226347,
        0.32467358582837935,
        0.2227795480093201,
        0.26800619406171794,
        0.21960601954243136,
        0.2646557975507735,
        0.4020080461982835,
        0.22443418935646872,
        0.25302597588093517
    ],
    "setting": {
        "algorithm": "best_apriori",
        "dimension": 5,
        "samples": 100,
        "sigma": 0.5,
        "signal": [
            0.8804509063256238,
            0.4402254531628119,
            0.0,
            0.0,
            0.1760901812651248
        ]
    },
    "timestamp": 1682837747.5984344,
    "wrong_samples": [
        38,
        25,
        34,
        36,
        32,
        37,
        33,
        32,
        32,
        34,
        38,
        51,
        33,
        30,
        26,
        37,
        44,
        45,
        36,
        40
    ]
}