{
    "reconstruction_errors": [
        1.0519004014565123,
        1.1107008939390945,
        0.9868637197287897,
        1.0823792738969025,
        0.8268246829400353,
        0.6263574107141032,
        0.9489839528205305,
        1.0231677879489895,
        1.155513595642486,
        0.5317809961594583,
        1.1256482209757197,
        1.212210206704994,
        0.8402661860853256,
        0.8318039294968372,
        0.8896149942209429,
        0.8685679227475048,
        1.0148467413726985,
        0.9514359349163577,
        0.8478991237897101,
        0.5527483336284774
    ],
    "setting": {
        "algorithm": "best_apriori",
        "dimension": 15,
        "samples": 25,
        "sigma": 0.5,
        "signal": [
            0.8804509063256238,
            0.4402254531628119,
            0.0,
            0.0,
            0.1760901812651248,
            0.0,
            0.0,
            0.0,
            0.0,
            0.0,
            0.0,
            0.0,
            0.0,
            0.0,
            0.0
        ]
    },
    "timestamp": 1682862692.786669,
    "wrong_samples": [
        19,
        18,
        17,
        18,
        14,
        13,
        19,
        14,
        19,
        13,
        19,
        17,
        17,
        16,
        15,
        14,
        17,
        17,
        11,
        10
    ]
}