{
    "reconstruction_errors": [
        0.4881984930084744,
        0.515120988442812,
        0.42346863011502955,
        0.5722647332473173,
        0.4437198632135997,
        0.3706131725752487,
        0.3158500066659175,
        0.4309687562280111,
        0.758602710982606,
        0.5126423859229506,
        0.58937732968061,
        0.5228172446573699,
        0.7837539511794834,
        0.6135685852492173,
        0.883551345949455,
        0.39809184657275504,
        0.4194003696581966,
        0.8797455270538377,
        0.831797312430528,
        0.4567583800030203
    ],
    "setting": {
        "algorithm": "best_apriori",
        "dimension": 15,
        "samples": 100,
        "sigma": 0.5,
        "signal": [
            0.8804509063256238,
            0.4402254531628119,
            0.0,
            0.0,
            0.1760901812651248,
            0.0,
            0.0,
            0.0,
            0.0,
            0.0,
            0.0,
            0.0,
            0.0,
            0.0,
            0.0
        ]
    },
    "timestamp": 1682942328.1850078,
    "wrong_samples": [
        48,
        50,
        45,
        63,
        51,
        48,
        37,
        45,
        65,
        49,
        59,
        55,
        72,
        57,
        74,
        44,
        50,
        69,
        70,
        51
    ]
}