{
    "reconstruction_errors": [
        1.7457352445311866e-15,
        1.7457352445311866e-15,
        1.7457352445311866e-15,
        1.7457352445311866e-15,
        1.7457352445311866e-15,
        0.10930451347078388,
        1.7457352445311866e-15,
        1.7457352445311866e-15,
        1.7457352445311866e-15,
        1.7457352445311866e-15,
        1.7457352445311866e-15,
        1.7457352445311866e-15,
        1.7457352445311866e-15,
        1.7457352445311866e-15,
        1.7457352445311866e-15,
        1.7457352445311866e-15,
        1.7457352445311866e-15,
        1.7457352445311866e-15,
        1.7457352445311866e-15,
        1.7457352445311866e-15
    ],
    "setting": {
        "algorithm": "best_apriori",
        "dimension": 5,
        "samples": 70,
        "sigma": 0.0,
        "signal": [
            0.8804509063256238,
            0.4402254531628119,
            0.0,
            0.0,
            0.1760901812651248
        ]
    },
    "timestamp": 1685121606.260544,
    "total_duration": 218.52934980392456,
    "wrong_samples": [
        0,
        0,
        0,
        0,
        0,
        8,
        0,
        0,
        0,
        0,
        0,
        0,
        0,
        0,
        0,
        0,
        0,
        0,
        0,
        0
    ]
}