{
    "reconstruction_errors": [
        1.7457352445311866e-15,
        1.7457352445311866e-15,
        1.7457352445311866e-15,
        1.7457352445311866e-15,
        1.7457352445311866e-15,
        1.7457352445311866e-15,
        1.7457352445311866e-15,
        1.7457352445311866e-15,
        1.7457352445311866e-15,
        1.7457352445311866e-15,
        1.7457352445311866e-15,
        1.7457352445311866e-15,
        1.7457352445311866e-15,
        1.7457352445311866e-15,
        1.7457352445311866e-15,
        1.7457352445311866e-15,
        1.7457352445311866e-15,
        1.7457352445311866e-15,
        1.7457352445311866e-15,
        1.7457352445311866e-15
    ],
    "setting": {
        "algorithm": "best_apriori",
        "dimension": 10,
        "samples": 70,
        "sigma": 0.0,
        "signal": [
            0.8804509063256238,
            0.4402254531628119,
            0.0,
            0.0,
            0.1760901812651248,
            0.0,
            0.0,
            0.0,
            0.0,
            0.0
        ]
    },
    "timestamp": 1685123083.9566817,
    "total_duration": 1498.6533505916595,
    "wrong_samples": [
        0,
        0,
        0,
        0,
        0,
        0,
        0,
        0,
        0,
        0,
        0,
        0,
        0,
        0,
        0,
        0,
        0,
        0,
        0,
        0
    ]
}