{
    "reconstruction_errors": [
        1.4946834900704541e-16,
        1.4946834900704541e-16,
        1.4946834900704541e-16,
        1.4946834900704541e-16,
        1.4946834900704541e-16,
        1.4946834900704541e-16,
        1.4946834900704541e-16,
        1.4946834900704541e-16,
        1.4946834900704541e-16,
        1.4946834900704541e-16,
        1.4946834900704541e-16,
        1.4946834900704541e-16,
        1.4946834900704541e-16,
        1.4946834900704541e-16,
        1.4946834900704541e-16,
        1.4946834900704541e-16,
        1.4946834900704541e-16,
        1.4946834900704541e-16,
        0.6788225099390857,
        1.4946834900704541e-16
    ],
    "setting": {
        "algorithm": "best_apriori",
        "dimension": 10,
        "samples": 25,
        "sigma": 0.0,
        "signal": [
            0.8804509063256238,
            0.4402254531628119,
            0.0,
            0.0,
            0.1760901812651248,
            0.0,
            0.0,
            0.0,
            0.0,
            0.0
        ]
    },
    "timestamp": 1685122557.4968462,
    "total_duration": 105.84286761283875,
    "wrong_samples": [
        0,
        0,
        0,
        0,
        0,
        0,
        0,
        0,
        0,
        0,
        0,
        0,
        0,
        0,
        0,
        0,
        0,
        0,
        12,
        0
    ]
}