{
    "reconstruction_errors": [
        1.3597399555105182e-16,
        1.3597399555105182e-16,
        1.3597399555105182e-16,
        1.3597399555105182e-16,
        1.3597399555105182e-16,
        1.3597399555105182e-16,
        1.3597399555105182e-16,
        1.3597399555105182e-16,
        1.3597399555105182e-16,
        1.3597399555105182e-16,
        1.3597399555105182e-16,
        1.3597399555105182e-16,
        1.3597399555105182e-16,
        1.3597399555105182e-16,
        1.3597399555105182e-16,
        0.26936618112688854,
        1.3597399555105182e-16,
        1.3597399555105182e-16,
        0.5121772948846413,
        0.49590919120936433
    ],
    "setting": {
        "algorithm": "best_apriori",
        "dimension": 5,
        "samples": 15,
        "sigma": 0.0,
        "signal": [
            0.8804509063256238,
            0.4402254531628119,
            0.0,
            0.0,
            0.1760901812651248
        ]
    },
    "timestamp": 1685123065.3735995,
    "total_duration": 3.271059989929199,
    "wrong_samples": [
        0,
        0,
        0,
        0,
        0,
        0,
        0,
        0,
        0,
        0,
        0,
        0,
        0,
        0,
        0,
        6,
        0,
        0,
        8,
        9
    ]
}