{
    "reconstruction_errors": [
        0.03934267870759423,
        0.038812098321319655,
        0.38039500056203834,
        0.04272027856275085,
        0.04120128783731081,
        0.6689562012292455,
        0.6715888253053149,
        0.5760323816423472,
        0.27114151279459764,
        0.0509633876583259,
        0.3321939474937379,
        0.5040620182111644,
        0.30462112897365123,
        0.041182932411966515,
        0.3116616460104547,
        0.17393000646744639,
        0.5639868132452323,
        0.06126523360447792,
        0.5600305481144874,
        0.055267466538898184
    ],
    "setting": {
        "algorithm": "best_apriori",
        "dimension": 10,
        "samples": 45,
        "sigma": 0.1,
        "signal": [
            0.8804509063256238,
            0.4402254531628119,
            0.0,
            0.0,
            0.1760901812651248,
            0.0,
            0.0,
            0.0,
            0.0,
            0.0
        ]
    },
    "timestamp": 1685126248.1792195,
    "total_duration": 882.04603099823,
    "wrong_samples": [
        0,
        0,
        15,
        0,
        0,
        26,
        27,
        26,
        12,
        0,
        15,
        18,
        13,
        0,
        13,
        7,
        26,
        2,
        23,
        0
    ]
}