{
    "reconstruction_errors": [
        0.1684713316651017,
        0.41999306320845264,
        0.3208424647514342,
        0.45543519231158275,
        0.20453041182504317,
        0.13702703199770025,
        0.3795411155024158,
        0.07994582351346896,
        0.06723836277648,
        0.16678333119693456,
        0.11613998696764001,
        0.026732333850019822,
        0.1574157375767036,
        0.04370950796671813,
        0.047236438028701776,
        0.05154350122697155,
        0.10106284955870114,
        0.16593593257886666,
        0.05436265776527973,
        0.10670302233703056
    ],
    "setting": {
        "algorithm": "best_apriori",
        "dimension": 5,
        "samples": 25,
        "sigma": 0.1,
        "signal": [
            0.8804509063256238,
            0.4402254531628119,
            0.0,
            0.0,
            0.1760901812651248
        ]
    },
    "timestamp": 1685121596.2531264,
    "total_duration": 26.2782244682312,
    "wrong_samples": [
        6,
        10,
        9,
        12,
        5,
        3,
        9,
        1,
        0,
        5,
        3,
        0,
        4,
        0,
        0,
        0,
        3,
        4,
        2,
        4
    ]
}