{
    "reconstruction_errors": [
        0.5779057042070498,
        0.04111279508774373,
        0.101630630089137,
        0.017977528202636553,
        0.04511081225310149,
        0.048313622518025005,
        0.08252743105949006,
        0.31128031229685343,
        0.049919214003947575,
        0.03237002433047515,
        0.5442601494011796,
        0.5212376980237321,
        0.2997071317142088,
        0.03170188894906998,
        0.03140899196005178,
        0.05074285417395313,
        0.04285381652206245,
        0.09164137696551106,
        0.1065000036031995,
        0.17547919137734042
    ],
    "setting": {
        "algorithm": "best_apriori",
        "dimension": 10,
        "samples": 70,
        "sigma": 0.1,
        "signal": [
            0.8804509063256238,
            0.4402254531628119,
            0.0,
            0.0,
            0.1760901812651248,
            0.0,
            0.0,
            0.0,
            0.0,
            0.0
        ]
    },
    "timestamp": 1685124329.7797155,
    "total_duration": 3947.083893299103,
    "wrong_samples": [
        33,
        0,
        4,
        0,
        2,
        1,
        4,
        19,
        0,
        0,
        32,
        30,
        17,
        0,
        1,
        2,
        1,
        5,
        6,
        12
    ]
}