{
    "reconstruction_errors": [
        0.4104284608309217,
        0.045507589770058726,
        0.03072315122302832,
        0.028602478372809843,
        0.2860028704229105,
        0.36182995642131005,
        0.035727230511412876,
        0.20854324218009318,
        0.023758653833355087,
        0.468971880047129,
        0.0423959043195708,
        0.056050074442946615,
        0.026850896463350375,
        0.05345180441921223,
        0.012886482150442418,
        0.019043999465536254,
        0.07000963144311494,
        0.33891078239758543,
        0.36176252213930415,
        0.27470121932213676
    ],
    "setting": {
        "algorithm": "best_apriori",
        "dimension": 5,
        "samples": 45,
        "sigma": 0.1,
        "signal": [
            0.8804509063256238,
            0.4402254531628119,
            0.0,
            0.0,
            0.1760901812651248
        ]
    },
    "timestamp": 1685121596.2675757,
    "total_duration": 117.58781695365906,
    "wrong_samples": [
        19,
        0,
        0,
        0,
        12,
        17,
        3,
        10,
        0,
        24,
        1,
        2,
        0,
        1,
        1,
        1,
        3,
        15,
        17,
        13
    ]
}