{
    "reconstruction_errors": [
        0.5405065764414037,
        0.2681934164218671,
        0.076888939624499,
        0.041338108954661196,
        0.2635718392814759,
        0.07804781158154415,
        0.4252283919816271,
        0.041278569143309664,
        0.06216182126836082,
        0.052766982551937305,
        0.5841628756536754,
        0.1835646062448391,
        0.5753917478022008,
        0.4335722902995493,
        0.036166470168817105,
        0.07448428408036925,
        0.4388278457171138,
        0.35149106546612113,
        0.38789874619306725,
        0.6316696816857302
    ],
    "setting": {
        "algorithm": "best_apriori",
        "dimension": 15,
        "samples": 70,
        "sigma": 0.1,
        "signal": [
            0.8804509063256238,
            0.4402254531628119,
            0.0,
            0.0,
            0.1760901812651248,
            0.0,
            0.0,
            0.0,
            0.0,
            0.0,
            0.0,
            0.0,
            0.0,
            0.0,
            0.0
        ]
    },
    "timestamp": 1685133474.4144557,
    "total_duration": 12596.578331232071,
    "wrong_samples": [
        28,
        17,
        4,
        2,
        15,
        5,
        24,
        0,
        1,
        0,
        42,
        11,
        33,
        27,
        0,
        4,
        28,
        22,
        27,
        38
    ]
}