{
    "reconstruction_errors": [
        0.08779124930469352,
        0.018412213865560193,
        0.02141792282949418,
        0.04396023668048721,
        0.012759247975269597,
        0.017764368618181828,
        0.1113068937317701,
        0.03465701306286831,
        0.48254051388889735,
        0.025389837288296822,
        0.023784309418366036,
        0.011550572426687037,
        0.021864170023702518,
        0.017183374224455043,
        0.18996310834616417,
        0.19014693208004388,
        0.45463253918338586,
        0.021317054993435572,
        0.0195678804951436,
        0.07857294060275935
    ],
    "setting": {
        "algorithm": "best_apriori",
        "dimension": 5,
        "samples": 100,
        "sigma": 0.1,
        "signal": [
            0.8804509063256238,
            0.4402254531628119,
            0.0,
            0.0,
            0.1760901812651248
        ]
    },
    "timestamp": 1685123083.9467154,
    "total_duration": 2346.9227664470673,
    "wrong_samples": [
        9,
        2,
        1,
        2,
        1,
        0,
        12,
        2,
        55,
        0,
        0,
        0,
        0,
        0,
        19,
        26,
        49,
        1,
        3,
        9
    ]
}