{
    "reconstruction_errors": [
        0.4162267881839672,
        0.07915943622247541,
        0.039063476406337734,
        0.02798464011647756,
        0.047373292582698845,
        0.5973490653749067,
        0.037111393625023456,
        0.18934870305468268,
        0.1880837619857765,
        0.022987295400097234,
        0.03674903107684023,
        0.10761318203490765,
        0.6167757673771692,
        0.4684393387215876,
        0.3181200527197118,
        0.16111572569656504,
        0.02685813322907989,
        0.2422912854417156,
        0.5052252311841415,
        0.018207160626348397
    ],
    "setting": {
        "algorithm": "best_apriori",
        "dimension": 10,
        "samples": 100,
        "sigma": 0.1,
        "signal": [
            0.8804509063256238,
            0.4402254531628119,
            0.0,
            0.0,
            0.1760901812651248,
            0.0,
            0.0,
            0.0,
            0.0,
            0.0
        ]
    },
    "timestamp": 1685123083.9716322,
    "total_duration": 12115.810595273972,
    "wrong_samples": [
        36,
        6,
        0,
        0,
        3,
        59,
        3,
        17,
        17,
        0,
        0,
        9,
        48,
        38,
        27,
        12,
        0,
        19,
        48,
        0
    ]
}