{
    "reconstruction_errors": [
        0.12338343046478684,
        0.02356920155487418,
        0.02167779002500634,
        0.12758825120991327,
        0.4517186354343721,
        0.1132539251643266,
        0.17278744480603933,
        0.05547263603654409,
        0.054750871243300296,
        0.020454821939918127,
        0.06896806309444763,
        0.025253203624648175,
        0.030391050085191253,
        0.4821824390644351,
        0.18662267223078005,
        0.22432823140685157,
        0.06531184687613302,
        0.3018367885468494,
        0.027996040457713284,
        0.19956531145910147
    ],
    "setting": {
        "algorithm": "best_apriori",
        "dimension": 5,
        "samples": 70,
        "sigma": 0.1,
        "signal": [
            0.8804509063256238,
            0.4402254531628119,
            0.0,
            0.0,
            0.1760901812651248
        ]
    },
    "timestamp": 1685121606.1558592,
    "total_duration": 613.392659664154,
    "wrong_samples": [
        11,
        1,
        1,
        9,
        33,
        7,
        17,
        3,
        4,
        0,
        3,
        0,
        0,
        34,
        17,
        18,
        4,
        21,
        1,
        15
    ]
}