{
    "reconstruction_errors": [
        0.06313155068579855,
        0.21755732230607347,
        0.6739808259373359,
        0.036905998156803926,
        0.0765060603349574,
        0.569751306804604,
        0.5429103324581259,
        0.32190980070122954,
        0.5898902530455087,
        0.31212622039131205,
        0.306450835087823,
        0.4518496948418683,
        0.7444427713732167,
        0.2225085413564149,
        0.6449769199069811,
        0.5715533839833054,
        0.49027107516786705,
        0.22770020216290404,
        0.3727486168283167,
        0.23765045686744568
    ],
    "setting": {
        "algorithm": "best_apriori",
        "dimension": 10,
        "samples": 25,
        "sigma": 0.1,
        "signal": [
            0.8804509063256238,
            0.4402254531628119,
            0.0,
            0.0,
            0.1760901812651248,
            0.0,
            0.0,
            0.0,
            0.0,
            0.0
        ]
    },
    "timestamp": 1685122728.9879851,
    "total_duration": 152.61299395561218,
    "wrong_samples": [
        1,
        5,
        13,
        0,
        1,
        15,
        13,
        7,
        15,
        9,
        6,
        8,
        15,
        5,
        16,
        13,
        11,
        5,
        8,
        6
    ]
}