{
    "reconstruction_errors": [
        0.06431737106122953,
        0.5645128376758259,
        0.5154877123359954,
        0.13876464950282355,
        0.4709271894878742,
        0.5378089180394696,
        0.05549134571480783,
        0.17074612057069102,
        0.3741060348598834,
        0.08619472385143066,
        0.5021514369161194,
        0.5593504354365598,
        0.5797247702714667,
        0.17060988489887133,
        0.08983672499822831,
        0.07386948560407297,
        0.042393914878810154,
        0.15583930242705207,
        0.6561220992697941,
        0.3157977595286071
    ],
    "setting": {
        "algorithm": "best_apriori",
        "dimension": 15,
        "samples": 45,
        "sigma": 0.1,
        "signal": [
            0.8804509063256238,
            0.4402254531628119,
            0.0,
            0.0,
            0.1760901812651248,
            0.0,
            0.0,
            0.0,
            0.0,
            0.0,
            0.0,
            0.0,
            0.0,
            0.0,
            0.0
        ]
    },
    "timestamp": 1685125059.5625892,
    "total_duration": 2191.819814682007,
    "wrong_samples": [
        0,
        21,
        20,
        6,
        19,
        18,
        2,
        6,
        13,
        3,
        21,
        20,
        25,
        7,
        2,
        1,
        1,
        6,
        28,
        11
    ]
}