{
    "reconstruction_errors": [
        0.3735175594396981,
        0.04920522413104331,
        0.31390904570210615,
        0.6251505933668807,
        0.17426729255893228,
        0.15173003008781785,
        0.11707309848508912,
        0.06343443156901518,
        0.27938915108671286,
        0.12963068581456627,
        0.7049377981702758,
        0.07410696628994366,
        0.5711284297512813,
        0.6942572853035746,
        0.6148269421852749,
        0.07067471269058244,
        0.10783572760406973,
        0.47614557817353464,
        0.06070558731841187,
        0.10424057004352544
    ],
    "setting": {
        "algorithm": "best_apriori",
        "dimension": 15,
        "samples": 100,
        "sigma": 0.1,
        "signal": [
            0.8804509063256238,
            0.4402254531628119,
            0.0,
            0.0,
            0.1760901812651248,
            0.0,
            0.0,
            0.0,
            0.0,
            0.0,
            0.0,
            0.0,
            0.0,
            0.0,
            0.0
        ]
    },
    "timestamp": 1685129504.4085858,
    "total_duration": 24968.31989455223,
    "wrong_samples": [
        31,
        0,
        29,
        51,
        13,
        14,
        10,
        5,
        27,
        10,
        66,
        5,
        57,
        55,
        58,
        4,
        11,
        49,
        4,
        10
    ]
}