{
    "reconstruction_errors": [
        0.26318548324994906,
        0.10343785357055793,
        0.041117099955572736,
        0.480448388764112,
        0.13214187903343777,
        0.041491001640755115,
        0.08158297744269957,
        0.04111444428107044,
        0.07598081476568004,
        0.3724343675716288,
        0.05063929940162157,
        0.06604932093589048,
        0.06659040592865452,
        0.06392567602053012,
        0.07763594376839143,
        0.04627932003367247,
        0.43778147639923143,
        0.4996694054921748,
        0.4086659712230676,
        0.38636653529069076
    ],
    "setting": {
        "algorithm": "best_apriori",
        "dimension": 5,
        "samples": 15,
        "sigma": 0.1,
        "signal": [
            0.8804509063256238,
            0.4402254531628119,
            0.0,
            0.0,
            0.1760901812651248
        ]
    },
    "timestamp": 1685121596.2501366,
    "total_duration": 6.474246263504028,
    "wrong_samples": [
        4,
        1,
        0,
        8,
        1,
        0,
        1,
        0,
        0,
        6,
        0,
        0,
        0,
        1,
        0,
        0,
        6,
        8,
        6,
        7
    ]
}