{
    "reconstruction_errors": [
        0.39946283454066234,
        0.4969833861035917,
        0.47414490292712574,
        0.5919947447821715,
        0.10992977410881882,
        0.5866702942324983,
        0.463201023712524,
        0.6334257594126951,
        0.36940985510698393,
        0.3816723636799937,
        0.151930258799578,
        0.34801331935119756,
        0.45303954733864094,
        0.2198267911102431,
        0.18663850468355572,
        0.49893228981121734,
        0.14561354519319936,
        0.6111807300759526,
        0.6487678332541428,
        0.39792454923891246
    ],
    "setting": {
        "algorithm": "best_apriori",
        "dimension": 15,
        "samples": 25,
        "sigma": 0.1,
        "signal": [
            0.8804509063256238,
            0.4402254531628119,
            0.0,
            0.0,
            0.1760901812651248,
            0.0,
            0.0,
            0.0,
            0.0,
            0.0,
            0.0,
            0.0,
            0.0,
            0.0,
            0.0
        ]
    },
    "timestamp": 1685124433.2889097,
    "total_duration": 504.29007840156555,
    "wrong_samples": [
        9,
        11,
        11,
        14,
        2,
        13,
        10,
        16,
        7,
        7,
        2,
        9,
        12,
        4,
        5,
        9,
        3,
        16,
        12,
        9
    ]
}