{
    "reconstruction_errors": [
        0.17821220893800643,
        0.40731981563157066,
        0.07282275097099505,
        0.5832939695466015,
        0.07287493056099349,
        0.09995805488872127,
        0.07473233155675228,
        0.4061998086359435,
        0.13749858234808784,
        0.05219144146685951,
        0.37408021809217534,
        0.08878066929414946,
        0.1506297336322706,
        0.2596269168001443,
        0.4907077138013566,
        0.21189942750957694,
        0.45065317593283266,
        0.5896102075110744,
        0.7009261330372598,
        0.4466671919980507
    ],
    "setting": {
        "algorithm": "best_apriori",
        "dimension": 10,
        "samples": 15,
        "sigma": 0.1,
        "signal": [
            0.8804509063256238,
            0.4402254531628119,
            0.0,
            0.0,
            0.1760901812651248,
            0.0,
            0.0,
            0.0,
            0.0,
            0.0
        ]
    },
    "timestamp": 1685121881.8926618,
    "total_duration": 30.09114933013916,
    "wrong_samples": [
        2,
        5,
        0,
        6,
        0,
        0,
        0,
        6,
        1,
        0,
        5,
        1,
        2,
        4,
        7,
        3,
        6,
        8,
        9,
        6
    ]
}