{
    "reconstruction_errors": [
        0.08149128837718653,
        0.1466898468444199,
        0.6560573168729119,
        0.6275523319819324,
        0.13650258126449896,
        0.13017121223991057,
        0.6522757222788622,
        0.5744789334494484,
        0.6536532043944915,
        0.09141628718774256,
        0.5168453854376269,
        0.5773854828569949,
        0.6814416745318882,
        0.46098141072875964,
        0.64435017053001,
        0.6044216075880107,
        0.47753401330766354,
        0.13698800354617074,
        0.7101148427988316,
        0.4653487815559043
    ],
    "setting": {
        "algorithm": "best_apriori",
        "dimension": 15,
        "samples": 15,
        "sigma": 0.1,
        "signal": [
            0.8804509063256238,
            0.4402254531628119,
            0.0,
            0.0,
            0.1760901812651248,
            0.0,
            0.0,
            0.0,
            0.0,
            0.0,
            0.0,
            0.0,
            0.0,
            0.0,
            0.0
        ]
    },
    "timestamp": 1685122928.8928246,
    "total_duration": 66.98658418655396,
    "wrong_samples": [
        0,
        1,
        10,
        8,
        1,
        1,
        8,
        6,
        9,
        1,
        5,
        7,
        8,
        7,
        7,
        8,
        6,
        1,
        9,
        6
    ]
}