{
    "reconstruction_errors": [
        0.5567839421929694,
        0.676138111056256,
        0.12098215074214949,
        0.10442701756887941,
        0.7298131145012018,
        0.3593237862387948,
        0.5443668346364658,
        0.629483847355929,
        0.4417721060989849,
        0.6538476045131723,
        0.5121526516019148,
        0.7552954154127811,
        0.513201716300372,
        0.6447523012536555,
        0.7564103147611243,
        0.6286949816020492,
        0.571949740592057,
        0.8161989385550066,
        0.5220188409644023,
        0.7014767284889782
    ],
    "setting": {
        "algorithm": "best_apriori",
        "dimension": 15,
        "samples": 70,
        "sigma": 0.2,
        "signal": [
            0.8804509063256238,
            0.4402254531628119,
            0.0,
            0.0,
            0.1760901812651248,
            0.0,
            0.0,
            0.0,
            0.0,
            0.0,
            0.0,
            0.0,
            0.0,
            0.0,
            0.0
        ]
    },
    "timestamp": 1685129049.244032,
    "total_duration": 14006.570142269135,
    "wrong_samples": [
        38,
        41,
        10,
        16,
        53,
        28,
        36,
        42,
        31,
        41,
        36,
        49,
        34,
        44,
        48,
        41,
        41,
        54,
        38,
        51
    ]
}