{
    "reconstruction_errors": [
        0.45499556438511046,
        0.6896150125006483,
        0.3016372515588021,
        0.06572367974186269,
        0.35006984376394884,
        0.5150053743436842,
        0.5673729115420818,
        0.2739446283725618,
        0.7161281657793517,
        0.13942778958224128,
        0.6082459444098688,
        0.579483527215511,
        0.6528770298705235,
        0.23387046380173016,
        0.1819013726737501,
        0.14268503802837684,
        0.6106707334242993,
        0.15496326801097465,
        0.12089510857410826,
        0.6451390214230187
    ],
    "setting": {
        "algorithm": "best_apriori",
        "dimension": 10,
        "samples": 70,
        "sigma": 0.2,
        "signal": [
            0.8804509063256238,
            0.4402254531628119,
            0.0,
            0.0,
            0.1760901812651248,
            0.0,
            0.0,
            0.0,
            0.0,
            0.0
        ]
    },
    "timestamp": 1685124582.6170092,
    "total_duration": 4816.612335681915,
    "wrong_samples": [
        35,
        42,
        19,
        4,
        24,
        40,
        34,
        22,
        41,
        7,
        33,
        42,
        38,
        16,
        11,
        10,
        37,
        13,
        11,
        34
    ]
}