{
    "reconstruction_errors": [
        0.356036176607755,
        0.11137212817058895,
        0.5141212769826574,
        0.09938762952177248,
        0.45378343965128426,
        0.34330532851302187,
        0.23515050200014512,
        0.1091128838271706,
        0.42836303510032897,
        0.31446407284957223,
        0.47816277507755767,
        0.08872562557673072,
        0.09499267992372629,
        0.13412787474966176,
        0.16761012332049322,
        0.2989488162867428,
        0.48207385772091316,
        0.3909818654102394,
        0.28333997917745546,
        0.5344927532310398
    ],
    "setting": {
        "algorithm": "best_apriori",
        "dimension": 5,
        "samples": 15,
        "sigma": 0.2,
        "signal": [
            0.8804509063256238,
            0.4402254531628119,
            0.0,
            0.0,
            0.1760901812651248
        ]
    },
    "timestamp": 1685121596.2860293,
    "total_duration": 8.47243356704712,
    "wrong_samples": [
        4,
        1,
        8,
        1,
        6,
        6,
        1,
        1,
        8,
        5,
        7,
        1,
        1,
        2,
        1,
        5,
        7,
        7,
        4,
        8
    ]
}