{
    "reconstruction_errors": [
        0.43236683332504117,
        0.36914208846840296,
        0.4028587868198021,
        0.6513364723932773,
        0.7413202153265996,
        0.5494833155069134,
        0.4578389890902536,
        0.6813864866353614,
        0.6762890378907447,
        0.6529229116906836,
        0.7033284315357817,
        0.6343993921689529,
        0.5287043875709222,
        0.6130613487936853,
        0.7262697537259091,
        0.5077924394187359,
        0.6451811013927485,
        0.4805283773532496,
        0.6664138035144271,
        0.5369726909866605
    ],
    "setting": {
        "algorithm": "best_apriori",
        "dimension": 15,
        "samples": 45,
        "sigma": 0.2,
        "signal": [
            0.8804509063256238,
            0.4402254531628119,
            0.0,
            0.0,
            0.1760901812651248,
            0.0,
            0.0,
            0.0,
            0.0,
            0.0,
            0.0,
            0.0,
            0.0,
            0.0,
            0.0
        ]
    },
    "timestamp": 1685125237.937378,
    "total_duration": 2326.718020915985,
    "wrong_samples": [
        20,
        15,
        18,
        25,
        28,
        23,
        20,
        28,
        26,
        29,
        27,
        23,
        23,
        27,
        29,
        20,
        27,
        25,
        24,
        21
    ]
}