{
    "reconstruction_errors": [
        0.11803653605221642,
        0.3609513564387117,
        0.39078120295655,
        0.105319092474352,
        0.21704881777794463,
        0.14353785622128895,
        0.47096991078010947,
        0.3648133269848086,
        0.4891249286788693,
        0.40800727275807375,
        0.15003942389772199,
        0.40746594387057533,
        0.49056366724271655,
        0.08741901593343614,
        0.1337292342678636,
        0.47697857605974464,
        0.5242061239030473,
        0.4257740811021991,
        0.1157804297899355,
        0.21782480011499114
    ],
    "setting": {
        "algorithm": "best_apriori",
        "dimension": 5,
        "samples": 25,
        "sigma": 0.2,
        "signal": [
            0.8804509063256238,
            0.4402254531628119,
            0.0,
            0.0,
            0.1760901812651248
        ]
    },
    "timestamp": 1685121596.2556381,
    "total_duration": 34.59415030479431,
    "wrong_samples": [
        6,
        8,
        10,
        2,
        4,
        2,
        11,
        10,
        14,
        12,
        3,
        10,
        13,
        0,
        3,
        14,
        16,
        11,
        0,
        9
    ]
}