{
    "reconstruction_errors": [
        0.3915166453409757,
        0.4793665526152449,
        0.29529033912273167,
        0.2501043155222451,
        0.40419368589354326,
        0.19714547945783145,
        0.06498579294111127,
        0.45863880196919177,
        0.29412562034400436,
        0.41212455428907824,
        0.2755784180873146,
        0.3500773725931214,
        0.053008745741459896,
        0.26675098293245914,
        0.4793701203761571,
        0.211145123466133,
        0.4913747827694472,
        0.4912484427781257,
        0.2821555926543195,
        0.3286764039520233
    ],
    "setting": {
        "algorithm": "best_apriori",
        "dimension": 5,
        "samples": 70,
        "sigma": 0.2,
        "signal": [
            0.8804509063256238,
            0.4402254531628119,
            0.0,
            0.0,
            0.1760901812651248
        ]
    },
    "timestamp": 1685121608.9519365,
    "total_duration": 1000.8313229084015,
    "wrong_samples": [
        26,
        37,
        24,
        18,
        37,
        12,
        6,
        39,
        25,
        36,
        21,
        26,
        5,
        20,
        40,
        18,
        41,
        35,
        20,
        33
    ]
}