{
    "reconstruction_errors": [
        0.5297556747906126,
        0.5534603330107879,
        0.2570845393086332,
        0.7150133235956617,
        0.784961066591628,
        0.7213298726930096,
        0.5840375973401425,
        0.7435270495669328,
        0.6095324305041544,
        0.6959268593928447,
        0.6268288519329521,
        0.3652616868464328,
        0.30603043729371004,
        0.7249458162595965,
        0.7315034381763074,
        0.6206046592869413,
        0.43529053687834096,
        0.6244323468149976,
        0.7765745018935793,
        0.7914365183784113
    ],
    "setting": {
        "algorithm": "best_apriori",
        "dimension": 15,
        "samples": 25,
        "sigma": 0.2,
        "signal": [
            0.8804509063256238,
            0.4402254531628119,
            0.0,
            0.0,
            0.1760901812651248,
            0.0,
            0.0,
            0.0,
            0.0,
            0.0,
            0.0,
            0.0,
            0.0,
            0.0,
            0.0
        ]
    },
    "timestamp": 1685124937.5839713,
    "total_duration": 602.8273904323578,
    "wrong_samples": [
        13,
        12,
        6,
        17,
        18,
        16,
        12,
        16,
        15,
        17,
        16,
        7,
        6,
        17,
        17,
        11,
        10,
        13,
        18,
        17
    ]
}