{
    "reconstruction_errors": [
        0.46266004099525954,
        0.34253504924238815,
        0.452167752219983,
        0.4542808950569992,
        0.14574986112198696,
        0.5611557357144188,
        0.1494646631135045,
        0.37889126335542056,
        0.6824171881155581,
        0.11481628351291051,
        0.30551175885217174,
        0.12410812067633854,
        0.6986917239187449,
        0.30093363906621784,
        0.6725052160139683,
        0.5874267027684621,
        0.22302446597440428,
        0.4190019150256131,
        0.7049824667872644,
        0.6006649845722726
    ],
    "setting": {
        "algorithm": "best_apriori",
        "dimension": 10,
        "samples": 15,
        "sigma": 0.2,
        "signal": [
            0.8804509063256238,
            0.4402254531628119,
            0.0,
            0.0,
            0.1760901812651248,
            0.0,
            0.0,
            0.0,
            0.0,
            0.0
        ]
    },
    "timestamp": 1685122219.5535023,
    "total_duration": 41.278207302093506,
    "wrong_samples": [
        7,
        4,
        7,
        5,
        0,
        6,
        0,
        6,
        7,
        2,
        4,
        1,
        8,
        4,
        9,
        8,
        3,
        6,
        10,
        8
    ]
}