{
    "reconstruction_errors": [
        0.2554115153129426,
        0.24628231846004528,
        0.6129500415581125,
        0.6515933392840867,
        0.24443408583113505,
        0.6076106598346526,
        0.47971103293399203,
        0.6890989605735782,
        0.41725976898701717,
        0.5830149872125496,
        0.305771470835767,
        0.743912308102936,
        0.5723410698790449,
        0.42906338894277585,
        0.7155654758565518,
        0.428846896740583,
        0.20121334490393875,
        0.22473009871973554,
        0.406953578567426,
        0.16255139380310168
    ],
    "setting": {
        "algorithm": "best_apriori",
        "dimension": 10,
        "samples": 25,
        "sigma": 0.2,
        "signal": [
            0.8804509063256238,
            0.4402254531628119,
            0.0,
            0.0,
            0.1760901812651248,
            0.0,
            0.0,
            0.0,
            0.0,
            0.0
        ]
    },
    "timestamp": 1685122446.9233403,
    "total_duration": 200.28860187530518,
    "wrong_samples": [
        6,
        6,
        14,
        14,
        5,
        12,
        12,
        13,
        9,
        15,
        7,
        14,
        13,
        8,
        16,
        10,
        3,
        5,
        10,
        1
    ]
}