{
    "reconstruction_errors": [
        0.1960351647459509,
        0.09339140820956052,
        0.6604894333887363,
        0.7586472111163285,
        0.3507846254890071,
        0.758325711853856,
        0.6493248878490283,
        0.3297135924857246,
        0.5207754686319968,
        0.13751742912237927,
        0.6020558618040994,
        0.5652513802114699,
        0.3783174093514189,
        0.3233219260894748,
        0.22459466263786843,
        0.316763480761652,
        0.4165132323982808,
        0.2205932872481067,
        0.4995045223348227,
        0.1521265243553468
    ],
    "setting": {
        "algorithm": "best_apriori",
        "dimension": 10,
        "samples": 45,
        "sigma": 0.2,
        "signal": [
            0.8804509063256238,
            0.4402254531628119,
            0.0,
            0.0,
            0.1760901812651248,
            0.0,
            0.0,
            0.0,
            0.0,
            0.0
        ]
    },
    "timestamp": 1685123272.4991713,
    "total_duration": 1104.0689713954926,
    "wrong_samples": [
        7,
        2,
        27,
        32,
        16,
        29,
        26,
        16,
        23,
        4,
        21,
        21,
        17,
        14,
        8,
        15,
        18,
        9,
        22,
        6
    ]
}