{
    "reconstruction_errors": [
        0.3270008055789325,
        0.7718425567547441,
        0.679819311108449,
        0.5788056832086642,
        0.7107236294776673,
        0.23450735382530713,
        0.6435120377402104,
        0.29239274070021004,
        0.7323916013851085,
        0.20431503196768386,
        0.7965211665634913,
        0.6403313200796927,
        0.7760382940818478,
        0.42455034544252734,
        0.5910240789319117,
        0.674306169645886,
        0.6937591869024192,
        0.7498478937710414,
        0.8200705107033561,
        0.6005648201520173
    ],
    "setting": {
        "algorithm": "best_apriori",
        "dimension": 15,
        "samples": 15,
        "sigma": 0.2,
        "signal": [
            0.8804509063256238,
            0.4402254531628119,
            0.0,
            0.0,
            0.1760901812651248,
            0.0,
            0.0,
            0.0,
            0.0,
            0.0,
            0.0,
            0.0,
            0.0,
            0.0,
            0.0
        ]
    },
    "timestamp": 1685124515.4522312,
    "total_duration": 83.0352931022644,
    "wrong_samples": [
        5,
        11,
        10,
        6,
        10,
        3,
        10,
        4,
        9,
        2,
        11,
        10,
        9,
        5,
        7,
        9,
        8,
        9,
        11,
        9
    ]
}