{
    "reconstruction_errors": [
        0.24983397428434403,
        0.24648972374073216,
        0.10021611331558308,
        0.2552371175149629,
        0.1458272445990112,
        0.2550379704931966,
        0.03435490833709806,
        0.15226101754878418,
        0.020022076357369863,
        0.2980879332659553,
        0.09286903866491433,
        0.4181998506743978,
        0.06226588871091197,
        0.04033735186234942,
        0.254160772026499,
        0.2679865971832893,
        0.33600023707881993,
        0.031824349118700294,
        0.3668497275713263,
        0.23015130624696545
    ],
    "setting": {
        "algorithm": "best_apriori",
        "dimension": 5,
        "samples": 100,
        "sigma": 0.2,
        "signal": [
            0.8804509063256238,
            0.4402254531628119,
            0.0,
            0.0,
            0.1760901812651248
        ]
    },
    "timestamp": 1685123083.9776118,
    "total_duration": 3328.587973356247,
    "wrong_samples": [
        27,
        29,
        12,
        21,
        16,
        26,
        2,
        19,
        10,
        32,
        12,
        44,
        6,
        4,
        26,
        35,
        32,
        6,
        37,
        23
    ]
}