{
    "reconstruction_errors": [
        0.44447648622437924,
        0.0933148819641064,
        0.3364088254369162,
        0.3204996935196473,
        0.19995929433107962,
        0.16732822057172708,
        0.0485141714341968,
        0.1109701818548399,
        0.5055686918873428,
        0.37708071289171663,
        0.3178245759254904,
        0.04229122838918795,
        0.5291737428438135,
        0.36728702404671504,
        0.1318694474845271,
        0.043075494423895744,
        0.10186026535726637,
        0.39415915062963924,
        0.16009817672345766,
        0.4535932572924595
    ],
    "setting": {
        "algorithm": "best_apriori",
        "dimension": 5,
        "samples": 45,
        "sigma": 0.2,
        "signal": [
            0.8804509063256238,
            0.4402254531628119,
            0.0,
            0.0,
            0.1760901812651248
        ]
    },
    "timestamp": 1685121596.2646093,
    "total_duration": 204.4761257171631,
    "wrong_samples": [
        27,
        1,
        14,
        19,
        12,
        9,
        3,
        5,
        23,
        18,
        11,
        0,
        29,
        16,
        7,
        3,
        4,
        16,
        8,
        26
    ]
}