{
    "reconstruction_errors": [
        0.4173017640930674,
        0.5020506958583292,
        0.765351485424689,
        0.3984006445928467,
        0.7907988508366086,
        0.42586259363600776,
        0.5666050131752461,
        0.2340906005097499,
        0.7265360252900479,
        0.5971752085334708,
        0.663549586927615,
        0.336587734086639,
        0.7195825100323996,
        0.7432136501546265,
        0.637580243487229,
        0.6283296346187214,
        0.5974058686709716,
        0.7884014655055192,
        0.2929822259201656,
        0.4797411239237016
    ],
    "setting": {
        "algorithm": "best_apriori",
        "dimension": 15,
        "samples": 100,
        "sigma": 0.2,
        "signal": [
            0.8804509063256238,
            0.4402254531628119,
            0.0,
            0.0,
            0.1760901812651248,
            0.0,
            0.0,
            0.0,
            0.0,
            0.0,
            0.0,
            0.0,
            0.0,
            0.0,
            0.0
        ]
    },
    "timestamp": 1685140227.3771553,
    "total_duration": 41166.554149866104,
    "wrong_samples": [
        41,
        51,
        73,
        40,
        75,
        45,
        50,
        24,
        67,
        58,
        66,
        39,
        72,
        70,
        62,
        48,
        57,
        73,
        29,
        41
    ]
}