{
    "reconstruction_errors": [
        0.045338977153843815,
        0.06345134265778735,
        0.09656046359750436,
        0.6041675266188552,
        0.4715618782809895,
        0.0545253537907029,
        0.465587372950138,
        0.5933713513638421,
        0.1948602024162057,
        0.05905233023483047,
        0.321545604924044,
        0.38455082578429417,
        0.34041047606799235,
        0.8078465775747982,
        0.3629839575555246,
        0.5840379520969158,
        0.1346613939043592,
        0.6741349114671886,
        0.3431048546067486,
        0.5962064575382104
    ],
    "setting": {
        "algorithm": "best_apriori",
        "dimension": 10,
        "samples": 100,
        "sigma": 0.2,
        "signal": [
            0.8804509063256238,
            0.4402254531628119,
            0.0,
            0.0,
            0.1760901812651248,
            0.0,
            0.0,
            0.0,
            0.0,
            0.0
        ]
    },
    "timestamp": 1685127908.1495473,
    "total_duration": 16418.73023557663,
    "wrong_samples": [
        0,
        3,
        6,
        54,
        37,
        3,
        49,
        56,
        20,
        5,
        34,
        41,
        34,
        69,
        36,
        52,
        12,
        59,
        34,
        53
    ]
}