{
    "reconstruction_errors": [
        0.7338065094022851,
        0.8291298349535259,
        0.6051624451616306,
        0.5699571351413182,
        0.6167602242480925,
        0.8149939001103231,
        0.6235348675353873,
        0.6926177471061516,
        0.531696832466013,
        0.7245363998204414,
        0.2606265729568871,
        0.39959414493356815,
        0.8444638290542981,
        0.5795058727327204,
        0.3113527987272069,
        0.549584701439861,
        0.7602029282213975,
        0.7415130782788166,
        0.63358091492184,
        0.6639301895332084
    ],
    "setting": {
        "algorithm": "best_apriori",
        "dimension": 15,
        "samples": 70,
        "sigma": 0.25,
        "signal": [
            0.8804509063256238,
            0.4402254531628119,
            0.0,
            0.0,
            0.1760901812651248,
            0.0,
            0.0,
            0.0,
            0.0,
            0.0,
            0.0,
            0.0,
            0.0,
            0.0,
            0.0
        ]
    },
    "timestamp": 1685128541.699392,
    "total_duration": 9058.080565452576,
    "wrong_samples": [
        41,
        57,
        43,
        43,
        46,
        57,
        44,
        48,
        36,
        51,
        19,
        25,
        51,
        40,
        23,
        38,
        51,
        52,
        42,
        47
    ]
}