{
    "reconstruction_errors": [
        0.39960291900062156,
        0.11434500298359476,
        0.20547814814685306,
        0.5349232782158303,
        0.1322701450503879,
        0.07268813869530297,
        0.06589423806182101,
        0.4747788531876083,
        0.4003089211361561,
        0.48777676926543045,
        0.46313401247413005,
        0.09024912125147723,
        0.3488585441321031,
        0.5086795442078145,
        0.31367611412705343,
        0.13122075377875342,
        0.2575822910875821,
        0.2524974544327755,
        0.17842248050288503,
        0.480971642095758
    ],
    "setting": {
        "algorithm": "best_apriori",
        "dimension": 5,
        "samples": 45,
        "sigma": 0.25,
        "signal": [
            0.8804509063256238,
            0.4402254531628119,
            0.0,
            0.0,
            0.1760901812651248
        ]
    },
    "timestamp": 1685121602.7293744,
    "total_duration": 231.21630454063416,
    "wrong_samples": [
        23,
        3,
        9,
        26,
        8,
        6,
        3,
        20,
        18,
        24,
        26,
        4,
        16,
        27,
        16,
        7,
        13,
        9,
        9,
        26
    ]
}