{
    "reconstruction_errors": [
        0.5390463679251735,
        0.6329430843377846,
        0.5792996248012331,
        0.7593901771672739,
        0.7984973403774479,
        0.6057919580416902,
        0.5051571513198828,
        0.6251281620449642,
        0.37660286745364807,
        0.293447114566867,
        0.45008115709329594,
        0.8676270659560265,
        0.8518133670820868,
        0.5895962670415542,
        0.6439507235756483,
        0.7823692067542477,
        0.7751350116116212,
        0.7767925151553928,
        0.83044291538725,
        0.49590375191254554
    ],
    "setting": {
        "algorithm": "best_apriori",
        "dimension": 15,
        "samples": 45,
        "sigma": 0.25,
        "signal": [
            0.8804509063256238,
            0.4402254531628119,
            0.0,
            0.0,
            0.1760901812651248,
            0.0,
            0.0,
            0.0,
            0.0,
            0.0,
            0.0,
            0.0,
            0.0,
            0.0,
            0.0
        ]
    },
    "timestamp": 1685125540.4153485,
    "total_duration": 3508.824696779251,
    "wrong_samples": [
        24,
        26,
        25,
        31,
        34,
        24,
        20,
        24,
        19,
        13,
        21,
        34,
        36,
        25,
        27,
        33,
        33,
        32,
        33,
        20
    ]
}