{
    "reconstruction_errors": [
        0.8521847464094131,
        0.29499072455716924,
        0.5247899263926638,
        0.3504612491867613,
        0.48196775767580124,
        0.38212745735442044,
        0.20203103052866972,
        0.49531198382215574,
        0.3935168143373678,
        0.4903709059134865,
        0.27183578696060656,
        0.4750898769708307,
        0.7486101122950326,
        0.27252633502502466,
        0.22177904961931205,
        0.2584126063993657,
        0.29656626332680747,
        0.6501335484593822,
        0.1886678686924655,
        0.5744057985732909
    ],
    "setting": {
        "algorithm": "best_apriori",
        "dimension": 10,
        "samples": 70,
        "sigma": 0.25,
        "signal": [
            0.8804509063256238,
            0.4402254531628119,
            0.0,
            0.0,
            0.1760901812651248,
            0.0,
            0.0,
            0.0,
            0.0,
            0.0
        ]
    },
    "timestamp": 1685123083.9606686,
    "total_duration": 4866.193591833115,
    "wrong_samples": [
        53,
        20,
        35,
        23,
        32,
        25,
        13,
        36,
        24,
        32,
        17,
        31,
        44,
        21,
        12,
        21,
        24,
        38,
        16,
        36
    ]
}