{
    "reconstruction_errors": [
        0.3213886604980426,
        0.4650526118378074,
        0.4935814718029681,
        0.21980588005819676,
        0.17719686449833774,
        0.4799820573186615,
        0.18683082889188057,
        0.46362141916868116,
        0.25920306307494323,
        0.7295160367491519,
        0.7029023417163185,
        0.6583738978134349,
        0.3870242482707161,
        0.46297883989187627,
        0.6716062166212237,
        0.145453975582488,
        0.6496822475167339,
        0.6288958491234,
        0.4581874454789167,
        0.3719856490444137
    ],
    "setting": {
        "algorithm": "best_apriori",
        "dimension": 10,
        "samples": 15,
        "sigma": 0.25,
        "signal": [
            0.8804509063256238,
            0.4402254531628119,
            0.0,
            0.0,
            0.1760901812651248,
            0.0,
            0.0,
            0.0,
            0.0,
            0.0
        ]
    },
    "timestamp": 1685121824.7964318,
    "total_duration": 44.325785636901855,
    "wrong_samples": [
        6,
        6,
        6,
        0,
        2,
        7,
        0,
        7,
        4,
        10,
        9,
        9,
        7,
        6,
        10,
        1,
        8,
        6,
        5,
        4
    ]
}