{
    "reconstruction_errors": [
        0.8039570644041559,
        0.6517476184671411,
        0.8444097500301054,
        0.6750342330969378,
        0.728254362294431,
        0.6926956915913848,
        0.8549293094810978,
        0.5621824731985147,
        0.31533852956638264,
        0.6714542427331944,
        0.24181413846530886,
        0.4945206664374842,
        0.826143281245649,
        0.4513689687197077,
        0.5045406054790543,
        0.5865960575527435,
        0.8254819647461168,
        0.7326003388492468,
        0.6703527101510672,
        0.7064084765299465
    ],
    "setting": {
        "algorithm": "best_apriori",
        "dimension": 15,
        "samples": 100,
        "sigma": 0.25,
        "signal": [
            0.8804509063256238,
            0.4402254531628119,
            0.0,
            0.0,
            0.1760901812651248,
            0.0,
            0.0,
            0.0,
            0.0,
            0.0,
            0.0,
            0.0,
            0.0,
            0.0,
            0.0
        ]
    },
    "timestamp": 1685129725.308645,
    "total_duration": 26328.835636138916,
    "wrong_samples": [
        76,
        66,
        79,
        66,
        71,
        66,
        76,
        57,
        26,
        67,
        24,
        56,
        80,
        51,
        46,
        60,
        73,
        77,
        67,
        65
    ]
}