{
    "reconstruction_errors": [
        0.28223737872903587,
        0.46081014980040785,
        0.29630382075912143,
        0.5073605648517645,
        0.38647838770055365,
        0.39348132365528876,
        0.6437772239731318,
        0.747657007158499,
        0.69308247176475,
        0.2966948773926789,
        0.5675766384711368,
        0.6691223058793563,
        0.5688202328846595,
        0.3974881612209871,
        0.24866943611660128,
        0.3551709006101944,
        0.8264969520461386,
        0.4128532842606353,
        0.7759507172934937,
        0.21060335755885196
    ],
    "setting": {
        "algorithm": "best_apriori",
        "dimension": 10,
        "samples": 45,
        "sigma": 0.25,
        "signal": [
            0.8804509063256238,
            0.4402254531628119,
            0.0,
            0.0,
            0.1760901812651248,
            0.0,
            0.0,
            0.0,
            0.0,
            0.0
        ]
    },
    "timestamp": 1685123284.5370066,
    "total_duration": 1148.7449264526367,
    "wrong_samples": [
        14,
        21,
        11,
        23,
        18,
        20,
        28,
        29,
        28,
        14,
        22,
        30,
        25,
        15,
        9,
        16,
        35,
        16,
        30,
        10
    ]
}