{
    "reconstruction_errors": [
        0.26593385333721664,
        0.40021500419858475,
        0.2770015394101642,
        0.45798716555238045,
        0.3368280869937183,
        0.4506985977564209,
        0.372831126788395,
        0.4270881562170336,
        0.27438622338301655,
        0.1717954434280182,
        0.3475254475358983,
        0.39694014288608354,
        0.05868172819307699,
        0.059369371196582234,
        0.23202248881901102,
        0.1316147993839712,
        0.16439987508837034,
        0.4162482560917055,
        0.0710808427411684,
        0.2783126037210012
    ],
    "setting": {
        "algorithm": "best_apriori",
        "dimension": 5,
        "samples": 70,
        "sigma": 0.25,
        "signal": [
            0.8804509063256238,
            0.4402254531628119,
            0.0,
            0.0,
            0.1760901812651248
        ]
    },
    "timestamp": 1685121622.534842,
    "total_duration": 1047.482740163803,
    "wrong_samples": [
        21,
        29,
        24,
        33,
        25,
        31,
        33,
        35,
        20,
        11,
        25,
        32,
        7,
        7,
        21,
        15,
        17,
        26,
        7,
        27
    ]
}