{
    "reconstruction_errors": [
        0.171744990532988,
        0.1116319166926173,
        0.33562365585940784,
        0.30978078267866055,
        0.22562539592189862,
        0.3473025313926342,
        0.04636610780663958,
        0.24042293346891463,
        0.09678674880772842,
        0.24197646266609482,
        0.13876449120446202,
        0.35129020664263416,
        0.5314578470729908,
        0.05767677013298197,
        0.27808824034384516,
        0.1204842248475356,
        0.4797011730020373,
        0.24906360419335072,
        0.462794806364078,
        0.10022454999365354
    ],
    "setting": {
        "algorithm": "best_apriori",
        "dimension": 5,
        "samples": 100,
        "sigma": 0.25,
        "signal": [
            0.8804509063256238,
            0.4402254531628119,
            0.0,
            0.0,
            0.1760901812651248
        ]
    },
    "timestamp": 1685123083.9516988,
    "total_duration": 3164.222472190857,
    "wrong_samples": [
        15,
        18,
        37,
        36,
        23,
        35,
        8,
        30,
        10,
        22,
        19,
        41,
        62,
        7,
        26,
        16,
        55,
        31,
        44,
        13
    ]
}