{
    "reconstruction_errors": [
        0.14494660411380095,
        0.4219352714450287,
        0.17081542472565692,
        0.7246161458008361,
        0.2780845181423211,
        0.2848765757472057,
        0.6651878027563112,
        0.2313538162655568,
        0.10809006297099645,
        0.5166308600756119,
        0.11102649625340381,
        0.37429297274206313,
        0.20502500708114593,
        0.11868250458556807,
        0.27291216277407626,
        0.6910159974035195,
        0.15538490458560963,
        0.18542049204909014,
        0.7537359601438868,
        0.7096945716444992
    ],
    "setting": {
        "algorithm": "best_apriori",
        "dimension": 10,
        "samples": 100,
        "sigma": 0.25,
        "signal": [
            0.8804509063256238,
            0.4402254531628119,
            0.0,
            0.0,
            0.1760901812651248,
            0.0,
            0.0,
            0.0,
            0.0,
            0.0
        ]
    },
    "timestamp": 1685135199.7882957,
    "total_duration": 15477.032812595367,
    "wrong_samples": [
        16,
        40,
        22,
        65,
        26,
        29,
        63,
        22,
        12,
        50,
        7,
        43,
        22,
        14,
        30,
        58,
        15,
        22,
        68,
        67
    ]
}