{
    "reconstruction_errors": [
        0.36801956409134917,
        0.6360688414267921,
        0.6283811582110655,
        0.6193853189777806,
        0.8133937708299174,
        0.25873282720233987,
        0.4736550828255705,
        0.7857467503527569,
        0.8639324526242733,
        0.27671480258513664,
        0.7648622899792247,
        0.5840699469392102,
        0.8346160258885066,
        0.705472620969694,
        0.6155219237538992,
        0.708057271175918,
        0.6471139867823514,
        0.5995785628573843,
        0.7634788729159416,
        0.7739392935598974
    ],
    "setting": {
        "algorithm": "best_apriori",
        "dimension": 15,
        "samples": 15,
        "sigma": 0.25,
        "signal": [
            0.8804509063256238,
            0.4402254531628119,
            0.0,
            0.0,
            0.1760901812651248,
            0.0,
            0.0,
            0.0,
            0.0,
            0.0,
            0.0,
            0.0,
            0.0,
            0.0,
            0.0
        ]
    },
    "timestamp": 1685124431.291581,
    "total_duration": 86.51272130012512,
    "wrong_samples": [
        7,
        7,
        8,
        6,
        11,
        0,
        8,
        11,
        10,
        3,
        9,
        9,
        9,
        10,
        10,
        10,
        9,
        6,
        10,
        9
    ]
}