{
    "reconstruction_errors": [
        0.8780597781662987,
        0.7878880772426666,
        0.7382176557797978,
        0.8399208932445279,
        0.7843384210590942,
        0.8693614795204676,
        0.6175049910637107,
        0.44313403935385837,
        0.6284989011031138,
        0.812949251674874,
        0.7385096040600944,
        0.8420988636119928,
        0.6409776509764824,
        0.5900447049318728,
        0.4011094222071365,
        0.20945732033856246,
        0.7411341271367289,
        0.6445752066553821,
        0.6841771717991398,
        0.26020064415870503
    ],
    "setting": {
        "algorithm": "best_apriori",
        "dimension": 15,
        "samples": 25,
        "sigma": 0.25,
        "signal": [
            0.8804509063256238,
            0.4402254531628119,
            0.0,
            0.0,
            0.1760901812651248,
            0.0,
            0.0,
            0.0,
            0.0,
            0.0,
            0.0,
            0.0,
            0.0,
            0.0,
            0.0
        ]
    },
    "timestamp": 1685124585.0707204,
    "total_duration": 469.1262586116791,
    "wrong_samples": [
        21,
        16,
        16,
        19,
        19,
        18,
        17,
        11,
        14,
        15,
        16,
        19,
        14,
        14,
        8,
        3,
        19,
        14,
        14,
        4
    ]
}