{
    "reconstruction_errors": [
        0.25015473219433665,
        0.2747463848854976,
        0.682488254713634,
        0.4229897542778382,
        0.24857272086078905,
        0.8399503607527283,
        0.6373628959187967,
        0.6260193957266637,
        0.5492207771750995,
        0.2922395699029606,
        0.6412761393751704,
        0.6720400398229773,
        0.630069779122591,
        0.4237768168716991,
        0.6504914618429335,
        0.5142494517041695,
        0.2485801188596258,
        0.13589092708328307,
        0.2414144220061699,
        0.13822429390022392
    ],
    "setting": {
        "algorithm": "best_apriori",
        "dimension": 10,
        "samples": 25,
        "sigma": 0.25,
        "signal": [
            0.8804509063256238,
            0.4402254531628119,
            0.0,
            0.0,
            0.1760901812651248,
            0.0,
            0.0,
            0.0,
            0.0,
            0.0
        ]
    },
    "timestamp": 1685123083.9526954,
    "total_duration": 188.54049611091614,
    "wrong_samples": [
        6,
        6,
        13,
        10,
        4,
        16,
        15,
        14,
        11,
        9,
        17,
        13,
        15,
        11,
        15,
        11,
        6,
        3,
        9,
        2
    ]
}