{
    "reconstruction_errors": [
        0.4780784494559057,
        0.23535244972436406,
        0.32299083605456685,
        0.09176359468431794,
        0.3076303502873166,
        0.3186748388889971,
        0.2845809015036858,
        0.13600442032501847,
        0.2451855993134514,
        0.28032457927090554,
        0.18342730012975692,
        0.2524922532724888,
        0.1287470531664727,
        0.48265362134664325,
        0.23752676393404965,
        0.3256045914851955,
        0.5038268448054706,
        0.11642238349944097,
        0.18683463518233667,
        0.5573616423404495
    ],
    "setting": {
        "algorithm": "best_apriori",
        "dimension": 5,
        "samples": 15,
        "sigma": 0.25,
        "signal": [
            0.8804509063256238,
            0.4402254531628119,
            0.0,
            0.0,
            0.1760901812651248
        ]
    },
    "timestamp": 1685121596.2626162,
    "total_duration": 9.775325059890747,
    "wrong_samples": [
        8,
        4,
        7,
        3,
        4,
        4,
        2,
        1,
        3,
        4,
        4,
        4,
        1,
        7,
        7,
        7,
        6,
        1,
        3,
        8
    ]
}