{
    "reconstruction_errors": [
        0.32583497133768224,
        0.20523086956104253,
        0.10715091438215768,
        0.13148887816397897,
        0.5083353283990487,
        0.26748186019942755,
        0.4523629093645583,
        0.5554833793131752,
        0.14880135196200686,
        0.38555609933776774,
        0.40881611812498464,
        0.506724718378575,
        0.43220429968880747,
        0.3637531608528351,
        0.301791025467234,
        0.15832925612710863,
        0.21280394082018017,
        0.24058850322529676,
        0.23238566500773347,
        0.3978830857543943
    ],
    "setting": {
        "algorithm": "best_apriori",
        "dimension": 5,
        "samples": 25,
        "sigma": 0.25,
        "signal": [
            0.8804509063256238,
            0.4402254531628119,
            0.0,
            0.0,
            0.1760901812651248
        ]
    },
    "timestamp": 1685121596.2790437,
    "total_duration": 37.744921922683716,
    "wrong_samples": [
        12,
        6,
        6,
        2,
        13,
        6,
        12,
        17,
        3,
        12,
        13,
        13,
        9,
        7,
        7,
        2,
        6,
        7,
        10,
        11
    ]
}