{
    "reconstruction_errors": [
        0.8218537539131199,
        0.7707826961004027,
        0.8464092437971122,
        0.8168015685825838,
        0.6674552760509949,
        0.41742198190320823,
        0.599283921002942,
        0.7300391853870722,
        0.6156189059734122,
        0.5902266576303135,
        0.6661552784523215,
        0.8888879556898774,
        0.8969767965921371,
        0.5870722862844427,
        0.7442175904325316,
        0.43317287357675754,
        0.70747185053729,
        0.8116428735794545,
        0.6129899583724395,
        0.5483921879889577
    ],
    "setting": {
        "algorithm": "best_apriori",
        "dimension": 15,
        "samples": 25,
        "sigma": 0.3,
        "signal": [
            0.8804509063256238,
            0.4402254531628119,
            0.0,
            0.0,
            0.1760901812651248,
            0.0,
            0.0,
            0.0,
            0.0,
            0.0,
            0.0,
            0.0,
            0.0,
            0.0,
            0.0
        ]
    },
    "timestamp": 1685124598.4915113,
    "total_duration": 461.06709122657776,
    "wrong_samples": [
        20,
        17,
        19,
        20,
        15,
        9,
        12,
        16,
        15,
        14,
        18,
        20,
        19,
        14,
        18,
        9,
        15,
        18,
        18,
        11
    ]
}