{
    "reconstruction_errors": [
        0.6663874687508267,
        0.7503894782617617,
        0.4815101585176444,
        0.6092652168711341,
        0.8895559390035406,
        0.7187929705016813,
        0.8007496892465844,
        0.7306888016625099,
        0.3879191173359676,
        0.6716407232156678,
        0.8414948986767126,
        0.7793389711027325,
        0.7530171769167228,
        0.45979646089770493,
        0.7778049903368304,
        0.4730932406344586,
        0.42076731202136336,
        0.8323354349156213,
        0.5118999489343672,
        0.42356405023755317
    ],
    "setting": {
        "algorithm": "best_apriori",
        "dimension": 15,
        "samples": 45,
        "sigma": 0.3,
        "signal": [
            0.8804509063256238,
            0.4402254531628119,
            0.0,
            0.0,
            0.1760901812651248,
            0.0,
            0.0,
            0.0,
            0.0,
            0.0,
            0.0,
            0.0,
            0.0,
            0.0,
            0.0
        ]
    },
    "timestamp": 1685126055.7277682,
    "total_duration": 2485.9664964675903,
    "wrong_samples": [
        26,
        29,
        17,
        28,
        35,
        32,
        35,
        32,
        22,
        29,
        36,
        32,
        31,
        21,
        29,
        22,
        21,
        33,
        22,
        20
    ]
}