{
    "reconstruction_errors": [
        0.18408188419077104,
        0.18294890024102867,
        0.4654296989552868,
        0.28194300227229563,
        0.4575451655875618,
        0.4602194998768086,
        0.10310699459322417,
        0.18971414936659461,
        0.10706520852357555,
        0.32074672756559225,
        0.2262611089574598,
        0.4274472739495478,
        0.1424028268032066,
        0.1414632441719687,
        0.5395019227882862,
        0.22631021066779008,
        0.5556482601082777,
        0.2316982230784271,
        0.31746624969704307,
        0.09787343354318742
    ],
    "setting": {
        "algorithm": "best_apriori",
        "dimension": 5,
        "samples": 100,
        "sigma": 0.3,
        "signal": [
            0.8804509063256238,
            0.4402254531628119,
            0.0,
            0.0,
            0.1760901812651248
        ]
    },
    "timestamp": 1685123083.9437253,
    "total_duration": 3349.8945837020874,
    "wrong_samples": [
        16,
        26,
        49,
        32,
        47,
        48,
        14,
        21,
        16,
        31,
        28,
        48,
        20,
        18,
        46,
        30,
        59,
        32,
        39,
        25
    ]
}