{
    "reconstruction_errors": [
        0.6755291627881185,
        0.7741777273385213,
        0.750971728415835,
        0.8247696594331222,
        0.8585162814014541,
        0.33188246087316464,
        0.8599575487142529,
        0.6345787983271198,
        0.7912587017091384,
        0.9035545406174281,
        0.8215245202047023,
        0.7759094751858508,
        0.6102947110446524,
        0.7300692393276894,
        0.7675799537615038,
        0.7259484248786733,
        0.8625395797816282,
        0.8520663721900557,
        0.8164037347267389,
        0.598961632050739
    ],
    "setting": {
        "algorithm": "best_apriori",
        "dimension": 15,
        "samples": 15,
        "sigma": 0.3,
        "signal": [
            0.8804509063256238,
            0.4402254531628119,
            0.0,
            0.0,
            0.1760901812651248,
            0.0,
            0.0,
            0.0,
            0.0,
            0.0,
            0.0,
            0.0,
            0.0,
            0.0,
            0.0
        ]
    },
    "timestamp": 1685128276.8695893,
    "total_duration": 86.72574353218079,
    "wrong_samples": [
        10,
        9,
        11,
        9,
        10,
        4,
        10,
        8,
        10,
        12,
        11,
        10,
        7,
        12,
        10,
        11,
        11,
        9,
        11,
        8
    ]
}