{
    "reconstruction_errors": [
        0.12822811958878516,
        0.5550731559637642,
        0.37147991026294397,
        0.17202812583862656,
        0.1526689137474243,
        0.5066479819424147,
        0.47197566939977753,
        0.4822529242961187,
        0.23943659238939988,
        0.32548875802744487,
        0.4804630082628445,
        0.36975621517572815,
        0.33128291774600216,
        0.3846824800134291,
        0.2188435342809522,
        0.4774432006643552,
        0.1895626303575002,
        0.19994167615291733,
        0.2361521628596537,
        0.35175000065432216
    ],
    "setting": {
        "algorithm": "best_apriori",
        "dimension": 5,
        "samples": 25,
        "sigma": 0.3,
        "signal": [
            0.8804509063256238,
            0.4402254531628119,
            0.0,
            0.0,
            0.1760901812651248
        ]
    },
    "timestamp": 1685121596.2705657,
    "total_duration": 39.89604115486145,
    "wrong_samples": [
        7,
        15,
        9,
        7,
        0,
        13,
        10,
        9,
        9,
        10,
        17,
        7,
        11,
        11,
        5,
        11,
        6,
        6,
        6,
        10
    ]
}