{
    "reconstruction_errors": [
        0.5878414954538678,
        0.45260292153871795,
        0.6268979785197019,
        0.422117024441373,
        0.43101220221195446,
        0.6793019765249038,
        0.26063889925024947,
        0.6014071805946414,
        0.6459447205298131,
        0.6815428913180961,
        0.5364451572223498,
        0.18003560746434552,
        0.5361229636635042,
        0.5324061698810516,
        0.2862237905799971,
        0.3871026877483191,
        0.751545634949732,
        0.504016926563438,
        0.6886481575221802,
        0.5439777559618338
    ],
    "setting": {
        "algorithm": "best_apriori",
        "dimension": 10,
        "samples": 15,
        "sigma": 0.3,
        "signal": [
            0.8804509063256238,
            0.4402254531628119,
            0.0,
            0.0,
            0.1760901812651248,
            0.0,
            0.0,
            0.0,
            0.0,
            0.0
        ]
    },
    "timestamp": 1685122609.7878442,
    "total_duration": 48.91994571685791,
    "wrong_samples": [
        7,
        5,
        7,
        3,
        3,
        8,
        1,
        9,
        11,
        8,
        8,
        2,
        9,
        9,
        3,
        6,
        9,
        8,
        8,
        7
    ]
}