{
    "reconstruction_errors": [
        0.5709952901654147,
        0.45326669587902013,
        0.4690095551955051,
        0.37440576067091225,
        0.4467561438897389,
        0.5365987951667613,
        0.7747479975757051,
        0.66942299019948,
        0.32781010207965555,
        0.7899855973960663,
        0.39377780915054217,
        0.7517998327233846,
        0.31823811762472554,
        0.7745305882503168,
        0.2604474162646405,
        0.5720881464629213,
        0.24152528857578165,
        0.68864062596121,
        0.4610419783628739,
        0.39535732994010003
    ],
    "setting": {
        "algorithm": "best_apriori",
        "dimension": 10,
        "samples": 100,
        "sigma": 0.3,
        "signal": [
            0.8804509063256238,
            0.4402254531628119,
            0.0,
            0.0,
            0.1760901812651248,
            0.0,
            0.0,
            0.0,
            0.0,
            0.0
        ]
    },
    "timestamp": 1685126412.5715654,
    "total_duration": 14799.318339824677,
    "wrong_samples": [
        59,
        39,
        45,
        33,
        42,
        49,
        68,
        69,
        35,
        68,
        38,
        65,
        33,
        67,
        29,
        60,
        25,
        62,
        42,
        43
    ]
}