{
    "reconstruction_errors": [
        0.5567026608574928,
        0.2826275858498826,
        0.285194810735908,
        0.7091249655457694,
        0.3980596647290206,
        0.5379100365212458,
        0.168786239542868,
        0.7291626515264591,
        0.5238809923927449,
        0.4548028002187168,
        0.31184533531301234,
        0.7317375287831749,
        0.6960502418948037,
        0.5126989070081177,
        0.5341197842892677,
        0.3608605783567984,
        0.8459272817017233,
        0.47237032563705494,
        0.6225976873313303,
        0.22395735327256283
    ],
    "setting": {
        "algorithm": "best_apriori",
        "dimension": 10,
        "samples": 45,
        "sigma": 0.3,
        "signal": [
            0.8804509063256238,
            0.4402254531628119,
            0.0,
            0.0,
            0.1760901812651248,
            0.0,
            0.0,
            0.0,
            0.0,
            0.0
        ]
    },
    "timestamp": 1685123303.8035753,
    "total_duration": 1127.4540944099426,
    "wrong_samples": [
        25,
        13,
        11,
        30,
        17,
        25,
        8,
        30,
        22,
        25,
        12,
        33,
        26,
        25,
        21,
        18,
        32,
        19,
        29,
        9
    ]
}