{
    "reconstruction_errors": [
        0.8829551592724348,
        0.6111635871647482,
        0.6142309467886348,
        0.7721372355821918,
        0.7397490529273281,
        0.5355498122227792,
        0.7677001821043651,
        0.6503163013710666,
        0.7997578608364854,
        0.9215960131147655,
        0.7504974314353838,
        0.5742227397674705,
        0.7239564870608999,
        0.6824800906988168,
        0.9071095071585923,
        0.6226271677782149,
        0.6649039050792538,
        0.780429342227855,
        0.5494907178676813,
        0.8404314228360907
    ],
    "setting": {
        "algorithm": "best_apriori",
        "dimension": 15,
        "samples": 100,
        "sigma": 0.3,
        "signal": [
            0.8804509063256238,
            0.4402254531628119,
            0.0,
            0.0,
            0.1760901812651248,
            0.0,
            0.0,
            0.0,
            0.0,
            0.0,
            0.0,
            0.0,
            0.0,
            0.0,
            0.0
        ]
    },
    "timestamp": 1685132818.1311069,
    "total_duration": 25792.73264169693,
    "wrong_samples": [
        80,
        63,
        58,
        70,
        69,
        53,
        64,
        62,
        70,
        81,
        63,
        48,
        65,
        71,
        80,
        60,
        69,
        72,
        57,
        74
    ]
}