{
    "reconstruction_errors": [
        0.5428953571655928,
        0.16447974967632178,
        0.5075396651019404,
        0.5667483668098717,
        0.3805529733613587,
        0.14089727709034466,
        0.23678015953508963,
        0.4279470793341207,
        0.2751641478738232,
        0.6245315687455215,
        0.2614921931233147,
        0.3460289299139082,
        0.3654626616538445,
        0.5398317456063948,
        0.5099867214757187,
        0.137511497071665,
        0.5810412792248459,
        0.5363420806647627,
        0.5094991473212207,
        0.4438617123238425
    ],
    "setting": {
        "algorithm": "best_apriori",
        "dimension": 5,
        "samples": 45,
        "sigma": 0.3,
        "signal": [
            0.8804509063256238,
            0.4402254531628119,
            0.0,
            0.0,
            0.1760901812651248
        ]
    },
    "timestamp": 1685121604.7634466,
    "total_duration": 232.67519569396973,
    "wrong_samples": [
        23,
        10,
        24,
        29,
        21,
        7,
        15,
        20,
        13,
        27,
        9,
        15,
        17,
        29,
        24,
        10,
        25,
        26,
        27,
        23
    ]
}