{
    "reconstruction_errors": [
        0.3533302032242985,
        0.5578616686694045,
        0.5111199097317759,
        0.501486547939668,
        0.19545715227473776,
        0.3756605756868526,
        0.4407806122970959,
        0.5764393930401367,
        0.22679644768682303,
        0.23735261355077206,
        0.1254373923026232,
        0.4794959732921592,
        0.11220046795674761,
        0.08602281396600928,
        0.3507408809256898,
        0.1618847530874298,
        0.09131331867705732,
        0.3117266619408067,
        0.3545107693557,
        0.3431570088695388
    ],
    "setting": {
        "algorithm": "best_apriori",
        "dimension": 5,
        "samples": 70,
        "sigma": 0.3,
        "signal": [
            0.8804509063256238,
            0.4402254531628119,
            0.0,
            0.0,
            0.1760901812651248
        ]
    },
    "timestamp": 1685121630.8552728,
    "total_duration": 1021.6249141693115,
    "wrong_samples": [
        27,
        34,
        39,
        40,
        10,
        27,
        31,
        43,
        18,
        15,
        7,
        38,
        13,
        11,
        31,
        20,
        11,
        19,
        26,
        23
    ]
}