{
    "reconstruction_errors": [
        0.8095379771833862,
        0.6747662109981521,
        0.4336061291065114,
        0.33184651097626566,
        0.4003916517398379,
        0.6609293264065873,
        0.8411569030274079,
        0.8800118486657861,
        0.7175017125637361,
        0.897904171373228,
        0.6820332715604532,
        0.3477698985268676,
        0.7940136446507744,
        0.8205733783840503,
        0.669277941290406,
        0.484155375718289,
        0.5508506216712493,
        0.600370409213872,
        0.889402879500674,
        0.7909043816454926
    ],
    "setting": {
        "algorithm": "best_apriori",
        "dimension": 15,
        "samples": 70,
        "sigma": 0.3,
        "signal": [
            0.8804509063256238,
            0.4402254531628119,
            0.0,
            0.0,
            0.1760901812651248,
            0.0,
            0.0,
            0.0,
            0.0,
            0.0,
            0.0,
            0.0,
            0.0,
            0.0,
            0.0
        ]
    },
    "timestamp": 1685127130.2312307,
    "total_duration": 13097.139944553375,
    "wrong_samples": [
        47,
        46,
        39,
        24,
        34,
        47,
        55,
        56,
        47,
        58,
        45,
        26,
        54,
        54,
        44,
        28,
        39,
        42,
        54,
        53
    ]
}