{
    "reconstruction_errors": [
        0.8127713713435444,
        0.6468118481307391,
        0.4980799740613747,
        0.5914354623781056,
        0.43270130195696616,
        0.36998173471207807,
        0.43241514223747995,
        0.35379319334238096,
        0.2846139896539088,
        0.7611216644353425,
        0.25781186136564777,
        0.7809814637210141,
        0.6817344459796915,
        0.7924667982555483,
        0.5237815192739681,
        0.33029074271676434,
        0.6351590801026001,
        0.7782707176303038,
        0.430893254718442,
        0.5916084878897837
    ],
    "setting": {
        "algorithm": "best_apriori",
        "dimension": 10,
        "samples": 70,
        "sigma": 0.3,
        "signal": [
            0.8804509063256238,
            0.4402254531628119,
            0.0,
            0.0,
            0.1760901812651248,
            0.0,
            0.0,
            0.0,
            0.0,
            0.0
        ]
    },
    "timestamp": 1685127950.159348,
    "total_duration": 4549.356911897659,
    "wrong_samples": [
        55,
        37,
        38,
        42,
        31,
        30,
        32,
        23,
        15,
        47,
        19,
        50,
        38,
        53,
        37,
        22,
        46,
        52,
        30,
        41
    ]
}