{
    "reconstruction_errors": [
        0.544210721604891,
        0.3587416261287851,
        0.2922320620912493,
        0.21312881700952002,
        0.4207051791351702,
        0.45242301841343363,
        0.5735357686744379,
        0.6669523261476338,
        0.5465336185590208,
        0.47581531749545874,
        0.13072490647636623,
        0.48053261794709284,
        0.16325765250072866,
        0.2785628935629847,
        0.3567905953941244,
        0.3725972107996493,
        0.6296241889847825,
        0.1334117569048253,
        0.2627604784023005,
        0.3650088989734208
    ],
    "setting": {
        "algorithm": "best_apriori",
        "dimension": 5,
        "samples": 15,
        "sigma": 0.3,
        "signal": [
            0.8804509063256238,
            0.4402254531628119,
            0.0,
            0.0,
            0.1760901812651248
        ]
    },
    "timestamp": 1685121596.2626162,
    "total_duration": 9.294361352920532,
    "wrong_samples": [
        9,
        7,
        5,
        5,
        7,
        6,
        6,
        9,
        7,
        8,
        3,
        5,
        1,
        7,
        4,
        8,
        9,
        4,
        4,
        5
    ]
}