{
    "reconstruction_errors": [
        0.7436688155752403,
        0.248615939779408,
        0.8443154497029673,
        0.66052429368769,
        0.2797850808225771,
        0.37269108762890185,
        0.7012728160718482,
        0.6581210508162868,
        0.8125128822627787,
        0.3771784733930869,
        0.37495338844334924,
        0.8596473540055308,
        0.6475728564422858,
        0.3630171919339145,
        0.7781079908830748,
        0.5150501866987764,
        0.7246789120353099,
        0.5923307115869003,
        0.6566911769437871,
        0.757403398912806
    ],
    "setting": {
        "algorithm": "best_apriori",
        "dimension": 10,
        "samples": 25,
        "sigma": 0.3,
        "signal": [
            0.8804509063256238,
            0.4402254531628119,
            0.0,
            0.0,
            0.1760901812651248,
            0.0,
            0.0,
            0.0,
            0.0,
            0.0
        ]
    },
    "timestamp": 1685123083.9526954,
    "total_duration": 200.57833099365234,
    "wrong_samples": [
        17,
        4,
        19,
        16,
        4,
        9,
        13,
        16,
        18,
        11,
        9,
        20,
        13,
        9,
        16,
        13,
        14,
        12,
        13,
        18
    ]
}