{
    "reconstruction_errors": [
        0.40198787485923965,
        0.5719241267547487,
        0.4165426818339619,
        0.3914526618532584,
        0.24125653770970878,
        0.6685496950152037,
        0.6121420958607625,
        0.33636865764595825,
        0.25385123046247715,
        0.5952791983161625,
        0.24630550484215863,
        0.1758027382644823,
        0.18258398568323525,
        0.1903234825389178,
        0.5363133463641759,
        0.6781676104808734,
        0.36916713744286916,
        0.477989173071354,
        0.5289783610186745,
        0.4929267106345673
    ],
    "setting": {
        "algorithm": "best_apriori",
        "dimension": 5,
        "samples": 100,
        "sigma": 0.4,
        "signal": [
            0.8804509063256238,
            0.4402254531628119,
            0.0,
            0.0,
            0.1760901812651248
        ]
    },
    "timestamp": 1685123083.9457185,
    "total_duration": 3204.035451412201,
    "wrong_samples": [
        42,
        61,
        50,
        38,
        34,
        66,
        62,
        28,
        25,
        54,
        34,
        22,
        23,
        25,
        44,
        55,
        43,
        50,
        54,
        49
    ]
}