{
    "reconstruction_errors": [
        0.35525844093497494,
        0.8119451686080681,
        0.4747101907136304,
        0.583987481988409,
        0.5301800295707974,
        0.715535640731261,
        0.39604428256821683,
        0.7915045979987303,
        0.7824551499324787,
        0.8652569032692059,
        0.5934937425752493,
        0.723190533470406,
        0.6811014719070498,
        0.8274424415744593,
        0.8539697461799056,
        0.7177830103201784,
        0.2857121709445967,
        0.8363368418749316,
        0.37993814777357804,
        0.696971224674163
    ],
    "setting": {
        "algorithm": "best_apriori",
        "dimension": 10,
        "samples": 70,
        "sigma": 0.4,
        "signal": [
            0.8804509063256238,
            0.4402254531628119,
            0.0,
            0.0,
            0.1760901812651248,
            0.0,
            0.0,
            0.0,
            0.0,
            0.0
        ]
    },
    "timestamp": 1685123083.9636586,
    "total_duration": 4369.9293653965,
    "wrong_samples": [
        29,
        50,
        38,
        42,
        39,
        46,
        33,
        54,
        45,
        56,
        39,
        44,
        46,
        55,
        54,
        47,
        23,
        48,
        26,
        43
    ]
}