{
    "reconstruction_errors": [
        0.8544648629494076,
        0.8651118292917737,
        0.8866476593851161,
        0.8501009264351764,
        1.0208617989850355,
        0.6578931950767762,
        0.9549493141889569,
        0.7543796401474212,
        1.0604855799650068,
        0.7810877246050677,
        0.9428450479017918,
        0.6779771704286809,
        0.6866265572123448,
        1.010873613740316,
        0.7013921601250116,
        0.5984444189931329,
        0.719447949857496,
        0.8211016941217469,
        1.0578514868336495,
        0.8827790278587732
    ],
    "setting": {
        "algorithm": "best_apriori",
        "dimension": 15,
        "samples": 15,
        "sigma": 0.4,
        "signal": [
            0.8804509063256238,
            0.4402254531628119,
            0.0,
            0.0,
            0.1760901812651248,
            0.0,
            0.0,
            0.0,
            0.0,
            0.0,
            0.0,
            0.0,
            0.0,
            0.0,
            0.0
        ]
    },
    "timestamp": 1685124376.5741227,
    "total_duration": 98.32869338989258,
    "wrong_samples": [
        12,
        11,
        9,
        11,
        12,
        7,
        11,
        11,
        12,
        11,
        11,
        9,
        7,
        11,
        10,
        9,
        9,
        11,
        10,
        10
    ]
}