{
    "reconstruction_errors": [
        0.167982697218975,
        0.25948838844526867,
        0.3160254524379018,
        0.22585018358430237,
        0.6648111817130097,
        0.42108287047103565,
        0.19238669230568803,
        0.3661703770323809,
        0.6164808150461091,
        0.5938699051745601,
        0.34940071315414084,
        0.703786370488319,
        0.34390264326893905,
        0.4445189578892789,
        0.5286747522432563,
        0.2329296273827722,
        0.2252166361721261,
        0.258256046969367,
        0.43023783705133034,
        0.6354618169782015
    ],
    "setting": {
        "algorithm": "best_apriori",
        "dimension": 5,
        "samples": 25,
        "sigma": 0.4,
        "signal": [
            0.8804509063256238,
            0.4402254531628119,
            0.0,
            0.0,
            0.1760901812651248
        ]
    },
    "timestamp": 1685121596.2790437,
    "total_duration": 41.41670489311218,
    "wrong_samples": [
        9,
        6,
        8,
        8,
        13,
        11,
        8,
        11,
        11,
        11,
        9,
        16,
        14,
        7,
        15,
        6,
        7,
        6,
        9,
        16
    ]
}