{
    "reconstruction_errors": [
        0.5122405533778145,
        0.19630415892072547,
        0.2752884447007356,
        0.5382640030180645,
        0.26450369352991737,
        0.5128587826635805,
        0.43225636445305027,
        0.32988308115110243,
        0.5617286747971705,
        0.46075726451152227,
        0.5887711362205666,
        0.5869627769466849,
        0.276304079340548,
        0.18544880070840614,
        0.4383126648186774,
        0.2518773317381435,
        0.43582606240840094,
        0.29806571305936574,
        0.5727533665947616,
        0.5663377034640275
    ],
    "setting": {
        "algorithm": "best_apriori",
        "dimension": 5,
        "samples": 45,
        "sigma": 0.4,
        "signal": [
            0.8804509063256238,
            0.4402254531628119,
            0.0,
            0.0,
            0.1760901812651248
        ]
    },
    "timestamp": 1685121606.042925,
    "total_duration": 275.84475350379944,
    "wrong_samples": [
        25,
        12,
        17,
        22,
        15,
        25,
        21,
        19,
        23,
        23,
        19,
        17,
        20,
        4,
        20,
        13,
        19,
        14,
        30,
        27
    ]
}