{
    "reconstruction_errors": [
        0.9251273719501405,
        0.3787245492769821,
        0.8826928101450313,
        0.8986281457034976,
        0.7896171477916726,
        0.8218277090546127,
        0.9528405714687748,
        0.5912922595134483,
        0.8713625838907532,
        0.46538465117606503,
        0.6610607183436752,
        0.9471282681058875,
        0.8836642634297142,
        0.7258141561743053,
        1.0243440394770666,
        0.7881113100911198,
        0.6770979198374404,
        0.9730340004134961,
        0.49799803169324675,
        0.9516606385055097
    ],
    "setting": {
        "algorithm": "best_apriori",
        "dimension": 15,
        "samples": 100,
        "sigma": 0.4,
        "signal": [
            0.8804509063256238,
            0.4402254531628119,
            0.0,
            0.0,
            0.1760901812651248,
            0.0,
            0.0,
            0.0,
            0.0,
            0.0,
            0.0,
            0.0,
            0.0,
            0.0,
            0.0
        ]
    },
    "timestamp": 1685130364.0375054,
    "total_duration": 26186.74591565132,
    "wrong_samples": [
        84,
        43,
        76,
        78,
        70,
        77,
        75,
        55,
        73,
        55,
        68,
        76,
        76,
        67,
        84,
        71,
        64,
        78,
        57,
        82
    ]
}