{
    "reconstruction_errors": [
        0.7966594279517183,
        0.7784758414958982,
        0.9406594593915667,
        0.8269635861940133,
        0.6212229351343177,
        0.7802516357717437,
        0.7652220957872092,
        1.0088690746728457,
        0.9825763240581525,
        0.8065622751547528,
        0.5188931653629795,
        0.8312569306666843,
        0.7862644241821486,
        0.6063063227808095,
        0.65960272184255,
        0.9227341037076947,
        0.9473681921311282,
        0.9527865857285855,
        0.8523299334510094,
        0.8895388519276564
    ],
    "setting": {
        "algorithm": "best_apriori",
        "dimension": 15,
        "samples": 25,
        "sigma": 0.4,
        "signal": [
            0.8804509063256238,
            0.4402254531628119,
            0.0,
            0.0,
            0.1760901812651248,
            0.0,
            0.0,
            0.0,
            0.0,
            0.0,
            0.0,
            0.0,
            0.0,
            0.0,
            0.0
        ]
    },
    "timestamp": 1685124735.2817519,
    "total_duration": 502.6506426334381,
    "wrong_samples": [
        16,
        18,
        20,
        16,
        18,
        16,
        18,
        20,
        20,
        19,
        14,
        16,
        19,
        12,
        15,
        18,
        20,
        20,
        18,
        19
    ]
}