{
    "reconstruction_errors": [
        0.7644499989426329,
        0.8236813288440095,
        0.7095378878141025,
        0.5292831590612118,
        0.5520298137378801,
        0.5184806208026655,
        0.8419554415434776,
        0.9103365250838774,
        0.6080067176292838,
        0.590089862128341,
        0.7104119448136708,
        0.4379696695622607,
        0.5683238790819123,
        0.2770953227274747,
        0.9419374906800648,
        0.5438361358740693,
        0.9213710335060041,
        0.26601544577662883,
        0.34272528260562707,
        0.6678798671639464
    ],
    "setting": {
        "algorithm": "best_apriori",
        "dimension": 10,
        "samples": 100,
        "sigma": 0.4,
        "signal": [
            0.8804509063256238,
            0.4402254531628119,
            0.0,
            0.0,
            0.1760901812651248,
            0.0,
            0.0,
            0.0,
            0.0,
            0.0
        ]
    },
    "timestamp": 1685123083.980602,
    "total_duration": 18041.25366306305,
    "wrong_samples": [
        71,
        70,
        66,
        57,
        56,
        50,
        71,
        76,
        65,
        62,
        67,
        53,
        53,
        32,
        78,
        56,
        76,
        35,
        34,
        63
    ]
}