{
    "reconstruction_errors": [
        0.8341160141366364,
        0.6183999437324489,
        0.6173746528104029,
        0.753366805144105,
        0.2521147932204261,
        0.6995603292348536,
        0.6141950183957761,
        0.26904149830896396,
        0.8885226211554627,
        0.8786660526472153,
        0.8767323374444357,
        0.5811354919187868,
        0.9780311912459986,
        0.6961016005245848,
        0.7741782569103679,
        0.8101670382311988,
        0.7259933357747854,
        0.6115427776282775,
        0.9636818119472004,
        0.848358759826027
    ],
    "setting": {
        "algorithm": "best_apriori",
        "dimension": 10,
        "samples": 15,
        "sigma": 0.4,
        "signal": [
            0.8804509063256238,
            0.4402254531628119,
            0.0,
            0.0,
            0.1760901812651248,
            0.0,
            0.0,
            0.0,
            0.0,
            0.0
        ]
    },
    "timestamp": 1685122670.0235624,
    "total_duration": 50.61680245399475,
    "wrong_samples": [
        11,
        6,
        6,
        8,
        5,
        7,
        9,
        3,
        9,
        10,
        11,
        8,
        11,
        9,
        10,
        8,
        9,
        8,
        11,
        10
    ]
}