{
    "reconstruction_errors": [
        0.86720808388681,
        0.7909142969161083,
        0.8311036580242869,
        0.7223697541047935,
        0.8545891956073179,
        0.5875816235028813,
        0.594455952662342,
        0.9613638508575366,
        0.9490460460801645,
        0.5229583256358766,
        0.6410600151961847,
        0.8684458685678772,
        0.6807972180371972,
        0.4123597832731255,
        0.9911375583193481,
        0.5379223754321322,
        0.5860941691320903,
        0.5094369250627686,
        0.7150109045113658,
        0.5467115840949216
    ],
    "setting": {
        "algorithm": "best_apriori",
        "dimension": 10,
        "samples": 25,
        "sigma": 0.4,
        "signal": [
            0.8804509063256238,
            0.4402254531628119,
            0.0,
            0.0,
            0.1760901812651248,
            0.0,
            0.0,
            0.0,
            0.0,
            0.0
        ]
    },
    "timestamp": 1685123083.9536924,
    "total_duration": 219.8439028263092,
    "wrong_samples": [
        18,
        16,
        18,
        18,
        14,
        10,
        14,
        19,
        18,
        14,
        15,
        19,
        18,
        10,
        18,
        14,
        15,
        14,
        17,
        11
    ]
}