{
    "reconstruction_errors": [
        0.7767676874455879,
        0.5253964052308657,
        0.8259506240483379,
        0.9161607248434475,
        0.8992618203330024,
        0.6771018681002423,
        0.7591756874666279,
        0.9449372970873311,
        0.7282918394227798,
        0.8112631449091019,
        0.9202212195400381,
        0.867850427144623,
        0.7807770652547068,
        0.8271081451476873,
        0.853588525072918,
        0.9517437777718152,
        0.8954093182184689,
        0.5438936851508624,
        0.9053588885986984,
        0.7106430298904997
    ],
    "setting": {
        "algorithm": "best_apriori",
        "dimension": 15,
        "samples": 70,
        "sigma": 0.4,
        "signal": [
            0.8804509063256238,
            0.4402254531628119,
            0.0,
            0.0,
            0.1760901812651248,
            0.0,
            0.0,
            0.0,
            0.0,
            0.0,
            0.0,
            0.0,
            0.0,
            0.0,
            0.0
        ]
    },
    "timestamp": 1685126287.9882162,
    "total_duration": 14244.108994722366,
    "wrong_samples": [
        52,
        37,
        55,
        54,
        58,
        49,
        49,
        59,
        53,
        56,
        55,
        53,
        51,
        54,
        52,
        57,
        56,
        38,
        56,
        46
    ]
}