{
    "reconstruction_errors": [
        0.5277804437347301,
        0.6176743229178586,
        0.6669173984520359,
        0.2860917126519933,
        0.6419498411511176,
        0.33354018678289943,
        0.7751076488077902,
        0.7002796417751043,
        0.28487495142749436,
        0.2197405597531987,
        0.37458484849263396,
        0.5280995913929817,
        0.5633547260005924,
        0.5646391572049064,
        0.3180620702069933,
        0.3893063883128805,
        0.5908389460240404,
        0.38699319876578714,
        0.4290219041561166,
        0.29355848378409183
    ],
    "setting": {
        "algorithm": "best_apriori",
        "dimension": 5,
        "samples": 15,
        "sigma": 0.4,
        "signal": [
            0.8804509063256238,
            0.4402254531628119,
            0.0,
            0.0,
            0.1760901812651248
        ]
    },
    "timestamp": 1685121596.2616198,
    "total_duration": 9.994936466217041,
    "wrong_samples": [
        8,
        8,
        10,
        6,
        8,
        6,
        6,
        8,
        6,
        1,
        6,
        6,
        7,
        7,
        6,
        8,
        8,
        8,
        7,
        5
    ]
}