{
    "reconstruction_errors": [
        0.835733363016956,
        0.87370272975061,
        0.8656803755423464,
        0.6042204722129412,
        0.9074998388284577,
        0.6589896505512329,
        0.8660614261262336,
        0.772884214186786,
        0.6184475775227959,
        0.8180087635787193,
        0.7118989608972908,
        0.8641494650435448,
        0.5930316583863594,
        0.7866432742886056,
        1.0051713447939503,
        0.7885252942390721,
        0.5742600060370027,
        0.9244606852097929,
        0.775556630849582,
        0.8391955335144567
    ],
    "setting": {
        "algorithm": "best_apriori",
        "dimension": 15,
        "samples": 45,
        "sigma": 0.4,
        "signal": [
            0.8804509063256238,
            0.4402254531628119,
            0.0,
            0.0,
            0.1760901812651248,
            0.0,
            0.0,
            0.0,
            0.0,
            0.0,
            0.0,
            0.0,
            0.0,
            0.0,
            0.0
        ]
    },
    "timestamp": 1685127251.3863907,
    "total_duration": 2473.9181802272797,
    "wrong_samples": [
        33,
        34,
        35,
        28,
        31,
        28,
        36,
        35,
        27,
        34,
        33,
        34,
        24,
        34,
        34,
        33,
        26,
        36,
        33,
        31
    ]
}