{
    "reconstruction_errors": [
        0.27581982195402244,
        0.5098624425722283,
        0.2802648179934361,
        0.6216433423906389,
        0.13658511008678845,
        0.2180989750445808,
        0.47160560657098266,
        0.539069110053915,
        0.5989113135568475,
        0.44040677167865616,
        0.37474864325944,
        0.4312248489959146,
        0.5758027724567377,
        0.3897051805363342,
        0.5307969605437788,
        0.6035665971534523,
        0.5758969662682862,
        0.4300460836854412,
        0.20045324954274665,
        0.44097852075361543
    ],
    "setting": {
        "algorithm": "best_apriori",
        "dimension": 5,
        "samples": 70,
        "sigma": 0.4,
        "signal": [
            0.8804509063256238,
            0.4402254531628119,
            0.0,
            0.0,
            0.1760901812651248
        ]
    },
    "timestamp": 1685121634.0289505,
    "total_duration": 923.4633986949921,
    "wrong_samples": [
        23,
        35,
        30,
        39,
        24,
        23,
        31,
        44,
        39,
        30,
        29,
        36,
        40,
        28,
        36,
        39,
        41,
        35,
        26,
        31
    ]
}