{
    "reconstruction_errors": [
        0.7143137521685772,
        0.7702438620692229,
        0.534601204290099,
        0.4404542319049276,
        0.3357463913512289,
        0.610042973913616,
        0.6794479619483481,
        0.2806117170142869,
        0.7746741163893851,
        0.566729801222684,
        0.5069108652788099,
        0.6936464919875734,
        0.830459653032904,
        0.6930932419294678,
        0.6896262522907753,
        0.4204781324929962,
        0.6057973567705416,
        0.7831690222028632,
        0.8697450308537991,
        0.6419968216702457
    ],
    "setting": {
        "algorithm": "best_apriori",
        "dimension": 10,
        "samples": 45,
        "sigma": 0.4,
        "signal": [
            0.8804509063256238,
            0.4402254531628119,
            0.0,
            0.0,
            0.1760901812651248,
            0.0,
            0.0,
            0.0,
            0.0,
            0.0
        ]
    },
    "timestamp": 1685123083.9556854,
    "total_duration": 1245.8180491924286,
    "wrong_samples": [
        26,
        31,
        22,
        20,
        21,
        26,
        28,
        17,
        29,
        24,
        24,
        31,
        28,
        35,
        28,
        20,
        23,
        30,
        32,
        28
    ]
}