{
    "reconstruction_errors": [
        0.2731564017298704,
        0.4160963904586031,
        0.6018731582753113,
        0.6121074430375183,
        0.684600268108297,
        0.4445399400416576,
        0.24824641758069574,
        0.25593795563447225,
        0.668657510277196,
        0.6999709409872614,
        0.33189112510982016,
        0.6485270072402796,
        0.5614262351098567,
        0.6683960444262234,
        0.700462772772941,
        0.325764974866795,
        0.6728812630067605,
        0.4627597097062027,
        0.41826475484628073,
        0.6114015580920459
    ],
    "setting": {
        "algorithm": "best_apriori",
        "dimension": 5,
        "samples": 25,
        "sigma": 0.5,
        "signal": [
            0.8804509063256238,
            0.4402254531628119,
            0.0,
            0.0,
            0.1760901812651248
        ]
    },
    "timestamp": 1685121596.2715623,
    "total_duration": 45.340065240859985,
    "wrong_samples": [
        10,
        9,
        15,
        12,
        12,
        13,
        8,
        12,
        11,
        15,
        9,
        13,
        14,
        14,
        12,
        4,
        13,
        12,
        10,
        16
    ]
}