{
    "reconstruction_errors": [
        0.9352610463902029,
        0.7550511635758189,
        1.029715757823109,
        1.0213935748751972,
        0.9269505970446217,
        0.7378304798551374,
        0.6126462023695857,
        1.0698199642004227,
        1.13328295058741,
        0.8302779026472665,
        0.9036860968587473,
        0.9856388738036328,
        1.1274109910325614,
        1.1444167534398908,
        0.904583769522465,
        1.0206424413822432,
        0.8141434996714002,
        0.9703670705066672,
        1.004877444251534,
        0.9233836108972496
    ],
    "setting": {
        "algorithm": "best_apriori",
        "dimension": 15,
        "samples": 15,
        "sigma": 0.5,
        "signal": [
            0.8804509063256238,
            0.4402254531628119,
            0.0,
            0.0,
            0.1760901812651248,
            0.0,
            0.0,
            0.0,
            0.0,
            0.0,
            0.0,
            0.0,
            0.0,
            0.0,
            0.0
        ]
    },
    "timestamp": 1685124474.9077992,
    "total_duration": 110.15793776512146,
    "wrong_samples": [
        12,
        10,
        10,
        11,
        11,
        8,
        9,
        11,
        12,
        12,
        10,
        8,
        10,
        11,
        8,
        12,
        10,
        12,
        10,
        10
    ]
}