{
    "reconstruction_errors": [
        0.8790830542597138,
        0.8981391419048372,
        0.6117485997847738,
        0.6326351965098036,
        0.7121828031693571,
        0.7246957072389396,
        0.5677916705210322,
        0.6075815743278468,
        0.7233621149566812,
        0.7932050323217201,
        0.9666169767739634,
        0.8613966351851379,
        0.8664822754715996,
        0.5191487346009788,
        0.9771515556176869,
        0.5839923429429769,
        0.63003563150508,
        0.81323849896382,
        1.0766426391283916,
        0.6702124784114555
    ],
    "setting": {
        "algorithm": "best_apriori",
        "dimension": 10,
        "samples": 25,
        "sigma": 0.5,
        "signal": [
            0.8804509063256238,
            0.4402254531628119,
            0.0,
            0.0,
            0.1760901812651248,
            0.0,
            0.0,
            0.0,
            0.0,
            0.0
        ]
    },
    "timestamp": 1685123083.9546888,
    "total_duration": 218.13561582565308,
    "wrong_samples": [
        19,
        16,
        16,
        15,
        12,
        14,
        14,
        15,
        14,
        18,
        19,
        18,
        16,
        15,
        16,
        17,
        9,
        17,
        20,
        15
    ]
}