{
    "reconstruction_errors": [
        0.845701751932037,
        0.8050386190549101,
        0.7006416157451122,
        0.7085005986850865,
        0.8804028523065517,
        0.9920476747046518,
        0.9518163770954745,
        0.8478598653219148,
        0.8280678387817257,
        0.9916479589396244,
        0.9933989947017262,
        0.9640312599155499,
        0.9708712423405099,
        0.7503490020443941,
        0.9858822608014763,
        1.0755470874549957,
        0.8410902220521774,
        0.8565895780235381,
        0.7348799227017264,
        0.8904602184911609
    ],
    "setting": {
        "algorithm": "best_apriori",
        "dimension": 15,
        "samples": 45,
        "sigma": 0.5,
        "signal": [
            0.8804509063256238,
            0.4402254531628119,
            0.0,
            0.0,
            0.1760901812651248,
            0.0,
            0.0,
            0.0,
            0.0,
            0.0,
            0.0,
            0.0,
            0.0,
            0.0,
            0.0
        ]
    },
    "timestamp": 1685127564.6603873,
    "total_duration": 2799.373131275177,
    "wrong_samples": [
        33,
        32,
        33,
        33,
        30,
        34,
        37,
        31,
        33,
        38,
        36,
        38,
        36,
        25,
        37,
        36,
        29,
        34,
        30,
        29
    ]
}