{
    "reconstruction_errors": [
        0.25066686179703757,
        0.6740186035712931,
        0.5789095327993371,
        0.3046202884521804,
        0.5340652480468445,
        0.2883076585162921,
        0.3809596647041071,
        0.4851633977175412,
        0.5529877483340192,
        0.4959736821316388,
        0.2526789825546295,
        0.5094320052707838,
        0.5239799347886344,
        0.4719555001712389,
        0.7280496098969822,
        0.49519877137399865,
        0.617991885660542,
        0.3490269201768603,
        0.42413033550620993,
        0.46939149722083245
    ],
    "setting": {
        "algorithm": "best_apriori",
        "dimension": 5,
        "samples": 45,
        "sigma": 0.5,
        "signal": [
            0.8804509063256238,
            0.4402254531628119,
            0.0,
            0.0,
            0.1760901812651248
        ]
    },
    "timestamp": 1685121605.561465,
    "total_duration": 265.0595552921295,
    "wrong_samples": [
        21,
        26,
        28,
        17,
        22,
        13,
        15,
        24,
        22,
        22,
        17,
        23,
        21,
        20,
        30,
        20,
        26,
        19,
        18,
        20
    ]
}