{
    "reconstruction_errors": [
        0.2566974794141734,
        0.746844274140632,
        0.5019265802100468,
        0.35121656441666804,
        0.4831366554839021,
        0.16241641343970642,
        0.6076887058855308,
        0.7177966130537037,
        0.744975186459633,
        0.5791156573038673,
        0.6924888457001512,
        0.5624438385644034,
        0.6236330976569989,
        0.4158762887849743,
        0.6250635507723008,
        0.6475688147984461,
        0.3508916280429874,
        0.675438716649698,
        0.6505096414399137,
        0.6535444706103848
    ],
    "setting": {
        "algorithm": "best_apriori",
        "dimension": 5,
        "samples": 70,
        "sigma": 0.5,
        "signal": [
            0.8804509063256238,
            0.4402254531628119,
            0.0,
            0.0,
            0.1760901812651248
        ]
    },
    "timestamp": 1685121636.1695967,
    "total_duration": 1092.8137888908386,
    "wrong_samples": [
        30,
        40,
        38,
        30,
        38,
        26,
        42,
        45,
        45,
        39,
        42,
        42,
        39,
        35,
        38,
        40,
        31,
        41,
        42,
        41
    ]
}