{
    "reconstruction_errors": [
        0.5446156343633316,
        0.31087137951419674,
        0.7012909348980946,
        0.38938428865642927,
        0.7394637444103761,
        0.34747284515288634,
        1.042310873206388,
        0.6056351879044848,
        0.7094917213590326,
        0.47486029134652225,
        0.45611850663253023,
        0.542105048343934,
        0.7264082769139296,
        0.6499457646732819,
        0.583847322536908,
        0.18254662961166102,
        0.5647046351339595,
        0.37461739381474046,
        0.37921593232356415,
        0.48029132546579734
    ],
    "setting": {
        "algorithm": "best_apriori",
        "dimension": 5,
        "samples": 15,
        "sigma": 0.5,
        "signal": [
            0.8804509063256238,
            0.4402254531628119,
            0.0,
            0.0,
            0.1760901812651248
        ]
    },
    "timestamp": 1685121596.2586293,
    "total_duration": 9.892739534378052,
    "wrong_samples": [
        9,
        6,
        9,
        9,
        8,
        5,
        7,
        7,
        7,
        9,
        8,
        7,
        8,
        7,
        8,
        4,
        7,
        7,
        8,
        6
    ]
}