{
    "reconstruction_errors": [
        0.6778389174170663,
        0.6148038910152974,
        0.6110039625816343,
        0.6331976032601196,
        0.5661322214824507,
        0.6784551941716067,
        0.6843275993297412,
        0.3104909282067314,
        0.3284599957377819,
        0.7031389627057202,
        0.32984757395329795,
        0.45913398252612414,
        0.32321694561881176,
        0.3735236945260181,
        0.6188195228434548,
        0.640161536781404,
        0.7269171910189164,
        0.7278356834046873,
        0.6625635559620944,
        0.5709913630982619
    ],
    "setting": {
        "algorithm": "best_apriori",
        "dimension": 5,
        "samples": 100,
        "sigma": 0.5,
        "signal": [
            0.8804509063256238,
            0.4402254531628119,
            0.0,
            0.0,
            0.1760901812651248
        ]
    },
    "timestamp": 1685126433.8432927,
    "total_duration": 3070.560309410095,
    "wrong_samples": [
        64,
        60,
        62,
        58,
        55,
        61,
        51,
        31,
        43,
        57,
        43,
        46,
        32,
        42,
        47,
        49,
        64,
        63,
        62,
        55
    ]
}