{
    "reconstruction_errors": [
        1.0162965249794116,
        1.0235741920593797,
        1.0287663603865516,
        1.0600494343001738,
        1.0145511404813532,
        0.7503555297683586,
        0.8462206298968312,
        0.8386744411671594,
        1.0826675552883507,
        0.9313223863088365,
        0.9722863858232589,
        1.0437645705061145,
        1.068944526300975,
        1.0103517869100687,
        1.1047473095995184,
        1.086669525210433,
        1.0534974915157471,
        0.8935549324531661,
        0.9237320480925086,
        0.9209073781844714
    ],
    "setting": {
        "algorithm": "best_apriori",
        "dimension": 15,
        "samples": 25,
        "sigma": 0.5,
        "signal": [
            0.8804509063256238,
            0.4402254531628119,
            0.0,
            0.0,
            0.1760901812651248,
            0.0,
            0.0,
            0.0,
            0.0,
            0.0,
            0.0,
            0.0,
            0.0,
            0.0,
            0.0
        ]
    },
    "timestamp": 1685129399.2343285,
    "total_duration": 499.7861590385437,
    "wrong_samples": [
        18,
        19,
        20,
        17,
        21,
        19,
        17,
        16,
        21,
        20,
        17,
        17,
        19,
        19,
        19,
        20,
        21,
        18,
        21,
        20
    ]
}