{
    "reconstruction_errors": [
        0.7660993256527174,
        0.3903383899528158,
        0.8059407360174394,
        0.7564956999921498,
        0.8665542479119572,
        0.9068011624299959,
        0.9012815061346029,
        1.0626192613485665,
        0.868258055973328,
        0.746887825014224,
        0.978678663123282,
        0.6179899638373135,
        1.1450537946328485,
        0.6554651331543262,
        0.9851244363455992,
        0.701260360347292,
        0.7268140425016885,
        1.0448843246890205,
        0.7597055728379951,
        0.6223556045223043
    ],
    "setting": {
        "algorithm": "best_apriori",
        "dimension": 10,
        "samples": 15,
        "sigma": 0.5,
        "signal": [
            0.8804509063256238,
            0.4402254531628119,
            0.0,
            0.0,
            0.1760901812651248,
            0.0,
            0.0,
            0.0,
            0.0,
            0.0
        ]
    },
    "timestamp": 1685122652.48568,
    "total_duration": 57.4552640914917,
    "wrong_samples": [
        10,
        5,
        7,
        11,
        10,
        10,
        10,
        11,
        11,
        9,
        10,
        6,
        11,
        9,
        9,
        8,
        9,
        12,
        8,
        8
    ]
}