{
    "reconstruction_errors": [
        0.8670832835126742,
        0.4404785657873038,
        0.5732487015970452,
        0.5032466510714186,
        0.4433929591581116,
        0.852134775516229,
        0.7079190207485305,
        0.4275794456730467,
        0.7320901351239786,
        1.1140815134317485,
        0.7174024791216029,
        0.7769146534433431,
        0.7687949527131742,
        0.7134825020881855,
        0.5667950221855473,
        0.8535922446035172,
        0.8756099655158458,
        0.8004856709890041,
        0.3943816657294887,
        0.8561467782199461
    ],
    "setting": {
        "algorithm": "best_apriori",
        "dimension": 10,
        "samples": 70,
        "sigma": 0.5,
        "signal": [
            0.8804509063256238,
            0.4402254531628119,
            0.0,
            0.0,
            0.1760901812651248,
            0.0,
            0.0,
            0.0,
            0.0,
            0.0
        ]
    },
    "timestamp": 1685127453.902077,
    "total_duration": 5364.224046468735,
    "wrong_samples": [
        50,
        33,
        42,
        42,
        34,
        44,
        44,
        31,
        44,
        56,
        48,
        47,
        48,
        45,
        38,
        54,
        55,
        49,
        33,
        48
    ]
}