{
    "reconstruction_errors": [
        0.4172237742328296,
        0.6328218029672107,
        0.7443178034684852,
        0.6253779116615942,
        0.5888584790005272,
        0.6798206926273196,
        0.8297995908986658,
        0.8039127490975116,
        0.3912208642570393,
        0.7737810844307724,
        1.0044190774888495,
        0.8266119347233055,
        0.7534771393646815,
        0.8101713365741241,
        0.5242919974358707,
        0.6636916906463104,
        0.5842526943695845,
        0.5802812884108326,
        0.8843918015325958,
        0.45536214178975
    ],
    "setting": {
        "algorithm": "best_apriori",
        "dimension": 10,
        "samples": 45,
        "sigma": 0.5,
        "signal": [
            0.8804509063256238,
            0.4402254531628119,
            0.0,
            0.0,
            0.1760901812651248,
            0.0,
            0.0,
            0.0,
            0.0,
            0.0
        ]
    },
    "timestamp": 1685123302.0952883,
    "total_duration": 1213.3529562950134,
    "wrong_samples": [
        23,
        30,
        29,
        28,
        28,
        33,
        33,
        29,
        19,
        31,
        35,
        29,
        30,
        33,
        25,
        28,
        23,
        23,
        33,
        28
    ]
}