{
    "reconstruction_errors": [
        1.1035092242994107,
        0.8549030231647935,
        0.9989598430637397,
        0.9553327655674416,
        0.8106208615496071,
        0.8789644951611495,
        0.9948993960474953,
        0.5585304716104068,
        0.6588613724866922,
        0.8281573233949616,
        0.9225829862930849,
        0.8165652138102228,
        0.8115223973676137,
        0.8054606093488593,
        0.7978730511310349,
        0.9333869490653183,
        1.0021004709691226,
        0.9769828922234229,
        0.9613609860680474,
        0.6951026118674037
    ],
    "setting": {
        "algorithm": "best_apriori",
        "dimension": 15,
        "samples": 100,
        "sigma": 0.5,
        "signal": [
            0.8804509063256238,
            0.4402254531628119,
            0.0,
            0.0,
            0.1760901812651248,
            0.0,
            0.0,
            0.0,
            0.0,
            0.0,
            0.0,
            0.0,
            0.0,
            0.0,
            0.0
        ]
    },
    "timestamp": 1685144326.8827724,
    "total_duration": 23004.836367845535,
    "wrong_samples": [
        86,
        69,
        82,
        77,
        68,
        75,
        79,
        60,
        61,
        78,
        83,
        65,
        71,
        69,
        78,
        76,
        85,
        74,
        81,
        71
    ]
}