{
    "reconstruction_errors": [
        0.671417613644418,
        0.7546475053040588,
        0.6482092549773625,
        0.7267094448617507,
        0.8970454940991286,
        0.605054994284937,
        1.049092815094394,
        0.9489811639649424,
        0.8567254163003072,
        0.678588891040795,
        0.7996292683050094,
        1.0204479194742229,
        0.820608487002542,
        0.6571702442178748,
        0.8983537077381255,
        0.871095311108237,
        0.9471962871783324,
        0.8162224597137995,
        0.726391775860571,
        0.9486804964405349
    ],
    "setting": {
        "algorithm": "best_apriori",
        "dimension": 10,
        "samples": 100,
        "sigma": 0.5,
        "signal": [
            0.8804509063256238,
            0.4402254531628119,
            0.0,
            0.0,
            0.1760901812651248,
            0.0,
            0.0,
            0.0,
            0.0,
            0.0
        ]
    },
    "timestamp": 1685141125.2393205,
    "total_duration": 13097.43638586998,
    "wrong_samples": [
        66,
        66,
        62,
        71,
        80,
        56,
        82,
        81,
        74,
        68,
        69,
        76,
        74,
        60,
        74,
        75,
        79,
        65,
        66,
        80
    ]
}