{
    "reconstruction_errors": [
        1.0250177840921564,
        0.9668557585901222,
        0.998091106113864,
        0.8227776301573099,
        1.0097815409941295,
        0.9536555338871211,
        0.9358610683669392,
        0.973120685135537,
        0.5968059139092723,
        1.0305944322557883,
        0.8543047648315029,
        1.0024578883728943,
        1.0311803994403095,
        0.8379912919303513,
        0.7666109959286943,
        0.8697258013832232,
        1.0357773187232304,
        0.7765166329666086,
        0.9775208294448351,
        0.9884427064929638
    ],
    "setting": {
        "algorithm": "best_apriori",
        "dimension": 15,
        "samples": 70,
        "sigma": 0.5,
        "signal": [
            0.8804509063256238,
            0.4402254531628119,
            0.0,
            0.0,
            0.1760901812651248,
            0.0,
            0.0,
            0.0,
            0.0,
            0.0,
            0.0,
            0.0,
            0.0,
            0.0,
            0.0
        ]
    },
    "timestamp": 1685140532.1011972,
    "total_duration": 13313.186450242996,
    "wrong_samples": [
        53,
        57,
        55,
        43,
        55,
        53,
        53,
        58,
        42,
        57,
        52,
        57,
        58,
        50,
        44,
        52,
        59,
        41,
        59,
        57
    ]
}