{
    "reconstruction_errors": [
        1.3597399555105182e-16,
        1.3597399555105182e-16,
        1.3597399555105182e-16,
        1.3597399555105182e-16,
        1.3597399555105182e-16,
        1.3597399555105182e-16,
        1.3597399555105182e-16,
        1.3597399555105182e-16,
        1.3597399555105182e-16,
        1.3597399555105182e-16,
        1.3597399555105182e-16,
        1.3597399555105182e-16,
        1.3597399555105182e-16,
        1.3597399555105182e-16,
        1.3597399555105182e-16,
        1.3597399555105182e-16,
        1.3597399555105182e-16,
        1.3597399555105182e-16,
        1.3597399555105182e-16,
        1.3597399555105182e-16
    ],
    "setting": {
        "algorithm": "sync_mra",
        "dimension": 10,
        "samples": 15,
        "sigma": 0.0,
        "signal": [
            0.8804509063256238,
            0.4402254531628119,
            0.0,
            0.0,
            0.1760901812651248,
            0.0,
            0.0,
            0.0,
            0.0,
            0.0
        ]
    },
    "timestamp": 1688832966.5379398,
    "total_duration": 5.716073989868164,
    "wrong_samples": [
        0,
        0,
        0,
        0,
        0,
        0,
        0,
        0,
        0,
        0,
        0,
        0,
        0,
        0,
        0,
        0,
        0,
        0,
        0,
        0
    ]
}