{
    "reconstruction_errors": [
        1.4946834900704541e-16,
        1.4946834900704541e-16,
        1.4946834900704541e-16,
        1.4946834900704541e-16,
        1.4946834900704541e-16,
        1.4946834900704541e-16,
        1.4946834900704541e-16,
        1.4946834900704541e-16,
        1.4946834900704541e-16,
        1.4946834900704541e-16,
        1.4946834900704541e-16,
        1.4946834900704541e-16,
        1.4946834900704541e-16,
        1.4946834900704541e-16,
        1.4946834900704541e-16,
        1.4946834900704541e-16,
        1.4946834900704541e-16,
        1.4946834900704541e-16,
        1.4946834900704541e-16,
        1.4946834900704541e-16
    ],
    "setting": {
        "algorithm": "sync_mra",
        "dimension": 15,
        "samples": 25,
        "sigma": 0.0,
        "signal": [
            0.8804509063256238,
            0.4402254531628119,
            0.0,
            0.0,
            0.1760901812651248,
            0.0,
            0.0,
            0.0,
            0.0,
            0.0,
            0.0,
            0.0,
            0.0,
            0.0,
            0.0
        ]
    },
    "timestamp": 1688832972.229098,
    "total_duration": 4.629063367843628,
    "wrong_samples": [
        0,
        0,
        0,
        0,
        0,
        0,
        0,
        0,
        0,
        0,
        0,
        0,
        0,
        0,
        0,
        0,
        0,
        0,
        0,
        0
    ]
}