{
    "reconstruction_errors": [
        0.08149128837718653,
        0.09641604999864901,
        0.11321346328383868,
        0.10800968490159603,
        0.10630491565599705,
        0.10349313088093592,
        0.07642081839408689,
        0.08579124121783602,
        0.11512234731164364,
        0.06940757299439701,
        0.10634478543380542,
        0.10179051942158451,
        0.12523556908826453,
        0.08666684183315566,
        0.11023532958450052,
        0.09597626965527854,
        0.12359708492844802,
        0.10900722365252137,
        0.1049936750130467,
        0.0971566222561418
    ],
    "setting": {
        "algorithm": "sync_mra",
        "dimension": 15,
        "samples": 15,
        "sigma": 0.1,
        "signal": [
            0.8804509063256238,
            0.4402254531628119,
            0.0,
            0.0,
            0.1760901812651248,
            0.0,
            0.0,
            0.0,
            0.0,
            0.0,
            0.0,
            0.0,
            0.0,
            0.0,
            0.0
        ]
    },
    "timestamp": 1688832966.5479064,
    "total_duration": 6.497560977935791,
    "wrong_samples": [
        0,
        0,
        0,
        0,
        0,
        0,
        0,
        0,
        0,
        0,
        0,
        0,
        0,
        0,
        0,
        0,
        0,
        0,
        0,
        0
    ]
}