{
    "reconstruction_errors": [
        0.03823915636551316,
        0.04920522413104331,
        0.03075056537305307,
        0.03943857760183136,
        0.03214848637838484,
        0.0275380348593958,
        0.03039062949980217,
        0.028237212921071345,
        0.043712970608889255,
        0.0500243024635906,
        0.039245546682694275,
        0.04800292561830243,
        0.042032703587408266,
        0.03747054097975222,
        0.04177491818044423,
        0.04873899106031204,
        0.046309713074865456,
        0.04604845325452679,
        0.043019470875249696,
        0.03141653746672307
    ],
    "setting": {
        "algorithm": "sync_mra",
        "dimension": 15,
        "samples": 100,
        "sigma": 0.1,
        "signal": [
            0.8804509063256238,
            0.4402254531628119,
            0.0,
            0.0,
            0.1760901812651248,
            0.0,
            0.0,
            0.0,
            0.0,
            0.0,
            0.0,
            0.0,
            0.0,
            0.0,
            0.0
        ]
    },
    "timestamp": 1688833007.995309,
    "total_duration": 27.80039668083191,
    "wrong_samples": [
        0,
        0,
        0,
        0,
        0,
        0,
        0,
        0,
        0,
        0,
        0,
        0,
        0,
        0,
        0,
        0,
        0,
        0,
        0,
        0
    ]
}