{
    "reconstruction_errors": [
        0.047272273083387474,
        0.049342539327792576,
        0.07812695281267532,
        0.05596928023295497,
        0.06416775605746021,
        0.04561825715655763,
        0.06268143367164347,
        0.07625931863298759,
        0.06251663978937115,
        0.045974590800194635,
        0.07349806215368047,
        0.08144197956030344,
        0.050653579494463835,
        0.051069651115409474,
        0.06156573696040316,
        0.07767439685470028,
        0.05371626645815977,
        0.07824467916414352,
        0.06550831354751126,
        0.03910840644580001
    ],
    "setting": {
        "algorithm": "sync_mra",
        "dimension": 10,
        "samples": 100,
        "sigma": 0.2,
        "signal": [
            0.8804509063256238,
            0.4402254531628119,
            0.0,
            0.0,
            0.1760901812651248,
            0.0,
            0.0,
            0.0,
            0.0,
            0.0
        ]
    },
    "timestamp": 1688832972.2570038,
    "total_duration": 36.75804948806763,
    "wrong_samples": [
        1,
        0,
        0,
        0,
        0,
        1,
        1,
        0,
        2,
        0,
        0,
        2,
        1,
        0,
        1,
        1,
        0,
        1,
        0,
        2
    ]
}