{
    "reconstruction_errors": [
        0.1623370081865227,
        0.09488464169664035,
        0.05412985074753324,
        0.10768757943235133,
        0.1320842432963728,
        0.09798110840915691,
        0.009651024495784727,
        0.06306990691747484,
        0.1633849292372177,
        0.12635171763156203,
        0.2849307387431088,
        0.08921451591869244,
        0.12257063822680543,
        0.06944235701919584,
        0.09447287605740352,
        0.10308700245394321,
        0.16366014961093375,
        0.11227318334988214,
        0.1157804297899355,
        0.09981127433806199
    ],
    "setting": {
        "algorithm": "sync_mra",
        "dimension": 5,
        "samples": 25,
        "sigma": 0.2,
        "signal": [
            0.8804509063256238,
            0.4402254531628119,
            0.0,
            0.0,
            0.1760901812651248
        ]
    },
    "timestamp": 1688832889.6157608,
    "total_duration": 0.20632529258728027,
    "wrong_samples": [
        2,
        3,
        1,
        1,
        3,
        1,
        0,
        2,
        1,
        2,
        7,
        2,
        1,
        1,
        0,
        0,
        3,
        2,
        0,
        2
    ]
}