{
    "reconstruction_errors": [
        0.20434922937518596,
        0.5331475306805935,
        0.34761663633690465,
        0.2700242122539898,
        0.4182304680241363,
        0.25873282720233987,
        0.19105204598521716,
        0.21447810304459,
        0.28780586827910914,
        0.15382673403044933,
        0.2658619635845134,
        0.4355824711706376,
        0.3130889227206613,
        0.512921178422573,
        0.27558832396125127,
        0.26709937001399336,
        0.34676702574779505,
        0.27251805913130345,
        0.3113936290090899,
        0.3006852197568795
    ],
    "setting": {
        "algorithm": "sync_mra",
        "dimension": 15,
        "samples": 15,
        "sigma": 0.25,
        "signal": [
            0.8804509063256238,
            0.4402254531628119,
            0.0,
            0.0,
            0.1760901812651248,
            0.0,
            0.0,
            0.0,
            0.0,
            0.0,
            0.0,
            0.0,
            0.0,
            0.0,
            0.0
        ]
    },
    "timestamp": 1688832973.0484571,
    "total_duration": 2.4301486015319824,
    "wrong_samples": [
        2,
        7,
        2,
        0,
        4,
        0,
        0,
        0,
        0,
        1,
        0,
        5,
        0,
        9,
        0,
        2,
        2,
        0,
        1,
        1
    ]
}