{
    "reconstruction_errors": [
        0.15438778965702288,
        0.15736602250091936,
        0.2500149761394983,
        0.21980588005819676,
        0.16464336912464766,
        0.24989513722180318,
        0.18683082889188057,
        0.13333003682388353,
        0.22484192077032555,
        0.1950952459231085,
        0.2233235148300385,
        0.1407643731856048,
        0.16668862894307218,
        0.18415775638497286,
        0.20679660267220967,
        0.1286621167336878,
        0.187913303818065,
        0.15414856938490246,
        0.2330873252583605,
        0.4375288986696784
    ],
    "setting": {
        "algorithm": "sync_mra",
        "dimension": 10,
        "samples": 15,
        "sigma": 0.25,
        "signal": [
            0.8804509063256238,
            0.4402254531628119,
            0.0,
            0.0,
            0.1760901812651248,
            0.0,
            0.0,
            0.0,
            0.0,
            0.0
        ]
    },
    "timestamp": 1688832966.5548835,
    "total_duration": 5.67022705078125,
    "wrong_samples": [
        1,
        1,
        2,
        0,
        1,
        0,
        0,
        2,
        3,
        1,
        0,
        0,
        3,
        1,
        0,
        2,
        2,
        0,
        2,
        4
    ]
}