{
    "reconstruction_errors": [
        0.04313553725979136,
        0.1061081674290097,
        0.1102246049436928,
        0.09628465330055393,
        0.08466113356528736,
        0.0376835777484193,
        0.08995313788008474,
        0.2413261139494061,
        0.06203802514345964,
        0.15621648540337824,
        0.14256895003431033,
        0.21959496280670388,
        0.14601784788767372,
        0.11367041437749777,
        0.16945766093917095,
        0.03816854744304819,
        0.13447100780288,
        0.09023235432709502,
        0.10294687937746946,
        0.10051181485411988
    ],
    "setting": {
        "algorithm": "sync_mra",
        "dimension": 5,
        "samples": 45,
        "sigma": 0.25,
        "signal": [
            0.8804509063256238,
            0.4402254531628119,
            0.0,
            0.0,
            0.1760901812651248
        ]
    },
    "timestamp": 1688832893.4282103,
    "total_duration": 0.9444234371185303,
    "wrong_samples": [
        6,
        6,
        6,
        2,
        10,
        1,
        1,
        9,
        2,
        7,
        3,
        11,
        6,
        0,
        8,
        3,
        6,
        5,
        1,
        1
    ]
}