{
    "reconstruction_errors": [
        0.10325733859861445,
        0.1390402959855621,
        0.10641392001885182,
        0.0694503126573613,
        0.09503641673805618,
        0.11435696584164562,
        0.06861852634774074,
        0.11050757176499146,
        0.13159832105297417,
        0.08213573812633931,
        0.0849421649547569,
        0.09019176983078958,
        0.09042488849979045,
        0.1972202710234826,
        0.08530554627170726,
        0.12615329003665596,
        0.09358969953909006,
        0.07710354555783658,
        0.33363814307282547,
        0.11626141698414272
    ],
    "setting": {
        "algorithm": "sync_mra",
        "dimension": 10,
        "samples": 70,
        "sigma": 0.25,
        "signal": [
            0.8804509063256238,
            0.4402254531628119,
            0.0,
            0.0,
            0.1760901812651248,
            0.0,
            0.0,
            0.0,
            0.0,
            0.0
        ]
    },
    "timestamp": 1688832972.4802809,
    "total_duration": 19.766558408737183,
    "wrong_samples": [
        8,
        7,
        8,
        3,
        1,
        6,
        2,
        7,
        3,
        6,
        2,
        3,
        1,
        13,
        2,
        1,
        1,
        5,
        25,
        6
    ]
}