{
    "reconstruction_errors": [
        0.10794908403046496,
        0.18674690804438127,
        0.0891278820950692,
        0.15273184517536517,
        0.25558994505296884,
        0.08882352785224056,
        0.09700154628715789,
        0.1381319801258935,
        0.1627218956706427,
        0.10043797055774428,
        0.2648157229406437,
        0.052849309833591436,
        0.2511001362964579,
        0.12034611579543891,
        0.08417320483761573,
        0.04792261703081001,
        0.21940920318845075,
        0.1163145849341069,
        0.12951456814383844,
        0.12438180826864609
    ],
    "setting": {
        "algorithm": "sync_mra",
        "dimension": 5,
        "samples": 45,
        "sigma": 0.3,
        "signal": [
            0.8804509063256238,
            0.4402254531628119,
            0.0,
            0.0,
            0.1760901812651248
        ]
    },
    "timestamp": 1688832894.3766372,
    "total_duration": 0.9606633186340332,
    "wrong_samples": [
        10,
        7,
        6,
        6,
        21,
        5,
        2,
        9,
        6,
        4,
        10,
        8,
        10,
        7,
        4,
        6,
        10,
        6,
        3,
        2
    ]
}