{
    "reconstruction_errors": [
        0.30826779965582946,
        0.22959967279757196,
        0.24095306890740398,
        0.3352145995885763,
        0.15719698609465144,
        0.168056693058212,
        0.21766110757136864,
        0.5006237128466126,
        0.3290395579874158,
        0.21812088960872836,
        0.2365958205813219,
        0.7071233810354215,
        0.1766850141330233,
        0.1701964975450919,
        0.2734957307450274,
        0.1965309836514061,
        0.1565360464405101,
        0.2834591565299287,
        0.2215753086568032,
        0.20539693812873755
    ],
    "setting": {
        "algorithm": "sync_mra",
        "dimension": 15,
        "samples": 45,
        "sigma": 0.3,
        "signal": [
            0.8804509063256238,
            0.4402254531628119,
            0.0,
            0.0,
            0.1760901812651248,
            0.0,
            0.0,
            0.0,
            0.0,
            0.0,
            0.0,
            0.0,
            0.0,
            0.0,
            0.0
        ]
    },
    "timestamp": 1688832975.293203,
    "total_duration": 13.69148063659668,
    "wrong_samples": [
        11,
        8,
        10,
        11,
        2,
        2,
        8,
        21,
        16,
        9,
        10,
        25,
        3,
        4,
        6,
        3,
        6,
        14,
        3,
        7
    ]
}