{
    "reconstruction_errors": [
        0.26219696694852,
        0.20519353523327644,
        0.8343317729340218,
        0.1567859022837579,
        0.1955675006372145,
        0.40544804127037315,
        0.20168126507734938,
        0.3382887017724175,
        0.26868519648991424,
        0.24398957508914287,
        0.461248171505366,
        0.33900572757846154,
        0.3494874801525311,
        0.3312750213860122,
        0.20826727412657586,
        0.4801609042096542,
        0.16565344987558675,
        0.22534902244041205,
        0.8238077764950237,
        0.7262998979969697
    ],
    "setting": {
        "algorithm": "sync_mra",
        "dimension": 10,
        "samples": 70,
        "sigma": 0.4,
        "signal": [
            0.8804509063256238,
            0.4402254531628119,
            0.0,
            0.0,
            0.1760901812651248,
            0.0,
            0.0,
            0.0,
            0.0,
            0.0
        ]
    },
    "timestamp": 1688832981.733967,
    "total_duration": 17.779730558395386,
    "wrong_samples": [
        22,
        16,
        49,
        16,
        19,
        34,
        18,
        22,
        15,
        21,
        31,
        21,
        31,
        27,
        24,
        33,
        19,
        23,
        48,
        48
    ]
}