{
    "reconstruction_errors": [
        0.737863396134134,
        0.44756980317536293,
        0.46613545651106447,
        0.4697228013755962,
        0.3947593210892156,
        0.28764179650239263,
        0.29088265334658636,
        0.7639725465657514,
        0.43189512778076483,
        0.5879568599102281,
        0.46023095582009066,
        0.6843635646567742,
        0.36716553230715043,
        0.4979678170520967,
        0.5047732505515051,
        0.6062359371166463,
        0.2108553350197087,
        0.46286063094738716,
        0.8621492638276691,
        0.22863478808934956
    ],
    "setting": {
        "algorithm": "sync_mra",
        "dimension": 15,
        "samples": 70,
        "sigma": 0.4,
        "signal": [
            0.8804509063256238,
            0.4402254531628119,
            0.0,
            0.0,
            0.1760901812651248,
            0.0,
            0.0,
            0.0,
            0.0,
            0.0,
            0.0,
            0.0,
            0.0,
            0.0,
            0.0
        ]
    },
    "timestamp": 1688832994.6058307,
    "total_duration": 23.90743136405945,
    "wrong_samples": [
        52,
        40,
        44,
        32,
        38,
        27,
        27,
        49,
        30,
        44,
        34,
        43,
        34,
        36,
        33,
        38,
        25,
        31,
        50,
        21
    ]
}