{
    "reconstruction_errors": [
        0.26272956323920993,
        0.268985336851148,
        0.5455070928983069,
        0.649999758368071,
        0.3780959169106942,
        0.513820579176452,
        0.354176811614989,
        0.4727809740705179,
        0.8624854109333289,
        0.3001572521354394,
        0.911466685538404,
        0.5193362440541057,
        0.45556957512608665,
        0.41360551629730796,
        0.4659868900046342,
        0.8456832292054831,
        0.39660994192859544,
        0.5143484034450596,
        0.6668950348759507,
        0.8744882335958106
    ],
    "setting": {
        "algorithm": "sync_mra",
        "dimension": 10,
        "samples": 15,
        "sigma": 0.4,
        "signal": [
            0.8804509063256238,
            0.4402254531628119,
            0.0,
            0.0,
            0.1760901812651248,
            0.0,
            0.0,
            0.0,
            0.0,
            0.0
        ]
    },
    "timestamp": 1688832966.5379398,
    "total_duration": 5.762919664382935,
    "wrong_samples": [
        4,
        2,
        6,
        8,
        3,
        3,
        1,
        7,
        11,
        3,
        9,
        8,
        8,
        6,
        3,
        10,
        5,
        6,
        10,
        8
    ]
}