{
    "reconstruction_errors": [
        0.7732150014922685,
        0.7075227400123474,
        1.0458465350846278,
        0.49286783078274937,
        0.7580982321076473,
        0.5747041723217104,
        0.5863424783004811,
        0.8795986240687156,
        0.8978794444761405,
        0.7702098134406064,
        0.7195033857586952,
        0.8274149761826565,
        0.6694354977679632,
        0.7820596384051031,
        0.6271942447886222,
        0.45043458331017017,
        0.7784042409172575,
        0.7289627271886034,
        0.6951112001392011,
        0.529839610019264
    ],
    "setting": {
        "algorithm": "sync_mra",
        "dimension": 15,
        "samples": 15,
        "sigma": 0.4,
        "signal": [
            0.8804509063256238,
            0.4402254531628119,
            0.0,
            0.0,
            0.1760901812651248,
            0.0,
            0.0,
            0.0,
            0.0,
            0.0,
            0.0,
            0.0,
            0.0,
            0.0,
            0.0
        ]
    },
    "timestamp": 1688832971.9714253,
    "total_duration": 2.5717031955718994,
    "wrong_samples": [
        9,
        6,
        11,
        3,
        8,
        5,
        6,
        9,
        9,
        10,
        8,
        9,
        6,
        11,
        4,
        2,
        8,
        9,
        6,
        2
    ]
}