{
    "reconstruction_errors": [
        0.7131565413595654,
        0.21223713075010148,
        0.8523809676540995,
        0.4162452162338304,
        0.7571241536948674,
        0.7926036416177688,
        0.5987060940698008,
        0.7880149752809829,
        0.5697979058136576,
        0.7791219322653135,
        0.5478967700533764,
        0.6247259502782038,
        0.7601517785254097,
        0.514304314462832,
        0.4159303931124147,
        0.35333694565073487,
        0.7995463293372966,
        0.5701314368190937,
        0.4129220285371855,
        0.44470600321358345
    ],
    "setting": {
        "algorithm": "sync_mra",
        "dimension": 10,
        "samples": 100,
        "sigma": 0.5,
        "signal": [
            0.8804509063256238,
            0.4402254531628119,
            0.0,
            0.0,
            0.1760901812651248,
            0.0,
            0.0,
            0.0,
            0.0,
            0.0
        ]
    },
    "timestamp": 1688832974.4957762,
    "total_duration": 36.948540687561035,
    "wrong_samples": [
        64,
        41,
        76,
        44,
        71,
        66,
        48,
        70,
        61,
        77,
        49,
        66,
        77,
        59,
        55,
        51,
        71,
        57,
        46,
        52
    ]
}