{
    "reconstruction_errors": [
        0.9883348311408829,
        1.0994132327705748,
        1.0512927085454356,
        0.991615890386366,
        0.8494216334897596,
        0.7924475569739344,
        0.7966327845414033,
        1.1118576604544241,
        0.9622138733176487,
        0.6021152675243855,
        0.9565296334580405,
        0.6779082223473222,
        0.6648103373956026,
        0.8738778427813774,
        0.8505466536308776,
        0.9321187295608658,
        1.022854386952001,
        1.0341967732604878,
        1.1497081444802295,
        0.9563101867206363
    ],
    "setting": {
        "algorithm": "sync_mra",
        "dimension": 15,
        "samples": 25,
        "sigma": 0.5,
        "signal": [
            0.8804509063256238,
            0.4402254531628119,
            0.0,
            0.0,
            0.1760901812651248,
            0.0,
            0.0,
            0.0,
            0.0,
            0.0,
            0.0,
            0.0,
            0.0,
            0.0,
            0.0
        ]
    },
    "timestamp": 1688833009.0290065,
    "total_duration": 3.322916030883789,
    "wrong_samples": [
        18,
        18,
        17,
        16,
        19,
        14,
        15,
        16,
        20,
        15,
        19,
        14,
        17,
        16,
        13,
        18,
        18,
        19,
        19,
        15
    ]
}