{
    "reconstruction_errors": [
        0.5147898611241427,
        0.5535974830993668,
        0.7121921675743277,
        0.6683111158575085,
        0.5988653721185141,
        0.5656535318989165,
        0.5944459617869057,
        0.4746337799232689,
        0.8611467633037635,
        0.7645580717563817,
        0.6840547644259928,
        0.5768726971323649,
        0.5443990640168995,
        0.9198591314841786,
        0.9187945544386806,
        0.5515366900089985,
        0.8435538510422971,
        0.8431401841096031,
        0.9151226069871717,
        0.6093022435578253
    ],
    "setting": {
        "algorithm": "sync_mra",
        "dimension": 10,
        "samples": 45,
        "sigma": 0.5,
        "signal": [
            0.8804509063256238,
            0.4402254531628119,
            0.0,
            0.0,
            0.1760901812651248,
            0.0,
            0.0,
            0.0,
            0.0,
            0.0
        ]
    },
    "timestamp": 1688832966.5379398,
    "total_duration": 15.185551881790161,
    "wrong_samples": [
        28,
        25,
        27,
        28,
        20,
        22,
        25,
        21,
        32,
        31,
        29,
        27,
        23,
        32,
        33,
        26,
        33,
        30,
        33,
        32
    ]
}