{
    "reconstruction_errors": [
        0.3759239586274943,
        0.3795923450661771,
        0.14880902025919063,
        0.20235204083872366,
        0.318687408104904,
        0.22029020942667885,
        0.3381916591262038,
        0.28271570159024856,
        0.22745806262520185,
        0.49339534026713183,
        0.722905133648194,
        0.3392443586463493,
        0.16642525899687566,
        0.3402211054988902,
        0.6147003984999712,
        0.5496518666310244,
        0.48448272833577366,
        0.5780575290518588,
        0.41098192603450456,
        0.4213973620664375
    ],
    "setting": {
        "algorithm": "sync_mra",
        "dimension": 5,
        "samples": 70,
        "sigma": 0.5,
        "signal": [
            0.8804509063256238,
            0.4402254531628119,
            0.0,
            0.0,
            0.1760901812651248
        ]
    },
    "timestamp": 1688832909.7464824,
    "total_duration": 2.107595682144165,
    "wrong_samples": [
        26,
        30,
        29,
        22,
        26,
        25,
        29,
        31,
        27,
        36,
        46,
        40,
        34,
        38,
        33,
        40,
        39,
        48,
        34,
        40
    ]
}