{
    "reconstruction_errors": [
        5.155369359468229e-16,
        5.155369359468229e-16,
        5.155369359468229e-16,
        5.155369359468229e-16,
        5.155369359468229e-16,
        5.155369359468229e-16,
        5.155369359468229e-16,
        5.155369359468229e-16,
        5.155369359468229e-16,
        5.155369359468229e-16,
        5.155369359468229e-16,
        5.155369359468229e-16,
        5.155369359468229e-16,
        5.155369359468229e-16,
        5.155369359468229e-16,
        5.155369359468229e-16,
        5.155369359468229e-16,
        5.155369359468229e-16,
        5.155369359468229e-16,
        5.155369359468229e-16
    ],
    "setting": {
        "algorithm": "measure_best_apriori",
        "dimension": 5,
        "samples": 45,
        "sigma": 0.0,
        "signal": [
            0.8804509063256238,
            0.4402254531628119,
            0.0,
            0.0,
            0.1760901812651248
        ]
    },
    "timestamp": 1685225327.060732,
    "total_duration": 16.905580520629883,
    "wrong_samples": [
        0,
        0,
        0,
        0,
        0,
        0,
        0,
        0,
        0,
        0,
        0,
        0,
        0,
        0,
        0,
        0,
        0,
        0,
        0,
        0
    ]
}