{
    "reconstruction_errors": [
        0.04807316691135996,
        0.039058089537427315,
        0.041117099955572736,
        0.023854832090693133,
        0.07737900956675688,
        0.041491001640755115,
        0.08823735785523024,
        0.04111444428107044,
        0.07598081476568004,
        0.03940689548504948,
        0.05063929940162157,
        0.06604932093589048,
        0.06659040592865452,
        0.040585758297252576,
        0.07763594376839143,
        0.04627932003367247,
        0.07620308349206394,
        0.0747891605239353,
        0.0352616330873011,
        0.0558124371452626
    ],
    "setting": {
        "algorithm": "measure_best_apriori",
        "dimension": 5,
        "samples": 15,
        "sigma": 0.1,
        "signal": [
            0.8804509063256238,
            0.4402254531628119,
            0.0,
            0.0,
            0.1760901812651248
        ]
    },
    "timestamp": 1685225327.0637217,
    "total_duration": 5.385534286499023,
    "wrong_samples": [
        0,
        0,
        0,
        0,
        0,
        0,
        0,
        0,
        0,
        0,
        0,
        0,
        0,
        0,
        0,
        0,
        0,
        0,
        0,
        0
    ]
}