{
    "reconstruction_errors": [
        0.04313553725979136,
        0.14365840046970157,
        0.0821274708584594,
        0.09628465330055393,
        0.059149584826340355,
        0.02960069928692463,
        0.08995313788008474,
        0.08942996050751274,
        0.06666063769831405,
        0.0885985613091684,
        0.15239070864278428,
        0.0925269805325367,
        0.13023903511496965,
        0.11367041437749777,
        0.06645471598720051,
        0.033755809971346765,
        0.10787348437199804,
        0.07755690836098093,
        0.10294687937746946,
        0.0975640695119266
    ],
    "setting": {
        "algorithm": "measure_best_apriori",
        "dimension": 5,
        "samples": 45,
        "sigma": 0.25,
        "signal": [
            0.8804509063256238,
            0.4402254531628119,
            0.0,
            0.0,
            0.1760901812651248
        ]
    },
    "timestamp": 1685225327.0696998,
    "total_duration": 143.6632251739502,
    "wrong_samples": [
        6,
        5,
        4,
        2,
        3,
        0,
        1,
        4,
        1,
        3,
        5,
        6,
        5,
        0,
        3,
        4,
        4,
        4,
        1,
        0
    ]
}