{
    "reconstruction_errors": [
        0.05468538152682827,
        0.07750176799261776,
        0.05085377487023964,
        0.05694695352748337,
        0.05459151332637152,
        0.083971902678785,
        0.057696900348164847,
        0.04234634581544363,
        0.08094351322397672,
        0.049085396532672285,
        0.05831063813676327,
        0.05254015982813042,
        0.062054445434778276,
        0.08406209337152647,
        0.12182244498813369,
        0.05817391931970587,
        0.0455129566024708,
        0.11294420786499892,
        0.040067922827503516,
        0.061720618681526916
    ],
    "setting": {
        "algorithm": "measure_best_apriori",
        "dimension": 5,
        "samples": 70,
        "sigma": 0.25,
        "signal": [
            0.8804509063256238,
            0.4402254531628119,
            0.0,
            0.0,
            0.1760901812651248
        ]
    },
    "timestamp": 1685225329.6184714,
    "total_duration": 645.2972958087921,
    "wrong_samples": [
        4,
        4,
        5,
        5,
        0,
        9,
        4,
        5,
        4,
        4,
        4,
        4,
        5,
        7,
        4,
        6,
        5,
        5,
        7,
        5
    ]
}