{
    "reconstruction_errors": [
        0.08797691145187879,
        0.17367100815785724,
        0.08461716016701586,
        0.16491034493772555,
        0.10948991245052749,
        0.044414767536319906,
        0.09700154628715789,
        0.14004738495322594,
        0.07543136805884053,
        0.11247964491621587,
        0.17458348201023943,
        0.12502041087370602,
        0.13865115154422833,
        0.13640449725299736,
        0.08653522144142965,
        0.06737655225666013,
        0.13949773141381214,
        0.12260593519370305,
        0.14803618307007715,
        0.14484401877457725
    ],
    "setting": {
        "algorithm": "measure_best_apriori",
        "dimension": 5,
        "samples": 45,
        "sigma": 0.3,
        "signal": [
            0.8804509063256238,
            0.4402254531628119,
            0.0,
            0.0,
            0.1760901812651248
        ]
    },
    "timestamp": 1685225327.0677083,
    "total_duration": 158.45355463027954,
    "wrong_samples": [
        9,
        5,
        5,
        7,
        9,
        1,
        2,
        9,
        2,
        6,
        6,
        9,
        8,
        0,
        4,
        7,
        5,
        9,
        4,
        4
    ]
}