{
    "reconstruction_errors": [
        0.6142869542512104,
        0.3995702178206986,
        0.47879672802425155,
        0.5027439629177658,
        0.4381209827288802,
        0.3718513407936775,
        0.40405364475381,
        0.5355424814195909,
        0.4881150296937727,
        0.3788352724586126,
        1.0393403541412136,
        0.5914144046860771,
        0.33683233060194423,
        0.6369656408486574,
        0.6371281176156485,
        0.4661345824899361,
        0.7770732816607361,
        0.41342133061315073,
        0.7355834050912207,
        0.41684804258483144
    ],
    "setting": {
        "algorithm": "measure_best_apriori",
        "dimension": 15,
        "samples": 25,
        "sigma": 0.4,
        "signal": [
            0.8804509063256238,
            0.4402254531628119,
            0.0,
            0.0,
            0.1760901812651248,
            0.0,
            0.0,
            0.0,
            0.0,
            0.0,
            0.0,
            0.0,
            0.0,
            0.0,
            0.0
        ]
    },
    "timestamp": 1685225544.0154855,
    "total_duration": 199.09511971473694,
    "wrong_samples": [
        8,
        8,
        8,
        7,
        9,
        5,
        9,
        8,
        12,
        11,
        19,
        11,
        7,
        13,
        12,
        6,
        16,
        6,
        14,
        5
    ]
}