{
    "reconstruction_errors": [
        0.17954953892394535,
        0.12444014374311647,
        0.19722395385021566,
        0.2328843398648115,
        0.1300994965485774,
        0.17575848521721232,
        0.2669505743327622,
        0.236804945982575,
        0.11150132185280828,
        0.18622882592201281,
        0.13031181426089586,
        0.18335396682279662,
        0.14223473199212391,
        0.154997015556163,
        0.16011440360753565,
        0.18692339806282857,
        0.18812123027042427,
        0.2351294494948046,
        0.2069766816100379,
        0.249508216169088
    ],
    "setting": {
        "algorithm": "measure_best_apriori",
        "dimension": 10,
        "samples": 100,
        "sigma": 0.4,
        "signal": [
            0.8804509063256238,
            0.4402254531628119,
            0.0,
            0.0,
            0.1760901812651248,
            0.0,
            0.0,
            0.0,
            0.0,
            0.0
        ]
    },
    "timestamp": 1685233171.3302178,
    "total_duration": 6684.117958068848,
    "wrong_samples": [
        31,
        23,
        26,
        25,
        28,
        24,
        26,
        31,
        27,
        34,
        18,
        29,
        26,
        27,
        19,
        26,
        17,
        25,
        28,
        38
    ]
}