{
    "reconstruction_errors": [
        0.2514002095897815,
        0.3203397484354298,
        0.23845978759463363,
        0.3462815506717197,
        0.17853101015204192,
        0.18533805086919797,
        0.18335350802915637,
        0.23529558767821884,
        0.2627194947996636,
        0.3066799850424314,
        0.19815842904428468,
        0.2965427870422848,
        0.26466562448235365,
        0.2786575523007719,
        0.37680023616352715,
        0.26697680863093237,
        0.2837479285990853,
        0.2225619854818452,
        0.2153759249719167,
        0.21374019581054737
    ],
    "setting": {
        "algorithm": "measure_best_apriori",
        "dimension": 15,
        "samples": 100,
        "sigma": 0.4,
        "signal": [
            0.8804509063256238,
            0.4402254531628119,
            0.0,
            0.0,
            0.1760901812651248,
            0.0,
            0.0,
            0.0,
            0.0,
            0.0,
            0.0,
            0.0,
            0.0,
            0.0,
            0.0
        ]
    },
    "timestamp": 1685248644.4049692,
    "total_duration": 28043.440321445465,
    "wrong_samples": [
        33,
        36,
        32,
        49,
        27,
        26,
        28,
        33,
        25,
        35,
        32,
        30,
        31,
        32,
        43,
        22,
        39,
        23,
        36,
        36
    ]
}