{
    "reconstruction_errors": [
        0.5099791084847697,
        0.24548237620042473,
        0.35689812044496194,
        0.3606983846010965,
        0.8969072342948436,
        0.36916575979469585,
        0.4039730823947597,
        0.8057486364577559,
        0.23456968078839668,
        0.6496233810707678,
        0.3867245491911058,
        0.30265757599252835,
        0.4285942542182173,
        0.25727019602969353,
        0.4558927007508085,
        0.39173147275637066,
        0.4582481942404262,
        0.40741551215292765,
        0.30211156804943834,
        0.429001354484671
    ],
    "setting": {
        "algorithm": "measure_best_apriori",
        "dimension": 10,
        "samples": 100,
        "sigma": 0.5,
        "signal": [
            0.8804509063256238,
            0.4402254531628119,
            0.0,
            0.0,
            0.1760901812651248,
            0.0,
            0.0,
            0.0,
            0.0,
            0.0
        ]
    },
    "timestamp": 1685225473.0140276,
    "total_duration": 9190.92393898964,
    "wrong_samples": [
        54,
        33,
        37,
        36,
        74,
        36,
        34,
        67,
        46,
        56,
        41,
        44,
        48,
        39,
        48,
        42,
        45,
        45,
        37,
        55
    ]
}