{
    "reconstruction_errors": [
        1.1883561789514043,
        0.8745949601348474,
        1.1221439455374087,
        0.6695873736504502,
        0.8971499618589732,
        1.209367525030802,
        0.7335390952382412,
        1.026505984305261,
        1.1231780905891695,
        0.9328544742156692,
        0.972699320261793,
        0.9787415418597034,
        1.1519139049349492,
        1.030320625870986,
        0.8774384375123234,
        0.6628812837058519,
        0.7678272647587285,
        0.8593865714544644,
        0.9629951048908449,
        0.6516820981090192
    ],
    "setting": {
        "algorithm": "measure_best_apriori",
        "dimension": 15,
        "samples": 15,
        "sigma": 0.5,
        "signal": [
            0.8804509063256238,
            0.4402254531628119,
            0.0,
            0.0,
            0.1760901812651248,
            0.0,
            0.0,
            0.0,
            0.0,
            0.0,
            0.0,
            0.0,
            0.0,
            0.0,
            0.0
        ]
    },
    "timestamp": 1685225518.4410253,
    "total_duration": 31.265280961990356,
    "wrong_samples": [
        11,
        6,
        10,
        6,
        8,
        9,
        7,
        10,
        11,
        11,
        9,
        7,
        10,
        12,
        7,
        6,
        6,
        9,
        8,
        5
    ]
}