{
    "reconstruction_errors": [
        0.7254592636854869,
        0.6651280452723225,
        0.5030104248020828,
        0.3459964526990571,
        0.3333375438679098,
        0.5023580915764572,
        0.5716013105435381,
        0.5535138775728314,
        0.542220957009463,
        0.5541930185732445,
        0.4121001844895134,
        0.682052655053621,
        0.5342121838797724,
        0.7997482785480642,
        0.4496189504347776,
        0.5432181969504616,
        0.27950311396911626,
        0.526780558300529,
        0.6348569687938593,
        0.38347447303260773
    ],
    "setting": {
        "algorithm": "measure_best_apriori",
        "dimension": 15,
        "samples": 70,
        "sigma": 0.5,
        "signal": [
            0.8804509063256238,
            0.4402254531628119,
            0.0,
            0.0,
            0.1760901812651248,
            0.0,
            0.0,
            0.0,
            0.0,
            0.0,
            0.0,
            0.0,
            0.0,
            0.0,
            0.0
        ]
    },
    "timestamp": 1685226024.7080956,
    "total_duration": 10770.496659040451,
    "wrong_samples": [
        43,
        43,
        41,
        31,
        34,
        36,
        37,
        34,
        41,
        42,
        33,
        42,
        41,
        48,
        31,
        31,
        33,
        32,
        41,
        29
    ]
}