{
    "reconstruction_errors": [
        0.7068184555503374,
        0.6193188507504598,
        0.68275657377902,
        0.8035416306896048,
        0.6248617854494177,
        0.5530819770004427,
        0.9174671935687745,
        0.5920398233691617,
        0.7790413423095545,
        0.5228587381220485,
        0.5621943211751914,
        0.530172022151515,
        0.46387113633208593,
        0.3134418224953465,
        0.9383883175430153,
        0.4309428967310724,
        0.7625472631444965,
        0.7448203462852327,
        0.9854284465586033,
        0.5777731864136255
    ],
    "setting": {
        "algorithm": "measure_best_apriori",
        "dimension": 10,
        "samples": 25,
        "sigma": 0.5,
        "signal": [
            0.8804509063256238,
            0.4402254531628119,
            0.0,
            0.0,
            0.1760901812651248,
            0.0,
            0.0,
            0.0,
            0.0,
            0.0
        ]
    },
    "timestamp": 1685225974.9197545,
    "total_duration": 88.08240151405334,
    "wrong_samples": [
        14,
        10,
        12,
        15,
        9,
        13,
        17,
        10,
        15,
        12,
        10,
        14,
        7,
        14,
        16,
        13,
        12,
        16,
        19,
        14
    ]
}