{
    "reconstruction_errors": [
        0.455283852715355,
        0.38461646921591164,
        0.944190329687395,
        0.3284939387082838,
        0.32321336806541545,
        0.4319601539808265,
        0.30732431349418143,
        0.402818440834614,
        0.40090280308158005,
        0.5813166066439347,
        0.30531545692255546,
        0.4164443171236365,
        0.3441585852816949,
        0.27026556536796226,
        0.32165262127868605,
        0.66855816766719,
        0.32237119650943213,
        0.43892299222750625,
        0.47993023350406294,
        0.9514594004447574
    ],
    "setting": {
        "algorithm": "measure_best_apriori",
        "dimension": 10,
        "samples": 70,
        "sigma": 0.5,
        "signal": [
            0.8804509063256238,
            0.4402254531628119,
            0.0,
            0.0,
            0.1760901812651248,
            0.0,
            0.0,
            0.0,
            0.0,
            0.0
        ]
    },
    "timestamp": 1685225366.2100677,
    "total_duration": 3106.2854223251343,
    "wrong_samples": [
        30,
        21,
        49,
        27,
        27,
        30,
        27,
        25,
        23,
        33,
        23,
        28,
        27,
        26,
        28,
        41,
        22,
        33,
        33,
        50
    ]
}