{
    "reconstruction_errors": [
        0.6882547302005348,
        0.7126617863372684,
        0.7067427193242457,
        0.6816350611501344,
        0.6749941142436473,
        0.6951861052482513,
        0.6768394402714553,
        0.724570977044481,
        0.7254039238335965,
        0.6829268974691375,
        0.6524527367123317,
        0.7060996701500762,
        0.6874996828751913,
        0.6687707107566028,
        0.7072854538150031,
        0.668693044376042,
        0.7244875226963096,
        0.7250629483498433,
        0.7245281811436446,
        0.6459354132879966
    ],
    "setting": {
        "algorithm": "pure_random",
        "dimension": 5,
        "samples": 100,
        "sigma": 0.0,
        "signal": [
            0.8804509063256238,
            0.4402254531628119,
            0.0,
            0.0,
            0.1760901812651248
        ]
    },
    "timestamp": 1685207841.9884572,
    "total_duration": 2.0957045555114746,
    "wrong_samples": [
        75,
        74,
        77,
        74,
        74,
        77,
        76,
        78,
        75,
        72,
        72,
        77,
        77,
        72,
        74,
        74,
        77,
        76,
        77,
        71
    ]
}