{
    "reconstruction_errors": [
        0.8834429491436956,
        0.8966724683980085,
        0.9001186442917476,
        0.8690844058416535,
        0.8407438265805098,
        0.8507773974635225,
        0.8529780693395608,
        0.8632598269767995,
        0.8927594630953901,
        0.8579453607604091,
        0.8544975792574317,
        0.8907228088977944,
        0.8567625586760073,
        0.8729893616565869,
        0.8191583535332259,
        0.876340927908146,
        0.8860643040756845,
        0.8240895317860213,
        0.8629647245423543,
        0.8770086218307008
    ],
    "setting": {
        "algorithm": "pure_random",
        "dimension": 15,
        "samples": 70,
        "sigma": 0.0,
        "signal": [
            0.8804509063256238,
            0.4402254531628119,
            0.0,
            0.0,
            0.1760901812651248,
            0.0,
            0.0,
            0.0,
            0.0,
            0.0,
            0.0,
            0.0,
            0.0,
            0.0,
            0.0
        ]
    },
    "timestamp": 1685207890.8846874,
    "total_duration": 1.1592435836791992,
    "wrong_samples": [
        61,
        63,
        63,
        61,
        60,
        61,
        62,
        61,
        62,
        61,
        61,
        61,
        62,
        61,
        58,
        61,
        63,
        59,
        60,
        63
    ]
}