{
    "reconstruction_errors": [
        0.8209004320743443,
        0.8235082825769686,
        0.858201653179123,
        0.8435978688576006,
        0.8536324572630912,
        0.8325313970846883,
        0.8369323831430401,
        0.8082184446444945,
        0.7852477019949643,
        0.8398781749975465,
        0.8396076972439676,
        0.8417221180597596,
        0.8004872547150519,
        0.8293651256400325,
        0.8541054525238718,
        0.8152157654179945,
        0.8192774279058157,
        0.808243381872741,
        0.8404686769292624,
        0.8311596456693187
    ],
    "setting": {
        "algorithm": "pure_random",
        "dimension": 10,
        "samples": 100,
        "sigma": 0.0,
        "signal": [
            0.8804509063256238,
            0.4402254531628119,
            0.0,
            0.0,
            0.1760901812651248,
            0.0,
            0.0,
            0.0,
            0.0,
            0.0
        ]
    },
    "timestamp": 1685207869.5036466,
    "total_duration": 2.2561721801757812,
    "wrong_samples": [
        82,
        84,
        87,
        84,
        88,
        86,
        85,
        84,
        83,
        86,
        87,
        86,
        81,
        86,
        85,
        83,
        84,
        85,
        84,
        83
    ]
}