{
    "reconstruction_errors": [
        0.6717121732970032,
        0.623236530227344,
        0.7056801656019751,
        0.663454795211056,
        0.622462116914733,
        0.7035286966753029,
        0.6678026497279229,
        0.510830166578868,
        0.7429252886368346,
        0.6678026497279229,
        0.6648554206779271,
        0.6302180965886909,
        0.49937083584928454,
        0.622462116914733,
        0.6611659369705639,
        0.6238443234328692,
        0.6224067648078329,
        0.5459742258542591,
        0.6664599162611158,
        0.6642332850887634
    ],
    "setting": {
        "algorithm": "pure_random",
        "dimension": 5,
        "samples": 15,
        "sigma": 0.0,
        "signal": [
            0.8804509063256238,
            0.4402254531628119,
            0.0,
            0.0,
            0.1760901812651248
        ]
    },
    "timestamp": 1685207829.199403,
    "total_duration": 0.7799758911132812,
    "wrong_samples": [
        10,
        10,
        11,
        11,
        11,
        11,
        10,
        9,
        12,
        10,
        10,
        9,
        8,
        11,
        11,
        9,
        11,
        9,
        10,
        11
    ]
}