{
    "reconstruction_errors": [
        0.7787000806961183,
        0.6435260318438076,
        0.7414862742614822,
        0.7838156193038,
        0.741811456993014,
        0.7719010169815987,
        0.7797612214301036,
        0.699452228151414,
        0.7583926063668497,
        0.7418114569930139,
        0.7556619472137253,
        0.7423685817106697,
        0.8199913866903356,
        0.7758632768016577,
        0.680882034225149,
        0.6371772375417563,
        0.765086564039475,
        0.758755951749471,
        0.733403802111023,
        0.7038714157099821
    ],
    "setting": {
        "algorithm": "pure_random",
        "dimension": 10,
        "samples": 15,
        "sigma": 0.0,
        "signal": [
            0.8804509063256238,
            0.4402254531628119,
            0.0,
            0.0,
            0.1760901812651248,
            0.0,
            0.0,
            0.0,
            0.0,
            0.0
        ]
    },
    "timestamp": 1685207856.5601997,
    "total_duration": 0.06478404998779297,
    "wrong_samples": [
        12,
        10,
        11,
        12,
        12,
        11,
        12,
        10,
        12,
        12,
        11,
        12,
        12,
        12,
        11,
        10,
        12,
        12,
        12,
        11
    ]
}