{
    "reconstruction_errors": [
        0.7300922819524414,
        0.6893805030867755,
        0.5799006914496023,
        0.6746861897835607,
        0.6615826820084588,
        0.7025267822632173,
        0.6378857795693683,
        0.7022815313106426,
        0.6134673860170358,
        0.6214896635155223,
        0.6791537972884547,
        0.6907839788985547,
        0.6749301243770757,
        0.6384856233944993,
        0.6890416879248631,
        0.7044857162596128,
        0.634443773182676,
        0.6610675004977742,
        0.7158273834881412,
        0.6343170503733099
    ],
    "setting": {
        "algorithm": "pure_random",
        "dimension": 5,
        "samples": 45,
        "sigma": 0.0,
        "signal": [
            0.8804509063256238,
            0.4402254531628119,
            0.0,
            0.0,
            0.1760901812651248
        ]
    },
    "timestamp": 1685207831.4590821,
    "total_duration": 0.4580225944519043,
    "wrong_samples": [
        34,
        33,
        30,
        34,
        34,
        34,
        32,
        33,
        30,
        31,
        33,
        31,
        33,
        33,
        33,
        32,
        32,
        32,
        35,
        31
    ]
}