{
    "reconstruction_errors": [
        0.8902347047028465,
        0.8735058117155119,
        0.8581808775570866,
        0.8232540839994087,
        0.8780404539425789,
        0.8814848290673918,
        0.8880620831709298,
        0.8780925416081764,
        0.8682183485593896,
        0.8232936311552368,
        0.8796713621724631,
        0.8885455409232405,
        0.8640494171914227,
        0.8685254366502614,
        0.8665721474993906,
        0.8584039633768505,
        0.8764861133964099,
        0.8873398971213092,
        0.8237558154033588,
        0.8913146809433334
    ],
    "setting": {
        "algorithm": "pure_random",
        "dimension": 15,
        "samples": 100,
        "sigma": 0.0,
        "signal": [
            0.8804509063256238,
            0.4402254531628119,
            0.0,
            0.0,
            0.1760901812651248,
            0.0,
            0.0,
            0.0,
            0.0,
            0.0,
            0.0,
            0.0,
            0.0,
            0.0,
            0.0
        ]
    },
    "timestamp": 1685207899.0581293,
    "total_duration": 2.3209550380706787,
    "wrong_samples": [
        89,
        89,
        86,
        83,
        89,
        90,
        89,
        88,
        88,
        84,
        90,
        89,
        89,
        87,
        87,
        87,
        89,
        88,
        85,
        89
    ]
}