{
    "reconstruction_errors": [
        0.8107953794187666,
        0.7781990737912842,
        0.8339910582682034,
        0.7805225838346825,
        0.7606606675534043,
        0.7608400090556785,
        0.764369325075437,
        0.796488417021624,
        0.7993330553238327,
        0.7448760367185397,
        0.7844694054340268,
        0.8181506845536822,
        0.7678339613797126,
        0.731552453517902,
        0.7728734264634367,
        0.7687218829546439,
        0.8275863851020034,
        0.815554217799493,
        0.829023896009662,
        0.8194685364128037
    ],
    "setting": {
        "algorithm": "pure_random",
        "dimension": 10,
        "samples": 25,
        "sigma": 0.0,
        "signal": [
            0.8804509063256238,
            0.4402254531628119,
            0.0,
            0.0,
            0.1760901812651248,
            0.0,
            0.0,
            0.0,
            0.0,
            0.0
        ]
    },
    "timestamp": 1685207857.0461156,
    "total_duration": 0.15997314453125,
    "wrong_samples": [
        21,
        20,
        21,
        20,
        19,
        19,
        20,
        20,
        21,
        20,
        20,
        21,
        20,
        18,
        21,
        19,
        21,
        21,
        21,
        21
    ]
}