{
    "reconstruction_errors": [
        0.781497988913786,
        0.6434085718695352,
        0.7260480056575112,
        0.7593442368130301,
        0.7504913983147988,
        0.7565416060965101,
        0.7457673358635202,
        0.6680471106886318,
        0.76312679073763,
        0.7332949985757455,
        0.782856018625759,
        0.731684731025914,
        0.811614407787948,
        0.7881142437613841,
        0.679194996336899,
        0.6211394921107126,
        0.7829002909943686,
        0.7619732329710149,
        0.7678671813924184,
        0.7132182271396277
    ],
    "setting": {
        "algorithm": "pure_random",
        "dimension": 10,
        "samples": 15,
        "sigma": 0.1,
        "signal": [
            0.8804509063256238,
            0.4402254531628119,
            0.0,
            0.0,
            0.1760901812651248,
            0.0,
            0.0,
            0.0,
            0.0,
            0.0
        ]
    },
    "timestamp": 1685207856.6274815,
    "total_duration": 0.0657808780670166,
    "wrong_samples": [
        12,
        10,
        11,
        12,
        12,
        11,
        12,
        10,
        12,
        12,
        11,
        12,
        12,
        12,
        11,
        10,
        12,
        12,
        12,
        11
    ]
}