{
    "reconstruction_errors": [
        0.8960431237532719,
        0.8706667233433313,
        0.8591905131028025,
        0.8292310404248525,
        0.8628176170582906,
        0.8760456961853743,
        0.8786482091176688,
        0.8804852699332745,
        0.8648928801836637,
        0.8327310081507158,
        0.8776766938334858,
        0.8958801545910537,
        0.8540967925885148,
        0.8672109822868272,
        0.8545042599475815,
        0.8552242098949342,
        0.8757625271492295,
        0.893821031981467,
        0.833902016434877,
        0.8791914638902482
    ],
    "setting": {
        "algorithm": "pure_random",
        "dimension": 15,
        "samples": 100,
        "sigma": 0.1,
        "signal": [
            0.8804509063256238,
            0.4402254531628119,
            0.0,
            0.0,
            0.1760901812651248,
            0.0,
            0.0,
            0.0,
            0.0,
            0.0,
            0.0,
            0.0,
            0.0,
            0.0,
            0.0
        ]
    },
    "timestamp": 1685207901.3840678,
    "total_duration": 2.333423376083374,
    "wrong_samples": [
        89,
        89,
        86,
        83,
        89,
        90,
        89,
        88,
        88,
        84,
        90,
        89,
        89,
        87,
        87,
        87,
        89,
        88,
        85,
        89
    ]
}