{
    "reconstruction_errors": [
        0.6752261187897513,
        0.6950988956646501,
        0.7135396111476083,
        0.6860350282118025,
        0.6789433106999704,
        0.6824413920166943,
        0.6697330049231246,
        0.7309916217435632,
        0.7204192275668705,
        0.672628516714468,
        0.649277133338028,
        0.7172564668758231,
        0.693260150107103,
        0.6606520063558007,
        0.7042174537140805,
        0.6532509736375526,
        0.7192135626024834,
        0.7213276735437549,
        0.7294899645957827,
        0.6331446729492808
    ],
    "setting": {
        "algorithm": "pure_random",
        "dimension": 5,
        "samples": 100,
        "sigma": 0.1,
        "signal": [
            0.8804509063256238,
            0.4402254531628119,
            0.0,
            0.0,
            0.1760901812651248
        ]
    },
    "timestamp": 1685207844.0921366,
    "total_duration": 2.082737445831299,
    "wrong_samples": [
        75,
        74,
        77,
        74,
        74,
        77,
        76,
        78,
        75,
        72,
        72,
        77,
        77,
        72,
        74,
        74,
        77,
        76,
        77,
        71
    ]
}