{
    "reconstruction_errors": [
        0.8834929023642434,
        0.886717945307522,
        0.885181246305828,
        0.8751423178733616,
        0.8437561754410471,
        0.8482822730323434,
        0.8604353399623232,
        0.865344019571091,
        0.8721642075198949,
        0.8613818580733493,
        0.8470339913324536,
        0.8869058642752876,
        0.8674981420412722,
        0.8603409965882206,
        0.8282517238902833,
        0.8597230895606802,
        0.8764346104589212,
        0.8460585732510482,
        0.87972940470498,
        0.871884971513724
    ],
    "setting": {
        "algorithm": "pure_random",
        "dimension": 15,
        "samples": 70,
        "sigma": 0.1,
        "signal": [
            0.8804509063256238,
            0.4402254531628119,
            0.0,
            0.0,
            0.1760901812651248,
            0.0,
            0.0,
            0.0,
            0.0,
            0.0,
            0.0,
            0.0,
            0.0,
            0.0,
            0.0
        ]
    },
    "timestamp": 1685207892.048914,
    "total_duration": 1.1771883964538574,
    "wrong_samples": [
        61,
        63,
        63,
        61,
        60,
        61,
        62,
        61,
        62,
        61,
        61,
        61,
        62,
        61,
        58,
        61,
        63,
        59,
        60,
        63
    ]
}