{
    "reconstruction_errors": [
        0.8203000628970587,
        0.7783926890460962,
        0.8096648665344859,
        0.8175358045677961,
        0.8483245059238208,
        0.8475768056038256,
        0.7907047898335404,
        0.7688309990985219,
        0.8268912125130298,
        0.7918354170786133,
        0.8346052053059243,
        0.8053418478917389,
        0.7915220994495941,
        0.8065743594193602,
        0.7906198016118025,
        0.8160891090278721,
        0.8261906423262945,
        0.8200411479674813,
        0.7479344846878242,
        0.8225038839867144
    ],
    "setting": {
        "algorithm": "pure_random",
        "dimension": 10,
        "samples": 45,
        "sigma": 0.1,
        "signal": [
            0.8804509063256238,
            0.4402254531628119,
            0.0,
            0.0,
            0.1760901812651248,
            0.0,
            0.0,
            0.0,
            0.0,
            0.0
        ]
    },
    "timestamp": 1685207858.6788034,
    "total_duration": 0.475954532623291,
    "wrong_samples": [
        37,
        35,
        36,
        37,
        38,
        39,
        34,
        37,
        38,
        35,
        37,
        38,
        36,
        38,
        37,
        38,
        38,
        38,
        35,
        38
    ]
}