{
    "reconstruction_errors": [
        0.8007856270468826,
        0.758399255890698,
        0.8132110686804109,
        0.7797444708776513,
        0.8307938087993019,
        0.8220878679845719,
        0.8473701241883047,
        0.7055467620930314,
        0.7504313697086501,
        0.7364346601583227,
        0.8000711183096276,
        0.7176535738193981,
        0.8169418095511347,
        0.5868796420019293,
        0.854818224162073,
        0.8065579803231525,
        0.8606461859234888,
        0.6014239750458896,
        0.7898968534043533,
        0.8193811647397811
    ],
    "setting": {
        "algorithm": "pure_random",
        "dimension": 15,
        "samples": 15,
        "sigma": 0.1,
        "signal": [
            0.8804509063256238,
            0.4402254531628119,
            0.0,
            0.0,
            0.1760901812651248,
            0.0,
            0.0,
            0.0,
            0.0,
            0.0,
            0.0,
            0.0,
            0.0,
            0.0,
            0.0
        ]
    },
    "timestamp": 1685207885.496704,
    "total_duration": 0.0717611312866211,
    "wrong_samples": [
        12,
        11,
        13,
        12,
        12,
        12,
        12,
        10,
        12,
        11,
        12,
        11,
        13,
        9,
        13,
        12,
        12,
        9,
        12,
        13
    ]
}