{
    "reconstruction_errors": [
        0.8186105197042064,
        0.8259983903103789,
        0.8445892224004704,
        0.8464227524414549,
        0.84568106852885,
        0.8331316043226423,
        0.8527864144321521,
        0.8143416187939173,
        0.7862431148679409,
        0.8412355184342254,
        0.8287341971321052,
        0.8430572263195414,
        0.8052327401749615,
        0.8374119026942648,
        0.8535808269073664,
        0.8172418570015157,
        0.8174311617463602,
        0.7947916105271395,
        0.8501296163817706,
        0.8114860967486991
    ],
    "setting": {
        "algorithm": "pure_random",
        "dimension": 10,
        "samples": 100,
        "sigma": 0.1,
        "signal": [
            0.8804509063256238,
            0.4402254531628119,
            0.0,
            0.0,
            0.1760901812651248,
            0.0,
            0.0,
            0.0,
            0.0,
            0.0
        ]
    },
    "timestamp": 1685207871.7687895,
    "total_duration": 2.2516696453094482,
    "wrong_samples": [
        82,
        84,
        87,
        84,
        88,
        86,
        85,
        84,
        83,
        86,
        87,
        86,
        81,
        86,
        85,
        83,
        84,
        85,
        84,
        83
    ]
}