{
    "reconstruction_errors": [
        0.6738375239873774,
        0.6833193406367779,
        0.597165986437526,
        0.6845320640204864,
        0.7131947491083814,
        0.7251435683305523,
        0.6287337646065843,
        0.6972768933590099,
        0.5815535771248451,
        0.7292379856329033,
        0.5656951993641064,
        0.6562757569089428,
        0.6221366398210747,
        0.6319414327311389,
        0.6333618043938992,
        0.6263873326978401,
        0.6118459686629166,
        0.6656608174910849,
        0.541610178582468,
        0.6416605436250228
    ],
    "setting": {
        "algorithm": "pure_random",
        "dimension": 5,
        "samples": 25,
        "sigma": 0.2,
        "signal": [
            0.8804509063256238,
            0.4402254531628119,
            0.0,
            0.0,
            0.1760901812651248
        ]
    },
    "timestamp": 1685207830.688093,
    "total_duration": 0.14801454544067383,
    "wrong_samples": [
        18,
        19,
        18,
        19,
        19,
        19,
        17,
        19,
        16,
        18,
        17,
        18,
        18,
        17,
        18,
        17,
        18,
        17,
        17,
        18
    ]
}