{
    "reconstruction_errors": [
        0.8841969100954182,
        0.8741361584890294,
        0.8719955785353467,
        0.879030111589778,
        0.8474612916857991,
        0.8479464473609191,
        0.8695772111930565,
        0.8665309592704064,
        0.8486600725683456,
        0.8668298961207415,
        0.8397696031759816,
        0.886581815815767,
        0.8473364761119989,
        0.8495908653592155,
        0.8392238930852728,
        0.8355264157074602,
        0.8585948522782745,
        0.8700345258319909,
        0.8855711097874294,
        0.8683875443972096
    ],
    "setting": {
        "algorithm": "pure_random",
        "dimension": 15,
        "samples": 70,
        "sigma": 0.2,
        "signal": [
            0.8804509063256238,
            0.4402254531628119,
            0.0,
            0.0,
            0.1760901812651248,
            0.0,
            0.0,
            0.0,
            0.0,
            0.0,
            0.0,
            0.0,
            0.0,
            0.0,
            0.0
        ]
    },
    "timestamp": 1685207893.233079,
    "total_duration": 1.1771883964538574,
    "wrong_samples": [
        61,
        63,
        63,
        61,
        60,
        61,
        62,
        61,
        62,
        61,
        61,
        61,
        62,
        61,
        58,
        61,
        63,
        59,
        60,
        63
    ]
}