{
    "reconstruction_errors": [
        0.835654027658151,
        0.7929099561189664,
        0.8120186501350013,
        0.8190114047629797,
        0.8446490972253224,
        0.8326862281927496,
        0.7829289121505486,
        0.7607413785364678,
        0.8227396871462653,
        0.8146226887077711,
        0.8357258872384083,
        0.7981138560938533,
        0.8108505074925766,
        0.7995181198430318,
        0.7754412511696938,
        0.8049697775451289,
        0.8245310634903916,
        0.8005994338312533,
        0.7521534996546636,
        0.8116328130355929
    ],
    "setting": {
        "algorithm": "pure_random",
        "dimension": 10,
        "samples": 45,
        "sigma": 0.2,
        "signal": [
            0.8804509063256238,
            0.4402254531628119,
            0.0,
            0.0,
            0.1760901812651248,
            0.0,
            0.0,
            0.0,
            0.0,
            0.0
        ]
    },
    "timestamp": 1685207859.1607385,
    "total_duration": 0.47994089126586914,
    "wrong_samples": [
        37,
        35,
        36,
        37,
        38,
        39,
        34,
        37,
        38,
        35,
        37,
        38,
        36,
        38,
        37,
        38,
        38,
        38,
        35,
        38
    ]
}