{
    "reconstruction_errors": [
        0.7998035307451491,
        0.8417414464144273,
        0.7315995550480138,
        0.8000978543635593,
        0.8248036416860629,
        0.8593251835930866,
        0.80749092745086,
        0.7737708302943954,
        0.8282332622070024,
        0.8055348252846656,
        0.7970901939629067,
        0.8170111896174539,
        0.8468100338597137,
        0.8005867933516678,
        0.7740697125505358,
        0.8472855659663104,
        0.7814478120820018,
        0.836858751198371,
        0.8078229446178661,
        0.8315145200850127
    ],
    "setting": {
        "algorithm": "pure_random",
        "dimension": 10,
        "samples": 70,
        "sigma": 0.2,
        "signal": [
            0.8804509063256238,
            0.4402254531628119,
            0.0,
            0.0,
            0.1760901812651248,
            0.0,
            0.0,
            0.0,
            0.0,
            0.0
        ]
    },
    "timestamp": 1685207863.9138305,
    "total_duration": 1.1128835678100586,
    "wrong_samples": [
        57,
        59,
        52,
        57,
        58,
        60,
        58,
        58,
        59,
        60,
        59,
        60,
        60,
        58,
        57,
        59,
        58,
        60,
        58,
        57
    ]
}