{
    "reconstruction_errors": [
        0.6465756983116416,
        0.6698831640554178,
        0.7266526292945547,
        0.6938972031359589,
        0.6853413727620391,
        0.6639647505689674,
        0.6603823717773121,
        0.7360900344937517,
        0.7130685393949631,
        0.6579014690256685,
        0.6448675057945734,
        0.7312325967199818,
        0.702761983273336,
        0.6504059374701151,
        0.6961250897584793,
        0.6312794968191427,
        0.7107881405343836,
        0.6983765159072305,
        0.7158064741287932,
        0.6145783829060462
    ],
    "setting": {
        "algorithm": "pure_random",
        "dimension": 5,
        "samples": 100,
        "sigma": 0.25,
        "signal": [
            0.8804509063256238,
            0.4402254531628119,
            0.0,
            0.0,
            0.1760901812651248
        ]
    },
    "timestamp": 1685207848.2676475,
    "total_duration": 2.0608012676239014,
    "wrong_samples": [
        75,
        74,
        77,
        74,
        74,
        77,
        76,
        78,
        75,
        72,
        72,
        77,
        77,
        72,
        74,
        74,
        77,
        76,
        77,
        71
    ]
}