{
    "reconstruction_errors": [
        0.8776689980576755,
        0.8696949799174502,
        0.8660850613585367,
        0.8820550916337778,
        0.8387210609342111,
        0.8485897165720958,
        0.8747637474738784,
        0.8653793869044597,
        0.8377269231912919,
        0.870296982651784,
        0.8312293909626257,
        0.8877324335097481,
        0.836487784562877,
        0.8449507789007527,
        0.8453921563463576,
        0.8248272538473429,
        0.8503592285270717,
        0.8739442338196335,
        0.889535675723709,
        0.8672551701881426
    ],
    "setting": {
        "algorithm": "pure_random",
        "dimension": 15,
        "samples": 70,
        "sigma": 0.25,
        "signal": [
            0.8804509063256238,
            0.4402254531628119,
            0.0,
            0.0,
            0.1760901812651248,
            0.0,
            0.0,
            0.0,
            0.0,
            0.0,
            0.0,
            0.0,
            0.0,
            0.0,
            0.0
        ]
    },
    "timestamp": 1685207894.4182413,
    "total_duration": 1.143766164779663,
    "wrong_samples": [
        61,
        63,
        63,
        61,
        60,
        61,
        62,
        61,
        62,
        61,
        61,
        61,
        62,
        61,
        58,
        61,
        63,
        59,
        60,
        63
    ]
}