{
    "reconstruction_errors": [
        0.5733612600776323,
        0.6344286307274516,
        0.636662061303777,
        0.5981691659978746,
        0.5795455219112814,
        0.5862036655693506,
        0.5616487561651672,
        0.48548277539929985,
        0.6968271563948615,
        0.5445740824372928,
        0.6777251474782384,
        0.6762679256859753,
        0.4676633784075894,
        0.6188563153513033,
        0.5435155393701945,
        0.6083748167716307,
        0.6150772651389547,
        0.6462902008891871,
        0.6739077296950451,
        0.6236797486274872
    ],
    "setting": {
        "algorithm": "pure_random",
        "dimension": 5,
        "samples": 15,
        "sigma": 0.25,
        "signal": [
            0.8804509063256238,
            0.4402254531628119,
            0.0,
            0.0,
            0.1760901812651248
        ]
    },
    "timestamp": 1685207830.1199286,
    "total_duration": 0.06429719924926758,
    "wrong_samples": [
        10,
        10,
        11,
        11,
        11,
        11,
        10,
        9,
        12,
        10,
        10,
        9,
        8,
        11,
        11,
        9,
        11,
        9,
        10,
        11
    ]
}