{
    "reconstruction_errors": [
        0.8285803490506423,
        0.791707338713923,
        0.8143230567836471,
        0.816945336990182,
        0.8432522275717509,
        0.8166360175034798,
        0.7759083569945487,
        0.7595474202792485,
        0.8088702904371377,
        0.8116533022976165,
        0.8263588900845815,
        0.793691925178027,
        0.8212701304700739,
        0.7967366660654921,
        0.7688736998353448,
        0.7986265413635418,
        0.8241221446944906,
        0.7899379055173004,
        0.754967956834121,
        0.8075579852425234
    ],
    "setting": {
        "algorithm": "pure_random",
        "dimension": 10,
        "samples": 45,
        "sigma": 0.25,
        "signal": [
            0.8804509063256238,
            0.4402254531628119,
            0.0,
            0.0,
            0.1760901812651248,
            0.0,
            0.0,
            0.0,
            0.0,
            0.0
        ]
    },
    "timestamp": 1685207859.6466596,
    "total_duration": 0.4734535217285156,
    "wrong_samples": [
        37,
        35,
        36,
        37,
        38,
        39,
        34,
        37,
        38,
        35,
        37,
        38,
        36,
        38,
        37,
        38,
        38,
        38,
        35,
        38
    ]
}