{
    "reconstruction_errors": [
        0.8182620177003261,
        0.8311996847418227,
        0.8249083045137984,
        0.8348001952810759,
        0.8362424588111406,
        0.8247942736033008,
        0.8611245789860674,
        0.8184897160855612,
        0.7890821525988124,
        0.8448761706563093,
        0.8152573730482189,
        0.8314504417023718,
        0.8146173541062809,
        0.8294792386617574,
        0.8501773681079479,
        0.8217848241822602,
        0.8143115369813585,
        0.776371994888815,
        0.8395514174208581,
        0.7835357109908365
    ],
    "setting": {
        "algorithm": "pure_random",
        "dimension": 10,
        "samples": 100,
        "sigma": 0.25,
        "signal": [
            0.8804509063256238,
            0.4402254531628119,
            0.0,
            0.0,
            0.1760901812651248,
            0.0,
            0.0,
            0.0,
            0.0,
            0.0
        ]
    },
    "timestamp": 1685207876.2816114,
    "total_duration": 2.2726223468780518,
    "wrong_samples": [
        82,
        84,
        87,
        84,
        88,
        86,
        85,
        84,
        83,
        86,
        87,
        86,
        81,
        86,
        85,
        83,
        84,
        85,
        84,
        83
    ]
}