{
    "reconstruction_errors": [
        0.6695854386081852,
        0.6820763763282817,
        0.5960929870911685,
        0.6775375218882855,
        0.7113202070021034,
        0.7217951956491955,
        0.6185358481828687,
        0.6865373886688798,
        0.598164966043388,
        0.7210743552680168,
        0.5704970405902728,
        0.6432238285968516,
        0.6166332215355763,
        0.6364936619947333,
        0.6391838252408273,
        0.6362946210349232,
        0.6010942705760977,
        0.6566800068496527,
        0.52821327233607,
        0.6449864220511559
    ],
    "setting": {
        "algorithm": "pure_random",
        "dimension": 5,
        "samples": 25,
        "sigma": 0.25,
        "signal": [
            0.8804509063256238,
            0.4402254531628119,
            0.0,
            0.0,
            0.1760901812651248
        ]
    },
    "timestamp": 1685207830.8420877,
    "total_duration": 0.1465291976928711,
    "wrong_samples": [
        18,
        19,
        18,
        19,
        19,
        19,
        17,
        19,
        16,
        18,
        17,
        18,
        18,
        17,
        18,
        17,
        18,
        17,
        17,
        18
    ]
}