{
    "reconstruction_errors": [
        0.7997466666402807,
        0.875449368974365,
        0.8054753075605037,
        0.8211962063816617,
        0.8648635388663597,
        0.7993972484555084,
        0.8725520766283781,
        0.8657043689074784,
        0.8636846660747113,
        0.769003725984249,
        0.8325532962520993,
        0.7945543532093622,
        0.8166798132553126,
        0.8184557367333659,
        0.8676477715731943,
        0.8564841401033698,
        0.8656535699712934,
        0.7897047403400832,
        0.7661590611202975,
        0.7798837759562827
    ],
    "setting": {
        "algorithm": "pure_random",
        "dimension": 15,
        "samples": 45,
        "sigma": 0.25,
        "signal": [
            0.8804509063256238,
            0.4402254531628119,
            0.0,
            0.0,
            0.1760901812651248,
            0.0,
            0.0,
            0.0,
            0.0,
            0.0,
            0.0,
            0.0,
            0.0,
            0.0,
            0.0
        ]
    },
    "timestamp": 1685207888.7820084,
    "total_duration": 0.5213136672973633,
    "wrong_samples": [
        38,
        39,
        40,
        37,
        40,
        39,
        39,
        40,
        37,
        37,
        39,
        40,
        38,
        37,
        38,
        39,
        39,
        39,
        39,
        38
    ]
}