{
    "reconstruction_errors": [
        0.8071901936421255,
        0.6572810179190588,
        0.7105046506671706,
        0.7246347220129914,
        0.7789801060133554,
        0.7269396122932051,
        0.7070105918812061,
        0.6359610840461082,
        0.780137372260632,
        0.7401602437207206,
        0.774908272603246,
        0.7236905869356939,
        0.7821727096429462,
        0.8141870372682174,
        0.6855587818642592,
        0.6159864198427502,
        0.8026369637934282,
        0.7507264234856593,
        0.7567335417938217,
        0.7061547464994965
    ],
    "setting": {
        "algorithm": "pure_random",
        "dimension": 10,
        "samples": 15,
        "sigma": 0.25,
        "signal": [
            0.8804509063256238,
            0.4402254531628119,
            0.0,
            0.0,
            0.1760901812651248,
            0.0,
            0.0,
            0.0,
            0.0,
            0.0
        ]
    },
    "timestamp": 1685207856.7665253,
    "total_duration": 0.06529021263122559,
    "wrong_samples": [
        12,
        10,
        11,
        12,
        12,
        11,
        12,
        10,
        12,
        12,
        11,
        12,
        12,
        12,
        11,
        10,
        12,
        12,
        12,
        11
    ]
}