{
    "reconstruction_errors": [
        0.8476417636841309,
        0.819699069610571,
        0.815150592868628,
        0.7504350966521448,
        0.840773015166545,
        0.8438004713909557,
        0.7952807888707423,
        0.755530150844384,
        0.8180284853064745,
        0.7915632356881763,
        0.8216536957686416,
        0.7290441037763534,
        0.7979849027170277,
        0.6165258506580422,
        0.8288315611079263,
        0.7945775892386617,
        0.8483180213094779,
        0.6259630384960085,
        0.8064259642224894,
        0.8088047905788988
    ],
    "setting": {
        "algorithm": "pure_random",
        "dimension": 15,
        "samples": 15,
        "sigma": 0.25,
        "signal": [
            0.8804509063256238,
            0.4402254531628119,
            0.0,
            0.0,
            0.1760901812651248,
            0.0,
            0.0,
            0.0,
            0.0,
            0.0,
            0.0,
            0.0,
            0.0,
            0.0,
            0.0
        ]
    },
    "timestamp": 1685207885.6477075,
    "total_duration": 0.07127022743225098,
    "wrong_samples": [
        12,
        11,
        13,
        12,
        12,
        12,
        12,
        10,
        12,
        11,
        12,
        11,
        13,
        9,
        13,
        12,
        12,
        9,
        12,
        13
    ]
}