{
    "reconstruction_errors": [
        0.767464832421861,
        0.7841219082833095,
        0.8490005550571075,
        0.787769494258449,
        0.8185298423154478,
        0.7446536993313413,
        0.772136408107384,
        0.7812095334269364,
        0.8068948194934412,
        0.6782559670768715,
        0.7440650677402394,
        0.8060369331544125,
        0.7651756075468985,
        0.7486455215069396,
        0.8319116189199938,
        0.8247522228665034,
        0.7793638333064746,
        0.746668319653645,
        0.8224755700334293,
        0.806254449457208
    ],
    "setting": {
        "algorithm": "pure_random",
        "dimension": 10,
        "samples": 25,
        "sigma": 0.3,
        "signal": [
            0.8804509063256238,
            0.4402254531628119,
            0.0,
            0.0,
            0.1760901812651248,
            0.0,
            0.0,
            0.0,
            0.0,
            0.0
        ]
    },
    "timestamp": 1685207857.7039702,
    "total_duration": 0.16048002243041992,
    "wrong_samples": [
        21,
        20,
        21,
        20,
        19,
        19,
        20,
        20,
        21,
        20,
        20,
        21,
        20,
        18,
        21,
        19,
        21,
        21,
        21,
        21
    ]
}