{
    "reconstruction_errors": [
        0.819585484486548,
        0.665511119017408,
        0.7074475423941377,
        0.7128927107712884,
        0.7923208725316171,
        0.7206514325823681,
        0.697728076681049,
        0.6296989966330928,
        0.7883426607583818,
        0.7476173074306018,
        0.7685370150696464,
        0.7232197479458834,
        0.7806186245783996,
        0.8248044126610503,
        0.6900142347727921,
        0.6194243256815845,
        0.80636218046864,
        0.7393039602026185,
        0.7490632783460496,
        0.6815252795934642
    ],
    "setting": {
        "algorithm": "pure_random",
        "dimension": 10,
        "samples": 15,
        "sigma": 0.3,
        "signal": [
            0.8804509063256238,
            0.4402254531628119,
            0.0,
            0.0,
            0.1760901812651248,
            0.0,
            0.0,
            0.0,
            0.0,
            0.0
        ]
    },
    "timestamp": 1685207856.8358023,
    "total_duration": 0.0657801628112793,
    "wrong_samples": [
        12,
        10,
        11,
        12,
        12,
        11,
        12,
        10,
        12,
        12,
        11,
        12,
        12,
        12,
        11,
        10,
        12,
        12,
        12,
        11
    ]
}