{
    "reconstruction_errors": [
        0.8189702022413033,
        0.8333196753093369,
        0.819311493791932,
        0.8314936479370924,
        0.8337752689056654,
        0.8196766392589959,
        0.8610421488490545,
        0.8129038595823195,
        0.7903849539294557,
        0.8411119049899128,
        0.8101421374120475,
        0.8241394735589239,
        0.8183364014344022,
        0.8281533534704512,
        0.8494357999599207,
        0.8236958907565107,
        0.8130088471100069,
        0.7707235565936276,
        0.8358543395604494,
        0.7746650850889597
    ],
    "setting": {
        "algorithm": "pure_random",
        "dimension": 10,
        "samples": 100,
        "sigma": 0.3,
        "signal": [
            0.8804509063256238,
            0.4402254531628119,
            0.0,
            0.0,
            0.1760901812651248,
            0.0,
            0.0,
            0.0,
            0.0,
            0.0
        ]
    },
    "timestamp": 1685207878.567698,
    "total_duration": 2.2866036891937256,
    "wrong_samples": [
        82,
        84,
        87,
        84,
        88,
        86,
        85,
        84,
        83,
        86,
        87,
        86,
        81,
        86,
        85,
        83,
        84,
        85,
        84,
        83
    ]
}