{
    "reconstruction_errors": [
        0.8236539884473475,
        0.785211000397648,
        0.8030242762492781,
        0.8483732046806444,
        0.8290276781957376,
        0.7050778132444248,
        0.8462675383320222,
        0.8479275518031517,
        0.7871079749778725,
        0.7487525768330076,
        0.8373787910282054,
        0.7304668557100445,
        0.8647439262340147,
        0.8425076503951848,
        0.80808686437173,
        0.766238971590613,
        0.8370989471298192,
        0.7393739658967252,
        0.7790265407334248,
        0.8467090245685494
    ],
    "setting": {
        "algorithm": "pure_random",
        "dimension": 15,
        "samples": 25,
        "sigma": 0.3,
        "signal": [
            0.8804509063256238,
            0.4402254531628119,
            0.0,
            0.0,
            0.1760901812651248,
            0.0,
            0.0,
            0.0,
            0.0,
            0.0,
            0.0,
            0.0,
            0.0,
            0.0,
            0.0
        ]
    },
    "timestamp": 1685207886.6753604,
    "total_duration": 0.17144536972045898,
    "wrong_samples": [
        21,
        20,
        20,
        21,
        22,
        20,
        21,
        20,
        21,
        20,
        19,
        21,
        21,
        21,
        22,
        22,
        21,
        20,
        20,
        22
    ]
}