{
    "reconstruction_errors": [
        0.6343009482210638,
        0.6784663971956237,
        0.6475213168034094,
        0.6609924141930148,
        0.5809010107743509,
        0.6399720196487823,
        0.66127022328464,
        0.6930634354407542,
        0.6474007909451431,
        0.6374833947124502,
        0.6953548970635317,
        0.6561733223179391,
        0.690112745921849,
        0.4995831115160804,
        0.6771142139898639,
        0.5842221923318541,
        0.6374483724721932,
        0.6909422839758399,
        0.6790113895175355,
        0.7206208000993901
    ],
    "setting": {
        "algorithm": "pure_random",
        "dimension": 5,
        "samples": 70,
        "sigma": 0.4,
        "signal": [
            0.8804509063256238,
            0.4402254531628119,
            0.0,
            0.0,
            0.1760901812651248
        ]
    },
    "timestamp": 1685207839.882784,
    "total_duration": 1.0231878757476807,
    "wrong_samples": [
        53,
        48,
        51,
        47,
        50,
        52,
        52,
        53,
        46,
        54,
        54,
        53,
        52,
        50,
        52,
        46,
        51,
        52,
        54,
        50
    ]
}