{
    "reconstruction_errors": [
        0.8619807414388821,
        0.8594039719354368,
        0.8511943049760696,
        0.8674593368315153,
        0.8176149159007753,
        0.8537465008590566,
        0.8767862460197566,
        0.8654108037043109,
        0.808465660080016,
        0.8403182946482619,
        0.8086011751963749,
        0.8714853519803638,
        0.8105258056797072,
        0.8340659832557303,
        0.8410038018341859,
        0.7987665797075614,
        0.8285503665565825,
        0.855574503788585,
        0.8895397281550737,
        0.8663409856803211
    ],
    "setting": {
        "algorithm": "pure_random",
        "dimension": 15,
        "samples": 70,
        "sigma": 0.4,
        "signal": [
            0.8804509063256238,
            0.4402254531628119,
            0.0,
            0.0,
            0.1760901812651248,
            0.0,
            0.0,
            0.0,
            0.0,
            0.0,
            0.0,
            0.0,
            0.0,
            0.0,
            0.0
        ]
    },
    "timestamp": 1685207896.7292106,
    "total_duration": 1.172187328338623,
    "wrong_samples": [
        61,
        63,
        63,
        61,
        60,
        61,
        62,
        61,
        62,
        61,
        61,
        61,
        62,
        61,
        58,
        61,
        63,
        59,
        60,
        63
    ]
}