{
    "reconstruction_errors": [
        0.6605251974424327,
        0.6828759822909115,
        0.593976104636677,
        0.6607177617207683,
        0.69834396276955,
        0.7150992313266925,
        0.5885284212963229,
        0.6458627114624259,
        0.6527891466546564,
        0.7018983810881338,
        0.5880964646334577,
        0.6122080302659331,
        0.603685606379146,
        0.6535136059225889,
        0.6358389918655156,
        0.666286635281849,
        0.578564084409373,
        0.6349437584126278,
        0.49060616461542716,
        0.6215019150157434
    ],
    "setting": {
        "algorithm": "pure_random",
        "dimension": 5,
        "samples": 25,
        "sigma": 0.4,
        "signal": [
            0.8804509063256238,
            0.4402254531628119,
            0.0,
            0.0,
            0.1760901812651248
        ]
    },
    "timestamp": 1685207831.1515808,
    "total_duration": 0.15051651000976562,
    "wrong_samples": [
        18,
        19,
        18,
        19,
        19,
        19,
        17,
        19,
        16,
        18,
        17,
        18,
        18,
        17,
        18,
        17,
        18,
        17,
        17,
        18
    ]
}