{
    "reconstruction_errors": [
        0.8395565575864616,
        0.7804640779696955,
        0.8107290793831528,
        0.852313543380237,
        0.8313131530983708,
        0.6801347597649718,
        0.8266586917813602,
        0.8622446795144602,
        0.785721121451432,
        0.7465068206214436,
        0.8172281963146527,
        0.7278643538719982,
        0.8768854989147841,
        0.8245210910135299,
        0.7941958075873786,
        0.7466966448646009,
        0.8314322579608203,
        0.7251298764037746,
        0.7819111127449134,
        0.8509978784703497
    ],
    "setting": {
        "algorithm": "pure_random",
        "dimension": 15,
        "samples": 25,
        "sigma": 0.4,
        "signal": [
            0.8804509063256238,
            0.4402254531628119,
            0.0,
            0.0,
            0.1760901812651248,
            0.0,
            0.0,
            0.0,
            0.0,
            0.0,
            0.0,
            0.0,
            0.0,
            0.0,
            0.0
        ]
    },
    "timestamp": 1685207886.8527858,
    "total_duration": 0.17742490768432617,
    "wrong_samples": [
        21,
        20,
        20,
        21,
        22,
        20,
        21,
        20,
        21,
        20,
        19,
        21,
        21,
        21,
        22,
        22,
        21,
        20,
        20,
        22
    ]
}