{
    "reconstruction_errors": [
        0.8947330283180054,
        0.8551395380722755,
        0.8535570695462298,
        0.8581961622380616,
        0.8312010613052818,
        0.863968721901325,
        0.8473977501804816,
        0.8377637175819851,
        0.8634310862407772,
        0.8186605561983644,
        0.8652769619345855,
        0.8486238391047637,
        0.8305792828006721,
        0.8726939176145813,
        0.828103517664147,
        0.840794306321164,
        0.8465036133596875,
        0.8398410325290062,
        0.8808915378452753,
        0.8251569977318871
    ],
    "setting": {
        "algorithm": "pure_random",
        "dimension": 15,
        "samples": 100,
        "sigma": 0.4,
        "signal": [
            0.8804509063256238,
            0.4402254531628119,
            0.0,
            0.0,
            0.1760901812651248,
            0.0,
            0.0,
            0.0,
            0.0,
            0.0,
            0.0,
            0.0,
            0.0,
            0.0,
            0.0
        ]
    },
    "timestamp": 1685207910.7765636,
    "total_duration": 2.343884229660034,
    "wrong_samples": [
        89,
        89,
        86,
        83,
        89,
        90,
        89,
        88,
        88,
        84,
        90,
        89,
        89,
        87,
        87,
        87,
        89,
        88,
        85,
        89
    ]
}