{
    "reconstruction_errors": [
        0.825725034375725,
        0.6870128616131237,
        0.7046094892624463,
        0.701405292171806,
        0.8242295129001509,
        0.7137478504115777,
        0.6850829598977729,
        0.6242605129179384,
        0.7835316999151459,
        0.7698729795188677,
        0.7601242073023253,
        0.7255891589019208,
        0.7901435624604949,
        0.8449180127822383,
        0.702301891504345,
        0.6338290662429477,
        0.7933264452272621,
        0.7187069159040546,
        0.7418182731406722,
        0.6358433405164562
    ],
    "setting": {
        "algorithm": "pure_random",
        "dimension": 10,
        "samples": 15,
        "sigma": 0.4,
        "signal": [
            0.8804509063256238,
            0.4402254531628119,
            0.0,
            0.0,
            0.1760901812651248,
            0.0,
            0.0,
            0.0,
            0.0,
            0.0
        ]
    },
    "timestamp": 1685207856.9055688,
    "total_duration": 0.06528997421264648,
    "wrong_samples": [
        12,
        10,
        11,
        12,
        12,
        11,
        12,
        10,
        12,
        12,
        11,
        12,
        12,
        12,
        11,
        10,
        12,
        12,
        12,
        11
    ]
}