{
    "reconstruction_errors": [
        0.7585236207587361,
        0.7992077324440131,
        0.8381832631872947,
        0.8004439184507234,
        0.8128308482435129,
        0.7446110138161911,
        0.7442640972023594,
        0.7610317258912751,
        0.772085947798383,
        0.6645379938124429,
        0.7407970387964206,
        0.7778933531589121,
        0.76884383821608,
        0.7265044226589904,
        0.8421877518067277,
        0.831378150214965,
        0.7596813751568284,
        0.7275153931782739,
        0.823535624924846,
        0.7945969697151669
    ],
    "setting": {
        "algorithm": "pure_random",
        "dimension": 10,
        "samples": 25,
        "sigma": 0.4,
        "signal": [
            0.8804509063256238,
            0.4402254531628119,
            0.0,
            0.0,
            0.1760901812651248,
            0.0,
            0.0,
            0.0,
            0.0,
            0.0
        ]
    },
    "timestamp": 1685207857.868437,
    "total_duration": 0.15897822380065918,
    "wrong_samples": [
        21,
        20,
        21,
        20,
        19,
        19,
        20,
        20,
        21,
        20,
        20,
        21,
        20,
        18,
        21,
        19,
        21,
        21,
        21,
        21
    ]
}