{
    "reconstruction_errors": [
        0.8592717915697579,
        0.7787607228882878,
        0.8250287512551374,
        0.8622455855922139,
        0.8373119388246099,
        0.6643584815525525,
        0.817057179191907,
        0.8736200299313295,
        0.7949266199143185,
        0.7498314322308437,
        0.8026722020815058,
        0.740330565896143,
        0.8790188921814135,
        0.8102340318717892,
        0.7853475317792596,
        0.7348833498251228,
        0.8305253696796595,
        0.7174858551344032,
        0.7705391116180418,
        0.8628281765481106
    ],
    "setting": {
        "algorithm": "pure_random",
        "dimension": 15,
        "samples": 25,
        "sigma": 0.5,
        "signal": [
            0.8804509063256238,
            0.4402254531628119,
            0.0,
            0.0,
            0.1760901812651248,
            0.0,
            0.0,
            0.0,
            0.0,
            0.0,
            0.0,
            0.0,
            0.0,
            0.0,
            0.0
        ]
    },
    "timestamp": 1685207887.0351944,
    "total_duration": 0.1724405288696289,
    "wrong_samples": [
        21,
        20,
        20,
        21,
        22,
        20,
        21,
        20,
        21,
        20,
        19,
        21,
        21,
        21,
        22,
        22,
        21,
        20,
        20,
        22
    ]
}