{
    "reconstruction_errors": [
        0.7204424379845846,
        0.794422897466629,
        0.7591341847366495,
        0.8055828810178882,
        0.8270173981992973,
        0.8396397068592376,
        0.7403995829257456,
        0.7587732713200215,
        0.8085139716239694,
        0.7608235235685306,
        0.7771960216346641,
        0.7971640176313889,
        0.8086634765056768,
        0.7983612001738202,
        0.7638640622977801,
        0.8660747439552672,
        0.7419597528768759,
        0.8358797215396396,
        0.787020517452733,
        0.8015466125191457
    ],
    "setting": {
        "algorithm": "pure_random",
        "dimension": 10,
        "samples": 70,
        "sigma": 0.5,
        "signal": [
            0.8804509063256238,
            0.4402254531628119,
            0.0,
            0.0,
            0.1760901812651248,
            0.0,
            0.0,
            0.0,
            0.0,
            0.0
        ]
    },
    "timestamp": 1685207868.384786,
    "total_duration": 1.1128804683685303,
    "wrong_samples": [
        57,
        59,
        52,
        57,
        58,
        60,
        58,
        58,
        59,
        60,
        59,
        60,
        60,
        58,
        57,
        59,
        58,
        60,
        58,
        57
    ]
}