{
    "reconstruction_errors": [
        0.7854099124657271,
        0.7829467430192878,
        0.7612289399659098,
        0.8050332894518006,
        0.8123388184552771,
        0.747502311437268,
        0.7504784571615016,
        0.7820186468164481,
        0.7515391977588043,
        0.7822122663642029,
        0.7853085850066288,
        0.789969664762444,
        0.7792339124738833,
        0.7904780503388515,
        0.7469162831046733,
        0.7857839499763006,
        0.7863915112815253,
        0.7570533453570777,
        0.7758595746729172,
        0.7675502034143633
    ],
    "setting": {
        "algorithm": "pure_random",
        "dimension": 10,
        "samples": 45,
        "sigma": 0.5,
        "signal": [
            0.8804509063256238,
            0.4402254531628119,
            0.0,
            0.0,
            0.1760901812651248,
            0.0,
            0.0,
            0.0,
            0.0,
            0.0
        ]
    },
    "timestamp": 1685207861.1019335,
    "total_duration": 0.48792457580566406,
    "wrong_samples": [
        37,
        35,
        36,
        37,
        38,
        39,
        34,
        37,
        38,
        35,
        37,
        38,
        36,
        38,
        37,
        38,
        38,
        38,
        35,
        38
    ]
}