{
    "reconstruction_errors": [
        0.8427336946078903,
        0.7147115197325431,
        0.7061750996156931,
        0.7064506176604256,
        0.8435202461469111,
        0.7145656559043767,
        0.6806691317728232,
        0.6284296534069737,
        0.7799303674460177,
        0.801200549480502,
        0.7576308687566853,
        0.7323293300219051,
        0.8159126013405773,
        0.836705123946623,
        0.7066662841087977,
        0.6576750917432042,
        0.7634527548504199,
        0.7013231374743523,
        0.745580714468637,
        0.5958336300084576
    ],
    "setting": {
        "algorithm": "pure_random",
        "dimension": 10,
        "samples": 15,
        "sigma": 0.5,
        "signal": [
            0.8804509063256238,
            0.4402254531628119,
            0.0,
            0.0,
            0.1760901812651248,
            0.0,
            0.0,
            0.0,
            0.0,
            0.0
        ]
    },
    "timestamp": 1685207856.9758427,
    "total_duration": 0.06429290771484375,
    "wrong_samples": [
        12,
        10,
        11,
        12,
        12,
        11,
        12,
        10,
        12,
        12,
        11,
        12,
        12,
        12,
        11,
        10,
        12,
        12,
        12,
        11
    ]
}