{
    "reconstruction_errors": [
        0.06747694746813081,
        0.30576458122971295,
        0.09378695532127482,
        0.054008473856204116,
        0.02144648185134446,
        0.10040554731024046,
        0.03536957636882836,
        0.06601803273916845,
        0.05576312243928503,
        0.05012606620044161,
        0.04756861883673227,
        0.02580731451961221,
        0.043728340047404994,
        0.03404499027901634,
        0.09431323246368255,
        0.05233208512488272,
        0.043199840892462885,
        0.03421630555958551,
        0.030763110530582546,
        0.035707123729002616
    ],
    "setting": {
        "algorithm": "sync_mra",
        "dimension": 5,
        "samples": 100,
        "sigma": 0.2,
        "signal": [
            0.8804509063256238,
            0.4402254531628119,
            0.0,
            0.0,
            0.1760901812651248
        ]
    },
    "timestamp": 1693060076.8462029,
    "total_duration": 22.411020517349243,
    "wrong_samples": [
        3,
        33,
        13,
        1,
        0,
        9,
        3,
        1,
        1,
        1,
        0,
        1,
        0,
        2,
        2,
        3,
        3,
        1,
        2,
        0
    ]
}