{
    "reconstruction_errors": [
        0.1629825767543731,
        0.19283209999729803,
        0.22642692656767732,
        0.21601936980319184,
        0.21260983131199404,
        0.20698626176187193,
        0.15284163678817372,
        0.171582482435672,
        0.23024469462328737,
        0.13881514598879408,
        0.21268957086761076,
        0.20358103884316903,
        0.25047113817652905,
        0.2274639442354715,
        0.2204706591690011,
        0.1875600849216744,
        0.35018903755322733,
        0.21801444730504277,
        0.2099873500260934,
        0.19431324451228366
    ],
    "setting": {
        "algorithm": "sync_mra",
        "dimension": 15,
        "samples": 15,
        "sigma": 0.2,
        "signal": [
            0.8804509063256238,
            0.4402254531628119,
            0.0,
            0.0,
            0.1760901812651248,
            0.0,
            0.0,
            0.0,
            0.0,
            0.0,
            0.0,
            0.0,
            0.0,
            0.0,
            0.0
        ]
    },
    "timestamp": 1693060116.1117194,
    "total_duration": 1.5678648948669434,
    "wrong_samples": [
        0,
        0,
        0,
        0,
        0,
        0,
        0,
        0,
        0,
        0,
        0,
        0,
        0,
        2,
        0,
        1,
        3,
        0,
        0,
        0
    ]
}