{
    "reconstruction_errors": [
        0.05595737584261686,
        0.05839524041927891,
        0.09991031588385998,
        0.07364855522425762,
        0.08578695769754291,
        0.06466520551270856,
        0.08924341672662724,
        0.08005756196056138,
        0.08181216112339745,
        0.0656778706871973,
        0.0951601708832241,
        0.1041282680279547,
        0.05665339337905908,
        0.07179073181270013,
        0.07193880245907548,
        0.10055269858980613,
        0.061372504925360706,
        0.1207012186576211,
        0.0855597476588297,
        0.06859558545930632
    ],
    "setting": {
        "algorithm": "sync_mra",
        "dimension": 10,
        "samples": 100,
        "sigma": 0.25,
        "signal": [
            0.8804509063256238,
            0.4402254531628119,
            0.0,
            0.0,
            0.1760901812651248,
            0.0,
            0.0,
            0.0,
            0.0,
            0.0
        ]
    },
    "timestamp": 1693060080.1589344,
    "total_duration": 37.69716262817383,
    "wrong_samples": [
        3,
        2,
        2,
        5,
        3,
        3,
        7,
        7,
        5,
        6,
        2,
        3,
        3,
        1,
        2,
        6,
        1,
        6,
        4,
        7
    ]
}