{
    "reconstruction_errors": [
        0.188961363840868,
        0.15294190673059893,
        0.5554473671613572,
        0.11633043920279389,
        0.17506618842181818,
        0.1903452652618959,
        0.3339069534087545,
        0.1754405265833231,
        0.19443102448644917,
        0.14937456759993697,
        0.1548889430174903,
        0.1440149541518984,
        0.1980193776782268,
        0.1425204921840811,
        0.16017486533743974,
        0.12504934380396676,
        0.20767802942474078,
        0.1568286015497761,
        0.17694078837481655,
        0.1754350464582457
    ],
    "setting": {
        "algorithm": "sync_mra",
        "dimension": 10,
        "samples": 25,
        "sigma": 0.25,
        "signal": [
            0.8804509063256238,
            0.4402254531628119,
            0.0,
            0.0,
            0.1760901812651248,
            0.0,
            0.0,
            0.0,
            0.0,
            0.0
        ]
    },
    "timestamp": 1693060085.1349344,
    "total_duration": 2.8190951347351074,
    "wrong_samples": [
        4,
        0,
        12,
        2,
        0,
        0,
        7,
        4,
        2,
        2,
        3,
        0,
        3,
        4,
        0,
        0,
        2,
        2,
        1,
        0
    ]
}