{
    "reconstruction_errors": [
        0.16335968204867707,
        0.1879267067911258,
        0.2979333990956064,
        0.2846853201348609,
        0.21977081418758881,
        0.35496640625266035,
        0.2241969946702568,
        0.19186884256891787,
        0.27425682310051497,
        0.21101550036744293,
        0.24745895110325927,
        0.16891724782272577,
        0.3556126369222492,
        0.1935311066254445,
        0.2904058990026742,
        0.3056589141855793,
        0.23472325014009368,
        0.23576287368292337,
        0.29508074051056615,
        0.6223176918342496
    ],
    "setting": {
        "algorithm": "sync_mra",
        "dimension": 10,
        "samples": 15,
        "sigma": 0.3,
        "signal": [
            0.8804509063256238,
            0.4402254531628119,
            0.0,
            0.0,
            0.1760901812651248,
            0.0,
            0.0,
            0.0,
            0.0,
            0.0
        ]
    },
    "timestamp": 1693060079.299078,
    "total_duration": 0.9837682247161865,
    "wrong_samples": [
        3,
        1,
        2,
        1,
        2,
        1,
        0,
        2,
        3,
        2,
        3,
        0,
        6,
        1,
        1,
        4,
        2,
        1,
        2,
        7
    ]
}