{
    "reconstruction_errors": [
        0.33314678974673584,
        0.2495451129049034,
        0.35386817388207964,
        0.33572704133587583,
        0.26858610479221257,
        0.22731491572170995,
        0.25841552066972734,
        0.3318518527413715,
        0.7696827939789403,
        0.31716694897070474,
        0.4346116157976262,
        0.26694996984316377,
        0.2518675491685314,
        0.6561973417980123,
        0.30375050350391475,
        0.30331185053328197,
        0.20741660097257444,
        0.22974003455889477,
        0.3348662977686342,
        0.23723938122902694
    ],
    "setting": {
        "algorithm": "sync_mra",
        "dimension": 15,
        "samples": 25,
        "sigma": 0.3,
        "signal": [
            0.8804509063256238,
            0.4402254531628119,
            0.0,
            0.0,
            0.1760901812651248,
            0.0,
            0.0,
            0.0,
            0.0,
            0.0,
            0.0,
            0.0,
            0.0,
            0.0,
            0.0
        ]
    },
    "timestamp": 1693060102.9840968,
    "total_duration": 4.960227012634277,
    "wrong_samples": [
        4,
        1,
        7,
        4,
        3,
        4,
        3,
        6,
        14,
        5,
        10,
        4,
        4,
        15,
        5,
        2,
        1,
        4,
        5,
        2
    ]
}