{
    "reconstruction_errors": [
        0.07879038248871015,
        0.03752776427250678,
        0.31497057428145525,
        0.07278282470444426,
        0.05688549244428041,
        0.26873624770322474,
        0.05391736772766287,
        0.06147702592707652,
        0.10158433758361951,
        0.15706025717954278,
        0.08132914314065202,
        0.06058076470332556,
        0.32631277022039207,
        0.19209862895380203,
        0.12921766768858237,
        0.16437500716436082,
        0.15964878819028192,
        0.057013035510091466,
        0.2911401574385412,
        0.423420213593609
    ],
    "setting": {
        "algorithm": "sync_mra",
        "dimension": 5,
        "samples": 100,
        "sigma": 0.3,
        "signal": [
            0.8804509063256238,
            0.4402254531628119,
            0.0,
            0.0,
            0.1760901812651248
        ]
    },
    "timestamp": 1693060077.4790828,
    "total_duration": 23.64748191833496,
    "wrong_samples": [
        9,
        9,
        35,
        5,
        10,
        39,
        14,
        20,
        14,
        23,
        11,
        6,
        42,
        28,
        12,
        31,
        20,
        9,
        29,
        39
    ]
}