{
    "reconstruction_errors": [
        0.109416141474914,
        0.09324182582404403,
        0.05677511936776581,
        0.11018028955989313,
        0.40002449847470645,
        0.09321108753446625,
        0.14222893150152727,
        0.05567982694170339,
        0.11235478627541481,
        0.1104227178963065,
        0.08840588468684514,
        0.333230881595658,
        0.0705383120174376,
        0.12939250109254286,
        0.11436459805031328,
        0.2614647051118258,
        0.056298605720266355,
        0.13251788233011616,
        0.560495712677503,
        0.1793685351648636
    ],
    "setting": {
        "algorithm": "sync_mra",
        "dimension": 5,
        "samples": 70,
        "sigma": 0.3,
        "signal": [
            0.8804509063256238,
            0.4402254531628119,
            0.0,
            0.0,
            0.1760901812651248
        ]
    },
    "timestamp": 1693060076.8988607,
    "total_duration": 9.418911933898926,
    "wrong_samples": [
        9,
        8,
        9,
        12,
        25,
        11,
        15,
        13,
        7,
        14,
        6,
        28,
        6,
        13,
        11,
        26,
        11,
        16,
        35,
        19
    ]
}