{
    "reconstruction_errors": [
        0.41944009113693187,
        0.2613163958557792,
        0.26893392312238157,
        0.17248935766436285,
        0.4960040008622338,
        0.5086172310795251,
        0.5064950702774691,
        0.20632478580434235,
        0.3141566766341308,
        0.3050254725523388,
        0.23026935140459928,
        0.3497233334117607,
        0.23012658694295132,
        0.6206999290461767,
        0.26249888075490396,
        0.3704095298281867,
        0.43538358102750574,
        0.38995127019202586,
        0.473145821141802,
        0.24661984113914
    ],
    "setting": {
        "algorithm": "sync_mra",
        "dimension": 5,
        "samples": 15,
        "sigma": 0.4,
        "signal": [
            0.8804509063256238,
            0.4402254531628119,
            0.0,
            0.0,
            0.1760901812651248
        ]
    },
    "timestamp": 1693060072.275663,
    "total_duration": 4.898079872131348,
    "wrong_samples": [
        7,
        4,
        5,
        8,
        7,
        7,
        9,
        2,
        7,
        3,
        1,
        3,
        2,
        9,
        7,
        7,
        8,
        9,
        8,
        2
    ]
}