{
    "reconstruction_errors": [
        0.5696363300766925,
        0.4492042235289681,
        0.5600368607473202,
        0.47287018326127156,
        0.5323178091308115,
        0.2694728627839523,
        0.22347231486909486,
        0.2531493299846149,
        0.7346859070118087,
        0.5472715308869395,
        0.22420558411426714,
        0.2303579940444484,
        0.22988568735722012,
        0.7305647249850421,
        0.763275047976276,
        0.2556084555373315,
        0.39746833647220287,
        0.18148143956773463,
        0.6458212324325372,
        0.36221648963546477
    ],
    "setting": {
        "algorithm": "sync_mra",
        "dimension": 10,
        "samples": 45,
        "sigma": 0.4,
        "signal": [
            0.8804509063256238,
            0.4402254531628119,
            0.0,
            0.0,
            0.1760901812651248,
            0.0,
            0.0,
            0.0,
            0.0,
            0.0
        ]
    },
    "timestamp": 1693060086.825083,
    "total_duration": 9.019868612289429,
    "wrong_samples": [
        30,
        22,
        25,
        23,
        19,
        11,
        12,
        14,
        27,
        27,
        13,
        11,
        10,
        28,
        31,
        10,
        16,
        13,
        28,
        17
    ]
}