{
    "reconstruction_errors": [
        0.14912420353501352,
        0.3238068021948979,
        0.2766219423046004,
        0.42074400372061665,
        0.14576517182445986,
        0.2825095778645141,
        0.1330187986822197,
        0.16652144247783265,
        0.18317779298674408,
        0.35138052316421403,
        0.17573772200270532,
        0.4277260495160567,
        0.2839735774032013,
        0.13491059419688567,
        0.15946713578321778,
        0.6196781900162694,
        0.4307604048907474,
        0.27076261927347234,
        0.13747529115347903,
        0.2917024802601155
    ],
    "setting": {
        "algorithm": "sync_mra",
        "dimension": 5,
        "samples": 100,
        "sigma": 0.4,
        "signal": [
            0.8804509063256238,
            0.4402254531628119,
            0.0,
            0.0,
            0.1760901812651248
        ]
    },
    "timestamp": 1693060077.64035,
    "total_duration": 23.567147970199585,
    "wrong_samples": [
        33,
        45,
        41,
        43,
        23,
        45,
        30,
        38,
        25,
        46,
        26,
        52,
        42,
        23,
        28,
        65,
        50,
        33,
        26,
        36
    ]
}