{
    "reconstruction_errors": [
        0.33286417831636456,
        0.700408724955626,
        0.2820190295401039,
        0.29092312406657034,
        0.4930298850022051,
        0.33114855507726054,
        0.11935055740678081,
        0.324192544014788,
        0.610287494315979,
        0.43148060901798324,
        0.27541015261613133,
        0.26691489574395993,
        0.2100451741524316,
        0.20877206977592552,
        0.4457882973191274,
        0.27197971780519425,
        0.28343626328789556,
        0.22184893434587846,
        0.2441289128717489,
        0.6355437438484368
    ],
    "setting": {
        "algorithm": "sync_mra",
        "dimension": 5,
        "samples": 25,
        "sigma": 0.4,
        "signal": [
            0.8804509063256238,
            0.4402254531628119,
            0.0,
            0.0,
            0.1760901812651248
        ]
    },
    "timestamp": 1693060072.256696,
    "total_duration": 4.985750913619995,
    "wrong_samples": [
        6,
        13,
        8,
        8,
        9,
        11,
        5,
        9,
        16,
        6,
        7,
        5,
        12,
        7,
        12,
        5,
        6,
        7,
        4,
        17
    ]
}