{
    "reconstruction_errors": [
        0.7375430832711263,
        0.6689644796530014,
        0.6108764983526803,
        0.682146723643948,
        0.9225532362330596,
        0.7635817362405409,
        0.9338417362148957,
        0.8590321136005661,
        0.8413045379316931,
        0.5321430227692193,
        0.5989501837546682,
        0.6975642079920927,
        0.7322810633016255,
        0.7651941606132575,
        0.7923604791268527,
        0.7181406028795069,
        0.6011110196326597,
        0.5241102288288922,
        1.0219991134791733,
        0.6793619603678154
    ],
    "setting": {
        "algorithm": "sync_mra",
        "dimension": 10,
        "samples": 25,
        "sigma": 0.5,
        "signal": [
            0.8804509063256238,
            0.4402254531628119,
            0.0,
            0.0,
            0.1760901812651248,
            0.0,
            0.0,
            0.0,
            0.0,
            0.0
        ]
    },
    "timestamp": 1693060086.39717,
    "total_duration": 3.3089399337768555,
    "wrong_samples": [
        17,
        13,
        13,
        15,
        15,
        11,
        19,
        17,
        17,
        12,
        17,
        16,
        15,
        18,
        15,
        15,
        10,
        13,
        19,
        14
    ]
}