{
    "reconstruction_errors": [
        0.29932561938593205,
        0.1271255371024457,
        0.4877648248410271,
        0.3885426726945276,
        0.32002428903760954,
        0.6549964081443215,
        0.20312024028661066,
        0.4761463600631703,
        0.26720262137816925,
        0.3729697964437114,
        0.2871494523235176,
        0.5755713139135935,
        0.5437877834813356,
        0.6103389695751569,
        0.3211901930455779,
        0.7144232411440412,
        0.7438506891756216,
        0.2722108633615219,
        0.701142940827211,
        0.3085009576725072
    ],
    "setting": {
        "algorithm": "sync_mra",
        "dimension": 5,
        "samples": 100,
        "sigma": 0.5,
        "signal": [
            0.8804509063256238,
            0.4402254531628119,
            0.0,
            0.0,
            0.1760901812651248
        ]
    },
    "timestamp": 1693060077.5010386,
    "total_duration": 23.75594210624695,
    "wrong_samples": [
        43,
        30,
        61,
        42,
        41,
        59,
        45,
        61,
        30,
        59,
        37,
        72,
        61,
        63,
        37,
        69,
        64,
        46,
        70,
        56
    ]
}