{
    "reconstruction_errors": [
        0.8428683073577402,
        0.8745949601348474,
        1.1991590779832657,
        1.0178540320039504,
        1.2125429137616677,
        0.977291312937292,
        0.8200281751307217,
        1.0974652379636347,
        1.0977507664730075,
        1.0287771843066584,
        1.1195598325548226,
        0.9877000481699131,
        1.1141455016836972,
        0.9674068323270614,
        0.8975175417567751,
        0.8921764706108292,
        0.8912739426120098,
        1.0239393914323724,
        0.80265887116346,
        0.6999656120072364
    ],
    "setting": {
        "algorithm": "sync_mra",
        "dimension": 15,
        "samples": 15,
        "sigma": 0.5,
        "signal": [
            0.8804509063256238,
            0.4402254531628119,
            0.0,
            0.0,
            0.1760901812651248,
            0.0,
            0.0,
            0.0,
            0.0,
            0.0,
            0.0,
            0.0,
            0.0,
            0.0,
            0.0
        ]
    },
    "timestamp": 1693060119.1667194,
    "total_duration": 1.6111698150634766,
    "wrong_samples": [
        9,
        6,
        11,
        9,
        11,
        9,
        9,
        9,
        9,
        12,
        12,
        11,
        10,
        11,
        8,
        8,
        8,
        10,
        7,
        5
    ]
}