{
    "reconstruction_errors": [
        0.8557779338514685,
        0.7829527247687111,
        0.39916091405338355,
        0.8589848759105265,
        0.6650812274282336,
        0.6516757507928969,
        0.4156205663887394,
        0.66779330378049,
        0.7552527779504427,
        0.4860363144998623,
        0.9368344504490471,
        1.0314741640565628,
        0.9018560295081757,
        0.8432382650297285,
        0.9880258443184039,
        0.4762225274892432,
        0.6091847275823745,
        0.4496497508133824,
        0.7556954282926445,
        0.4087223869026706
    ],
    "setting": {
        "algorithm": "sync_mra",
        "dimension": 15,
        "samples": 100,
        "sigma": 0.5,
        "signal": [
            0.8804509063256238,
            0.4402254531628119,
            0.0,
            0.0,
            0.1760901812651248,
            0.0,
            0.0,
            0.0,
            0.0,
            0.0,
            0.0,
            0.0,
            0.0,
            0.0,
            0.0
        ]
    },
    "timestamp": 1693060107.7768056,
    "total_duration": 35.43081855773926,
    "wrong_samples": [
        79,
        74,
        44,
        81,
        68,
        65,
        49,
        69,
        71,
        68,
        78,
        83,
        76,
        76,
        83,
        49,
        68,
        51,
        68,
        57
    ]
}