{
    "reconstruction_errors": [
        0.06863512180291138,
        0.07933664470867481,
        0.0739999630112662,
        0.08842130877639899,
        0.06372438435732378,
        0.08116468458180663,
        0.054138182347969674,
        0.06473571663321366,
        0.0678035457214887,
        0.06481552168127709,
        0.09258760090947879,
        0.07006594632890502,
        0.08648461294993344,
        0.08154415197502012,
        0.07633631988587096,
        0.08821186354989598,
        0.05963587210597396,
        0.06953784206207633,
        0.0931010928626406,
        0.07265182688101705
    ],
    "setting": {
        "algorithm": "measure_best_apriori",
        "dimension": 15,
        "samples": 25,
        "sigma": 0.1,
        "signal": [
            0.8804509063256238,
            0.4402254531628119,
            0.0,
            0.0,
            0.1760901812651248,
            0.0,
            0.0,
            0.0,
            0.0,
            0.0,
            0.0,
            0.0,
            0.0,
            0.0,
            0.0
        ]
    },
    "timestamp": 1687208432.3034942,
    "total_duration": 155.81338357925415,
    "wrong_samples": [
        0,
        0,
        0,
        0,
        0,
        0,
        0,
        0,
        0,
        0,
        0,
        0,
        0,
        0,
        0,
        0,
        0,
        0,
        0,
        0
    ]
}