{
    "reconstruction_errors": [
        0.022669488576921918,
        0.02467126966389636,
        0.039063476406337734,
        0.02798464011647756,
        0.032083878028730195,
        0.023423539934938925,
        0.029257875543672606,
        0.038129659316493876,
        0.031102920020015325,
        0.022987295400097234,
        0.03674903107684023,
        0.0411139760868717,
        0.023768819211288976,
        0.02553482555770483,
        0.030890839800673524,
        0.03524083085183037,
        0.02685813322907989,
        0.03964925014625959,
        0.03275415677375564,
        0.018207160626348397
    ],
    "setting": {
        "algorithm": "measure_best_apriori",
        "dimension": 10,
        "samples": 100,
        "sigma": 0.1,
        "signal": [
            0.8804509063256238,
            0.4402254531628119,
            0.0,
            0.0,
            0.1760901812651248,
            0.0,
            0.0,
            0.0,
            0.0,
            0.0
        ]
    },
    "timestamp": 1687208525.4354138,
    "total_duration": 7196.664797544479,
    "wrong_samples": [
        0,
        0,
        0,
        0,
        0,
        0,
        0,
        0,
        0,
        0,
        0,
        0,
        0,
        0,
        0,
        0,
        0,
        0,
        0,
        0
    ]
}