{
    "reconstruction_errors": [
        0.1623370081865227,
        0.0834598520064538,
        0.10711212346863498,
        0.11343730642487442,
        0.10177927583161617,
        0.09798110840915691,
        0.009651024495784727,
        0.1625734760584931,
        0.1331077101444666,
        0.12635171763156203,
        0.07497278783734286,
        0.07093987441912748,
        0.12257063822680543,
        0.08741901593343614,
        0.09447287605740352,
        0.10308700245394321,
        0.08859227087200643,
        0.08679046320716746,
        0.1157804297899355,
        0.09981127433806199
    ],
    "setting": {
        "algorithm": "measure_best_apriori",
        "dimension": 5,
        "samples": 25,
        "sigma": 0.2,
        "signal": [
            0.8804509063256238,
            0.4402254531628119,
            0.0,
            0.0,
            0.1760901812651248
        ]
    },
    "timestamp": 1687208159.1855175,
    "total_duration": 23.816762685775757,
    "wrong_samples": [
        2,
        0,
        1,
        0,
        0,
        1,
        0,
        2,
        1,
        2,
        0,
        1,
        1,
        0,
        0,
        0,
        0,
        1,
        0,
        2
    ]
}