{
    "reconstruction_errors": [
        0.06747694746813081,
        0.03632819363857799,
        0.04017308325934787,
        0.054008473856204116,
        0.02144648185134446,
        0.03494393390940138,
        0.039578668106932585,
        0.06601803273916845,
        0.05576312243928503,
        0.05012606620044161,
        0.04756861883673227,
        0.02580731451961221,
        0.043728340047404994,
        0.03404499027901634,
        0.09431323246368255,
        0.05500721519919387,
        0.043199840892462885,
        0.020763975505384242,
        0.03695128986777973,
        0.035707123729002616
    ],
    "setting": {
        "algorithm": "measure_best_apriori",
        "dimension": 5,
        "samples": 100,
        "sigma": 0.2,
        "signal": [
            0.8804509063256238,
            0.4402254531628119,
            0.0,
            0.0,
            0.1760901812651248
        ]
    },
    "timestamp": 1687208166.3267925,
    "total_duration": 3480.2660808563232,
    "wrong_samples": [
        3,
        0,
        3,
        1,
        0,
        3,
        2,
        1,
        1,
        1,
        0,
        1,
        0,
        2,
        2,
        2,
        3,
        2,
        2,
        0
    ]
}