{
    "reconstruction_errors": [
        0.02566754485192597,
        0.05058437389835561,
        0.029545281158762805,
        0.04724592482198764,
        0.043673210661097146,
        0.07731543671330983,
        0.0287414138073326,
        0.030802021487090044,
        0.0532167167447563,
        0.04090964387983608,
        0.058413048286103046,
        0.053012535329022226,
        0.06191264355969676,
        0.05168606776675094,
        0.09980464528688111,
        0.05774414548829769,
        0.05455964019118878,
        0.08881278663883943,
        0.03432553015117281,
        0.03619144375743402
    ],
    "setting": {
        "algorithm": "measure_best_apriori",
        "dimension": 5,
        "samples": 70,
        "sigma": 0.2,
        "signal": [
            0.8804509063256238,
            0.4402254531628119,
            0.0,
            0.0,
            0.1760901812651248
        ]
    },
    "timestamp": 1687208159.1740475,
    "total_duration": 959.1330440044403,
    "wrong_samples": [
        0,
        0,
        2,
        5,
        0,
        4,
        0,
        2,
        0,
        0,
        3,
        2,
        1,
        2,
        1,
        2,
        2,
        2,
        4,
        0
    ]
}