{
    "reconstruction_errors": [
        0.07596995033576776,
        0.08824942270686174,
        0.07751090741054406,
        0.03969726316804513,
        0.0805769735893477,
        0.08984144802101691,
        0.05520139046704286,
        0.09162650430044336,
        0.10199560965939829,
        0.0647400486609501,
        0.06250430005187367,
        0.0695530225491862,
        0.07216826559166938,
        0.0634037778981398,
        0.07677588610902823,
        0.09475968149314279,
        0.07817461887048831,
        0.0678737654751073,
        0.06102500069621312,
        0.08871952831317942
    ],
    "setting": {
        "algorithm": "measure_best_apriori",
        "dimension": 10,
        "samples": 70,
        "sigma": 0.2,
        "signal": [
            0.8804509063256238,
            0.4402254531628119,
            0.0,
            0.0,
            0.1760901812651248,
            0.0,
            0.0,
            0.0,
            0.0,
            0.0
        ]
    },
    "timestamp": 1687213139.2937028,
    "total_duration": 3064.4623074531555,
    "wrong_samples": [
        1,
        2,
        0,
        1,
        0,
        1,
        0,
        2,
        1,
        0,
        0,
        1,
        1,
        0,
        0,
        0,
        0,
        1,
        0,
        0
    ]
}