{
    "reconstruction_errors": [
        0.17963457398055935,
        0.15736602250091936,
        0.2500149761394983,
        0.21980588005819676,
        0.16464336912464766,
        0.24989513722180318,
        0.18683082889188057,
        0.13333003682388353,
        0.21813052391372176,
        0.1950952459231085,
        0.2233235148300385,
        0.1407643731856048,
        0.14447045241796286,
        0.16633227725053262,
        0.20679660267220967,
        0.12803712238377912,
        0.2002924049629236,
        0.15414856938490246,
        0.16303104644668756,
        0.21815825221323606
    ],
    "setting": {
        "algorithm": "measure_best_apriori",
        "dimension": 10,
        "samples": 15,
        "sigma": 0.25,
        "signal": [
            0.8804509063256238,
            0.4402254531628119,
            0.0,
            0.0,
            0.1760901812651248,
            0.0,
            0.0,
            0.0,
            0.0,
            0.0
        ]
    },
    "timestamp": 1687208176.3461108,
    "total_duration": 12.610067129135132,
    "wrong_samples": [
        0,
        1,
        2,
        0,
        1,
        0,
        0,
        2,
        2,
        1,
        0,
        0,
        1,
        1,
        0,
        1,
        0,
        0,
        1,
        0
    ]
}