{
    "reconstruction_errors": [
        0.10877330713140619,
        0.12441334995618646,
        0.0966519169784739,
        0.0714158612842129,
        0.09503641673805618,
        0.12204626273297026,
        0.07520777233472765,
        0.11578121067751711,
        0.13159832105297417,
        0.08293349247628029,
        0.0849421649547569,
        0.0875457291027182,
        0.09042488849979045,
        0.08565345990413727,
        0.09631613033729756,
        0.12685964786943876,
        0.09457181236334353,
        0.08802972465300696,
        0.08545317961359887,
        0.10576539476500313
    ],
    "setting": {
        "algorithm": "measure_best_apriori",
        "dimension": 10,
        "samples": 70,
        "sigma": 0.25,
        "signal": [
            0.8804509063256238,
            0.4402254531628119,
            0.0,
            0.0,
            0.1760901812651248,
            0.0,
            0.0,
            0.0,
            0.0,
            0.0
        ]
    },
    "timestamp": 1687213115.9568384,
    "total_duration": 3392.2080240249634,
    "wrong_samples": [
        6,
        6,
        5,
        4,
        1,
        6,
        2,
        2,
        3,
        3,
        2,
        1,
        1,
        6,
        1,
        3,
        1,
        4,
        5,
        3
    ]
}