{
    "reconstruction_errors": [
        0.20434922937518596,
        0.3090040430975035,
        0.28303365820959664,
        0.2700242122539898,
        0.316840359593395,
        0.25873282720233987,
        0.19105204598521716,
        0.21447810304459,
        0.33746144682765633,
        0.1735189324859926,
        0.24959858185477593,
        0.3030576687711248,
        0.3130889227206613,
        0.2987712075176683,
        0.31473299701114854,
        0.26709937001399336,
        0.34676702574779505,
        0.26943363939009085,
        0.2624841875326167,
        0.3006852197568795
    ],
    "setting": {
        "algorithm": "measure_best_apriori",
        "dimension": 15,
        "samples": 15,
        "sigma": 0.25,
        "signal": [
            0.8804509063256238,
            0.4402254531628119,
            0.0,
            0.0,
            0.1760901812651248,
            0.0,
            0.0,
            0.0,
            0.0,
            0.0,
            0.0,
            0.0,
            0.0,
            0.0,
            0.0
        ]
    },
    "timestamp": 1687208356.778538,
    "total_duration": 52.10525059700012,
    "wrong_samples": [
        2,
        2,
        0,
        0,
        2,
        0,
        0,
        0,
        1,
        0,
        1,
        2,
        0,
        4,
        1,
        2,
        2,
        1,
        0,
        1
    ]
}