{
    "reconstruction_errors": [
        0.16776526453398055,
        0.19101937506420485,
        0.20186676415259197,
        0.1605569484007972,
        0.2100794261061818,
        0.2592466727704362,
        0.20622583887265952,
        0.21825677650189879,
        0.2401205544449792,
        0.14995232481890133,
        0.2743524795092166,
        0.16965220834762415,
        0.2439022278221657,
        0.15450556331101203,
        0.22864862461732965,
        0.18318981148930144,
        0.28460276569266296,
        0.22560488284414862,
        0.20242300650000175,
        0.19741831529691634
    ],
    "setting": {
        "algorithm": "measure_best_apriori",
        "dimension": 10,
        "samples": 25,
        "sigma": 0.3,
        "signal": [
            0.8804509063256238,
            0.4402254531628119,
            0.0,
            0.0,
            0.1760901812651248,
            0.0,
            0.0,
            0.0,
            0.0,
            0.0
        ]
    },
    "timestamp": 1687209253.9068568,
    "total_duration": 150.36027908325195,
    "wrong_samples": [
        2,
        1,
        4,
        2,
        0,
        1,
        4,
        4,
        2,
        3,
        4,
        1,
        2,
        4,
        3,
        2,
        4,
        4,
        3,
        1
    ]
}