{
    "reconstruction_errors": [
        0.09927688376839396,
        0.08184028194126199,
        0.055693039734386635,
        0.0802892912698744,
        0.05560480549965708,
        0.09677290432903617,
        0.0838945901775439,
        0.04119429777497402,
        0.09980992168583817,
        0.06790737707416591,
        0.07719574898411939,
        0.10608698075143415,
        0.09155514445765792,
        0.1273545780372692,
        0.15184486023417293,
        0.1042790319116392,
        0.07798820303595536,
        0.13877473699114543,
        0.09326677382635122,
        0.07287767791183536
    ],
    "setting": {
        "algorithm": "measure_best_apriori",
        "dimension": 5,
        "samples": 70,
        "sigma": 0.3,
        "signal": [
            0.8804509063256238,
            0.4402254531628119,
            0.0,
            0.0,
            0.1760901812651248
        ]
    },
    "timestamp": 1687208165.1129496,
    "total_duration": 1234.6433734893799,
    "wrong_samples": [
        8,
        8,
        8,
        7,
        5,
        10,
        7,
        8,
        9,
        6,
        7,
        12,
        10,
        12,
        9,
        13,
        10,
        10,
        11,
        11
    ]
}