{
    "reconstruction_errors": [
        0.21261603070118992,
        0.20985991769382129,
        0.25811404623439,
        0.24473363353322253,
        0.1678781403179742,
        0.168056693058212,
        0.2111659196048409,
        0.22303556534663652,
        0.20030079402180698,
        0.17711875327399415,
        0.19623433518445463,
        0.24404567869450974,
        0.16614984641278843,
        0.1933428134093723,
        0.24822615036767307,
        0.19925631437030575,
        0.13820631953312887,
        0.19984356596319147,
        0.2005541339637429,
        0.17707584125757136
    ],
    "setting": {
        "algorithm": "measure_best_apriori",
        "dimension": 15,
        "samples": 45,
        "sigma": 0.3,
        "signal": [
            0.8804509063256238,
            0.4402254531628119,
            0.0,
            0.0,
            0.1760901812651248,
            0.0,
            0.0,
            0.0,
            0.0,
            0.0,
            0.0,
            0.0,
            0.0,
            0.0,
            0.0
        ]
    },
    "timestamp": 1687208764.4001606,
    "total_duration": 2178.5348224639893,
    "wrong_samples": [
        4,
        7,
        8,
        6,
        1,
        2,
        7,
        8,
        9,
        6,
        9,
        6,
        4,
        5,
        3,
        4,
        6,
        5,
        3,
        5
    ]
}