{
    "reconstruction_errors": [
        0.08044821447357509,
        0.07500312880536057,
        0.1017881294181566,
        0.09590512461821372,
        0.1156607795080238,
        0.0739075667865961,
        0.13374278114006555,
        0.13133083881212557,
        0.07013710619060069,
        0.06851127315020943,
        0.10289992153149063,
        0.10230583006231839,
        0.06496073293081622,
        0.09322697986365072,
        0.09233371358349533,
        0.13117420673045507,
        0.08436656005956272,
        0.1513904918118596,
        0.1155495952746296,
        0.1169595302397756
    ],
    "setting": {
        "algorithm": "measure_best_apriori",
        "dimension": 10,
        "samples": 100,
        "sigma": 0.3,
        "signal": [
            0.8804509063256238,
            0.4402254531628119,
            0.0,
            0.0,
            0.1760901812651248,
            0.0,
            0.0,
            0.0,
            0.0,
            0.0
        ]
    },
    "timestamp": 1687208282.0541859,
    "total_duration": 12978.20452594757,
    "wrong_samples": [
        10,
        7,
        11,
        12,
        10,
        12,
        11,
        11,
        9,
        15,
        4,
        10,
        6,
        7,
        7,
        8,
        3,
        13,
        9,
        17
    ]
}