{
    "reconstruction_errors": [
        0.37006457330627296,
        0.2298101293682405,
        0.3478343796109847,
        0.28450771091753563,
        0.6392301169386415,
        0.1701711950641706,
        0.7517826562043971,
        0.22420634120199606,
        0.4741395555773458,
        0.31416414301794604,
        0.2577073065261058,
        0.6019225928865646,
        0.2836457261504026,
        0.17513848508098348,
        0.26249888075490396,
        0.272584313126802,
        0.4794759422640842,
        0.1403696666329143,
        0.41392786391827574,
        0.33526561254045273
    ],
    "setting": {
        "algorithm": "measure_best_apriori",
        "dimension": 5,
        "samples": 15,
        "sigma": 0.4,
        "signal": [
            0.8804509063256238,
            0.4402254531628119,
            0.0,
            0.0,
            0.1760901812651248
        ]
    },
    "timestamp": 1687208159.1740475,
    "total_duration": 6.663774013519287,
    "wrong_samples": [
        7,
        4,
        5,
        6,
        6,
        7,
        6,
        3,
        5,
        4,
        2,
        6,
        4,
        6,
        7,
        6,
        7,
        4,
        6,
        2
    ]
}