{
    "reconstruction_errors": [
        0.34875542185424885,
        0.7176844203351341,
        0.966521891224053,
        0.4887285834421056,
        0.670434509878682,
        0.5252871902417069,
        0.47654834797868945,
        0.8597377404836855,
        0.8965036776555073,
        0.6772368038654406,
        0.7748463314457191,
        0.8150827053587921,
        0.9445899355262207,
        0.8210838305907395,
        0.6617861449347526,
        0.4427328003088587,
        0.5388619612461503,
        0.672442202194222,
        0.6725382716111389,
        0.4837953846125209
    ],
    "setting": {
        "algorithm": "measure_best_apriori",
        "dimension": 15,
        "samples": 15,
        "sigma": 0.4,
        "signal": [
            0.8804509063256238,
            0.4402254531628119,
            0.0,
            0.0,
            0.1760901812651248,
            0.0,
            0.0,
            0.0,
            0.0,
            0.0,
            0.0,
            0.0,
            0.0,
            0.0,
            0.0
        ]
    },
    "timestamp": 1687208408.9829655,
    "total_duration": 56.74220848083496,
    "wrong_samples": [
        3,
        6,
        11,
        2,
        7,
        2,
        4,
        10,
        9,
        9,
        7,
        7,
        9,
        11,
        4,
        3,
        3,
        8,
        6,
        4
    ]
}