{
    "reconstruction_errors": [
        0.3133774207082465,
        0.22065709979630035,
        0.31497579301815265,
        0.39920882864028145,
        0.29178686792369085,
        0.4006571574844889,
        0.16310032170522307,
        0.3021048645661814,
        0.1552678909842592,
        0.3379943124926391,
        0.2478594225840846,
        0.22434299240393826,
        0.2594512309248461,
        0.3757588657535684,
        0.4187418619565112,
        0.2381143717094623,
        0.3294664644133919,
        0.3156656670344712,
        0.5224297667716179,
        0.28339220857608116
    ],
    "setting": {
        "algorithm": "measure_best_apriori",
        "dimension": 10,
        "samples": 45,
        "sigma": 0.4,
        "signal": [
            0.8804509063256238,
            0.4402254531628119,
            0.0,
            0.0,
            0.1760901812651248,
            0.0,
            0.0,
            0.0,
            0.0,
            0.0
        ]
    },
    "timestamp": 1687209239.6517396,
    "total_duration": 1142.5391657352448,
    "wrong_samples": [
        16,
        11,
        17,
        21,
        14,
        15,
        9,
        11,
        9,
        16,
        11,
        11,
        10,
        15,
        19,
        9,
        11,
        15,
        21,
        18
    ]
}