{
    "reconstruction_errors": [
        0.37945676544010076,
        0.268985336851148,
        0.5185331651059716,
        0.4552514576389875,
        0.27643244069828793,
        0.513820579176452,
        0.354176811614989,
        0.37005521210032344,
        0.4583816635713392,
        0.2923565851660756,
        0.7572422945726526,
        0.3413380139924309,
        0.34467297174227973,
        0.3518888189956953,
        0.4564783617638299,
        0.5168006076850182,
        0.3567532044055828,
        0.3282373908903448,
        0.6145466961011666,
        0.5882590473155147
    ],
    "setting": {
        "algorithm": "measure_best_apriori",
        "dimension": 10,
        "samples": 15,
        "sigma": 0.4,
        "signal": [
            0.8804509063256238,
            0.4402254531628119,
            0.0,
            0.0,
            0.1760901812651248,
            0.0,
            0.0,
            0.0,
            0.0,
            0.0
        ]
    },
    "timestamp": 1687208287.0835707,
    "total_duration": 24.16778016090393,
    "wrong_samples": [
        4,
        2,
        4,
        5,
        2,
        3,
        1,
        5,
        7,
        3,
        6,
        4,
        6,
        4,
        3,
        5,
        3,
        1,
        10,
        7
    ]
}