{
    "reconstruction_errors": [
        0.1739417297406247,
        0.11968748060779526,
        0.2542638105095656,
        0.3775389686985299,
        0.24725788508378146,
        0.4578129389849666,
        0.24790640614933918,
        0.3161163131828276,
        0.30359196303103453,
        0.3203070038933269,
        0.2622232766098534,
        0.33623103394142856,
        0.2931879491966552,
        0.21628012258483953,
        0.26121291104543837,
        0.22605766027984311,
        0.2248577039233623,
        0.3741117593183836,
        0.2236335325644682,
        0.21080342930088422
    ],
    "setting": {
        "algorithm": "measure_best_apriori",
        "dimension": 5,
        "samples": 100,
        "sigma": 0.5,
        "signal": [
            0.8804509063256238,
            0.4402254531628119,
            0.0,
            0.0,
            0.1760901812651248
        ]
    },
    "timestamp": 1687208184.3746583,
    "total_duration": 4931.558259963989,
    "wrong_samples": [
        37,
        28,
        33,
        37,
        34,
        46,
        32,
        32,
        33,
        37,
        36,
        42,
        32,
        31,
        28,
        37,
        41,
        43,
        32,
        34
    ]
}