{
    "reconstruction_errors": [
        0.3400119791053033,
        0.2940956878307631,
        0.20285764404019324,
        0.21562382289843993,
        0.29329805307366996,
        0.24309975338958034,
        0.5853758076347818,
        0.4186681990569657,
        0.21649703947409196,
        0.22928954702946125,
        0.5046202042145445,
        0.2878865630345703,
        0.26195189417210857,
        0.3652863881690711,
        0.34775837527353115,
        0.3497976566987672,
        0.29467685934226073,
        0.5466110515648688,
        0.25726559074354627,
        0.349952706859936
    ],
    "setting": {
        "algorithm": "measure_best_apriori",
        "dimension": 5,
        "samples": 70,
        "sigma": 0.5,
        "signal": [
            0.8804509063256238,
            0.4402254531628119,
            0.0,
            0.0,
            0.1760901812651248
        ]
    },
    "timestamp": 1687208165.8732584,
    "total_duration": 1437.2395610809326,
    "wrong_samples": [
        25,
        27,
        22,
        22,
        26,
        23,
        39,
        35,
        22,
        23,
        36,
        27,
        26,
        28,
        21,
        29,
        28,
        28,
        32,
        33
    ]
}