{
    "reconstruction_errors": [
        0.7727783687705938,
        0.6648261238311101,
        0.9582235608069887,
        0.7425754221854194,
        0.49652795481968404,
        0.5395135617462907,
        0.533391473060612,
        0.9156502296109148,
        1.0425595415690052,
        0.9878500775891352,
        0.7382581980350947,
        0.8594810772494396,
        1.0697056994588423,
        0.4484905207861934,
        1.0189279933345654,
        0.462438224152013,
        0.6678929667961186,
        0.8592845420455798,
        0.46925565596365604,
        0.6365080616019314
    ],
    "setting": {
        "algorithm": "measure_best_apriori",
        "dimension": 15,
        "samples": 45,
        "sigma": 0.5,
        "signal": [
            0.8804509063256238,
            0.4402254531628119,
            0.0,
            0.0,
            0.1760901812651248,
            0.0,
            0.0,
            0.0,
            0.0,
            0.0,
            0.0,
            0.0,
            0.0,
            0.0,
            0.0
        ]
    },
    "timestamp": 1687209809.4289129,
    "total_duration": 3109.6633956432343,
    "wrong_samples": [
        26,
        24,
        34,
        25,
        19,
        21,
        20,
        32,
        37,
        35,
        29,
        34,
        36,
        13,
        31,
        15,
        27,
        33,
        24,
        24
    ]
}