{
    "reconstruction_errors": [
        0.5530482246529251,
        0.4088230748454474,
        0.9275992921240018,
        0.6693154523418446,
        0.5316084891444371,
        0.7559105762604005,
        0.6283683523006988,
        0.6084432424158437,
        0.700405316831391,
        0.4648078534087735,
        1.016605603574293,
        0.5392451915591685,
        0.46144173097998004,
        0.6075534815694708,
        0.6255892206504127,
        0.7992045193792229,
        0.5220679214108551,
        0.44668717253439444,
        0.8201522570980906,
        0.696406421997282
    ],
    "setting": {
        "algorithm": "measure_best_apriori",
        "dimension": 10,
        "samples": 15,
        "sigma": 0.5,
        "signal": [
            0.8804509063256238,
            0.4402254531628119,
            0.0,
            0.0,
            0.1760901812651248,
            0.0,
            0.0,
            0.0,
            0.0,
            0.0
        ]
    },
    "timestamp": 1687208311.6944127,
    "total_duration": 33.47994089126587,
    "wrong_samples": [
        8,
        4,
        9,
        9,
        5,
        5,
        4,
        7,
        8,
        5,
        9,
        7,
        8,
        9,
        4,
        8,
        5,
        2,
        11,
        7
    ]
}