{
    "reconstruction_errors": [
        0.02566754485192597,
        0.06614789613518211,
        0.029545281158762805,
        0.39734528562648735,
        0.043673210661097146,
        0.07731543671330983,
        0.0287414138073326,
        0.03364036077701702,
        0.10249371287662679,
        0.03752640768533127,
        0.05804777659613801,
        0.05109430394768094,
        0.054454555672212454,
        0.16343794827997798,
        0.09980464528688111,
        0.05774414548829769,
        0.05455964019118878,
        0.0756452566556789,
        0.028434962724889632,
        0.03619144375743402
    ],
    "setting": {
        "algorithm": "sync_mra",
        "dimension": 5,
        "samples": 70,
        "sigma": 0.2,
        "signal": [
            0.8804509063256238,
            0.4402254531628119,
            0.0,
            0.0,
            0.1760901812651248
        ]
    },
    "timestamp": 1687207745.1648395,
    "total_duration": 7.335565805435181,
    "wrong_samples": [
        0,
        2,
        2,
        29,
        0,
        4,
        0,
        3,
        8,
        1,
        2,
        1,
        2,
        13,
        1,
        2,
        2,
        1,
        3,
        0
    ]
}