{
    "reconstruction_errors": [
        0.24994737545286505,
        0.5705537108709743,
        0.6878596354352138,
        0.32402905470478766,
        0.41238436561672276,
        0.327849410016043,
        0.33641489219113696,
        0.2798525013251711,
        0.42128200701159857,
        0.5772199053455443,
        0.39092990966297786,
        0.6255275146683402,
        0.42381688532029194,
        0.5598679922841112,
        0.39714221329735067,
        0.32633971096745934,
        0.41842916058128415,
        0.5034678034712996,
        0.39999122538742543,
        0.3598602579829921
    ],
    "setting": {
        "algorithm": "sync_mra",
        "dimension": 15,
        "samples": 15,
        "sigma": 0.3,
        "signal": [
            0.8804509063256238,
            0.4402254531628119,
            0.0,
            0.0,
            0.1760901812651248,
            0.0,
            0.0,
            0.0,
            0.0,
            0.0,
            0.0,
            0.0,
            0.0,
            0.0,
            0.0
        ]
    },
    "timestamp": 1687207754.5037327,
    "total_duration": 2.1075549125671387,
    "wrong_samples": [
        2,
        6,
        8,
        0,
        3,
        2,
        2,
        3,
        2,
        7,
        3,
        7,
        2,
        9,
        2,
        2,
        4,
        5,
        2,
        1
    ]
}