{
    "reconstruction_errors": [
        0.39154160042345865,
        0.24039542338661415,
        0.31247577899176954,
        0.35219697442300735,
        0.23983387454808747,
        0.22246231930063726,
        0.39650927272731606,
        0.2341980407685911,
        0.2598912213723178,
        0.3747754456010698,
        0.2337606007511252,
        0.16965220834762415,
        0.3158380664990228,
        0.20000501592074005,
        0.27660690071658633,
        0.235513615897887,
        0.3061738705632532,
        0.25473338765226394,
        0.23254114134509335,
        0.23631597198580717
    ],
    "setting": {
        "algorithm": "sync_mra",
        "dimension": 10,
        "samples": 25,
        "sigma": 0.3,
        "signal": [
            0.8804509063256238,
            0.4402254531628119,
            0.0,
            0.0,
            0.1760901812651248,
            0.0,
            0.0,
            0.0,
            0.0,
            0.0
        ]
    },
    "timestamp": 1687207752.1877382,
    "total_duration": 2.301023483276367,
    "wrong_samples": [
        8,
        2,
        5,
        8,
        1,
        1,
        8,
        5,
        4,
        8,
        5,
        1,
        4,
        6,
        4,
        4,
        6,
        6,
        4,
        1
    ]
}