{
    "reconstruction_errors": [
        0.14188588555103207,
        0.11786096369096359,
        0.16094065372490354,
        0.17729339289436413,
        0.16705964210142554,
        0.11250060700397184,
        0.14278439516749766,
        0.16953106796642597,
        0.12570637344567906,
        0.664787052283387,
        0.16311604926110565,
        0.14196891854856727,
        0.15683757839038417,
        0.42926434104216904,
        0.2814440280834589,
        0.1549548760224639,
        0.12818262038513817,
        0.16672704341448744,
        0.23781769956035842,
        0.17073641692255712
    ],
    "setting": {
        "algorithm": "sync_mra",
        "dimension": 10,
        "samples": 45,
        "sigma": 0.3,
        "signal": [
            0.8804509063256238,
            0.4402254531628119,
            0.0,
            0.0,
            0.1760901812651248,
            0.0,
            0.0,
            0.0,
            0.0,
            0.0
        ]
    },
    "timestamp": 1687207759.6359558,
    "total_duration": 7.227566957473755,
    "wrong_samples": [
        5,
        5,
        8,
        9,
        3,
        2,
        5,
        3,
        6,
        23,
        5,
        5,
        2,
        15,
        13,
        0,
        2,
        6,
        10,
        6
    ]
}