{
    "reconstruction_errors": [
        0.3064257882795791,
        0.4009114724264665,
        0.1332873560463076,
        0.22000200336734155,
        0.3660653296391833,
        0.2618732300407604,
        0.5785567497430232,
        0.18535217703835924,
        0.5205178219294295,
        0.23851450545326888,
        0.1519178982048647,
        0.2199293348353248,
        0.21047072892874955,
        0.1279532819743556,
        0.2187047223702303,
        0.15817278894699024,
        0.2927216175564644,
        0.3231524376984909,
        0.1971530194253715,
        0.16743731143578783
    ],
    "setting": {
        "algorithm": "sync_mra",
        "dimension": 5,
        "samples": 15,
        "sigma": 0.3,
        "signal": [
            0.8804509063256238,
            0.4402254531628119,
            0.0,
            0.0,
            0.1760901812651248
        ]
    },
    "timestamp": 1687207747.358582,
    "total_duration": 0.32785725593566895,
    "wrong_samples": [
        5,
        6,
        3,
        6,
        2,
        4,
        8,
        3,
        7,
        3,
        0,
        1,
        4,
        3,
        4,
        1,
        7,
        4,
        3,
        0
    ]
}