{
    "reconstruction_errors": [
        0.49340442360848763,
        0.4549763695317721,
        0.23742243796190982,
        0.5357267968431799,
        0.3381764275505155,
        0.5066733321462179,
        0.22489780218040736,
        0.6051212446955223,
        0.6575412228609022,
        0.43398605617778496,
        0.3420878808320603,
        0.6658347438177795,
        0.7842312107071201,
        0.8013877964282883,
        0.6415277800578678,
        0.2657249090953807,
        0.47090783211953496,
        0.23753605795671703,
        0.4239108642109732,
        0.26543834975291924
    ],
    "setting": {
        "algorithm": "sync_mra",
        "dimension": 15,
        "samples": 100,
        "sigma": 0.4,
        "signal": [
            0.8804509063256238,
            0.4402254531628119,
            0.0,
            0.0,
            0.1760901812651248,
            0.0,
            0.0,
            0.0,
            0.0,
            0.0,
            0.0,
            0.0,
            0.0,
            0.0,
            0.0
        ]
    },
    "timestamp": 1687207781.8021355,
    "total_duration": 20.914910793304443,
    "wrong_samples": [
        51,
        53,
        31,
        61,
        44,
        48,
        34,
        57,
        69,
        53,
        45,
        69,
        72,
        69,
        66,
        27,
        61,
        27,
        50,
        38
    ]
}