{
    "reconstruction_errors": [
        0.683068727634071,
        0.60449967969617,
        0.4271797032494102,
        0.6521464492949315,
        0.3854305751715507,
        0.6136838524271717,
        0.5599388460022767,
        0.45239732370895974,
        0.6646228560586288,
        0.4166226771447481,
        0.4505602242848927,
        0.5321843980367685,
        0.5859521808473009,
        0.4124149316620509,
        0.5945478422798671,
        0.49048464082891824,
        0.7295322984807084,
        0.2637711935792933,
        0.2725441729529427,
        0.5869135640884536
    ],
    "setting": {
        "algorithm": "sync_mra",
        "dimension": 10,
        "samples": 25,
        "sigma": 0.4,
        "signal": [
            0.8804509063256238,
            0.4402254531628119,
            0.0,
            0.0,
            0.1760901812651248,
            0.0,
            0.0,
            0.0,
            0.0,
            0.0
        ]
    },
    "timestamp": 1687207749.680629,
    "total_duration": 2.2764945030212402,
    "wrong_samples": [
        14,
        14,
        8,
        14,
        6,
        10,
        12,
        10,
        11,
        10,
        12,
        14,
        10,
        12,
        12,
        10,
        14,
        7,
        10,
        13
    ]
}