{
    "reconstruction_errors": [
        0.24944175944901562,
        0.3523148360620457,
        0.33807474860119513,
        0.15015527166706255,
        0.4700791165763836,
        0.472384546947884,
        0.5579400102116657,
        0.6120277136185344,
        0.3753099403484216,
        0.26137064198638776,
        0.3049796935566423,
        0.2558849868713321,
        0.36862967909373284,
        0.4872496197138966,
        0.36438653420187145,
        0.37707140488903174,
        0.3249272385249749,
        0.291129776293518,
        0.28082452730427654,
        0.296050569162384
    ],
    "setting": {
        "algorithm": "sync_mra",
        "dimension": 5,
        "samples": 45,
        "sigma": 0.5,
        "signal": [
            0.8804509063256238,
            0.4402254531628119,
            0.0,
            0.0,
            0.1760901812651248
        ]
    },
    "timestamp": 1687207765.4023542,
    "total_duration": 3.207533121109009,
    "wrong_samples": [
        18,
        20,
        23,
        20,
        28,
        27,
        26,
        30,
        22,
        15,
        20,
        18,
        27,
        22,
        17,
        20,
        24,
        14,
        15,
        14
    ]
}