{
    "reconstruction_errors": [
        0.8332010188656626,
        0.6546188337747451,
        0.8299989115117781,
        0.7879121507770587,
        0.6125802082796578,
        0.5605051040332715,
        0.7465957249560542,
        0.8635987453186126,
        0.8458159500447692,
        0.8877969508975775,
        0.784543491085001,
        0.9063380037973744,
        1.0115639838965116,
        0.8210827795175693,
        1.066669896097719,
        0.5675767279433248,
        0.8659202515701394,
        0.9362693720188515,
        0.7543530320475397,
        0.5273778732289763
    ],
    "setting": {
        "algorithm": "sync_mra",
        "dimension": 15,
        "samples": 45,
        "sigma": 0.5,
        "signal": [
            0.8804509063256238,
            0.4402254531628119,
            0.0,
            0.0,
            0.1760901812651248,
            0.0,
            0.0,
            0.0,
            0.0,
            0.0,
            0.0,
            0.0,
            0.0,
            0.0,
            0.0
        ]
    },
    "timestamp": 1687207761.138522,
    "total_duration": 12.235944509506226,
    "wrong_samples": [
        28,
        29,
        36,
        27,
        23,
        28,
        27,
        35,
        33,
        37,
        33,
        34,
        33,
        26,
        36,
        26,
        35,
        35,
        32,
        23
    ]
}