{
    "reconstruction_errors": [
        1.7457352445311866e-15,
        1.7457352445311866e-15,
        1.7457352445311866e-15,
        1.7457352445311866e-15,
        1.7457352445311866e-15,
        1.7457352445311866e-15,
        1.7457352445311866e-15,
        1.7457352445311866e-15,
        1.7457352445311866e-15,
        1.7457352445311866e-15,
        1.7457352445311866e-15,
        1.7457352445311866e-15,
        1.7457352445311866e-15,
        1.7457352445311866e-15,
        1.7457352445311866e-15,
        1.7457352445311866e-15,
        1.7457352445311866e-15,
        1.7457352445311866e-15,
        1.7457352445311866e-15,
        1.7457352445311866e-15
    ],
    "setting": {
        "algorithm": "measure_best_apriori",
        "dimension": 15,
        "samples": 70,
        "sigma": 0.0,
        "signal": [
            0.8804509063256238,
            0.4402254531628119,
            0.0,
            0.0,
            0.1760901812651248,
            0.0,
            0.0,
            0.0,
            0.0,
            0.0,
            0.0,
            0.0,
            0.0,
            0.0,
            0.0
        ]
    },
    "timestamp": 1685194455.7097356,
    "total_duration": 452.89716243743896,
    "wrong_samples": [
        0,
        0,
        0,
        0,
        0,
        0,
        0,
        0,
        0,
        0,
        0,
        0,
        0,
        0,
        0,
        0,
        0,
        0,
        0,
        0
    ]
}