{
    "reconstruction_errors": [
        0.02566754485192597,
        0.05058437389835561,
        0.03186934688896265,
        0.04724592482198764,
        0.043673210661097146,
        0.07731543671330983,
        0.021008418263092604,
        0.030802021487090044,
        0.0532167167447563,
        0.04090964387983608,
        0.058413048286103046,
        0.053012535329022226,
        0.054454555672212454,
        0.05168606776675094,
        0.09980464528688111,
        0.05774414548829769,
        0.05455964019118878,
        0.0756452566556789,
        0.03078194682922633,
        0.03619144375743402
    ],
    "setting": {
        "algorithm": "measure_best_apriori",
        "dimension": 5,
        "samples": 70,
        "sigma": 0.2,
        "signal": [
            0.8804509063256238,
            0.4402254531628119,
            0.0,
            0.0,
            0.1760901812651248
        ]
    },
    "timestamp": 1685193799.3920634,
    "total_duration": 557.8170614242554,
    "wrong_samples": [
        0,
        0,
        3,
        5,
        0,
        4,
        1,
        2,
        0,
        0,
        3,
        2,
        2,
        2,
        1,
        2,
        2,
        1,
        3,
        0
    ]
}