{
    "reconstruction_errors": [
        0.14370765918444758,
        0.12822289779147883,
        0.17097289579169514,
        0.17584470404655742,
        0.14574986112198696,
        0.19991610977744254,
        0.1494646631135045,
        0.08458349120759019,
        0.16294123150847759,
        0.10438288293371899,
        0.1786588118640308,
        0.11261149854848386,
        0.12485957185768043,
        0.10929650202421841,
        0.1654372821377679,
        0.10169007076797071,
        0.16023392397033887,
        0.12331885550792189,
        0.1606514819397865,
        0.1745266017705889
    ],
    "setting": {
        "algorithm": "measure_best_apriori",
        "dimension": 10,
        "samples": 15,
        "sigma": 0.2,
        "signal": [
            0.8804509063256238,
            0.4402254531628119,
            0.0,
            0.0,
            0.1760901812651248,
            0.0,
            0.0,
            0.0,
            0.0,
            0.0
        ]
    },
    "timestamp": 1685193250.781995,
    "total_duration": 8.424243450164795,
    "wrong_samples": [
        0,
        1,
        1,
        0,
        0,
        0,
        0,
        1,
        0,
        0,
        0,
        0,
        0,
        0,
        0,
        0,
        0,
        0,
        0,
        0
    ]
}