{
    "reconstruction_errors": [
        0.09614633382271985,
        0.0781161790748547,
        0.10430537161978853,
        0.047709664181386266,
        0.30384254696845253,
        0.0829820032815102,
        0.23515050200014512,
        0.08244237237355191,
        0.15196162953136008,
        0.11787542257685903,
        0.1012785988032431,
        0.13209864187178103,
        0.09499267992372629,
        0.13412787474966176,
        0.13272610167005133,
        0.09255864006734503,
        0.18009399741526305,
        0.09578912295858809,
        0.07052326617460197,
        0.1116248742905252
    ],
    "setting": {
        "algorithm": "measure_best_apriori",
        "dimension": 5,
        "samples": 15,
        "sigma": 0.2,
        "signal": [
            0.8804509063256238,
            0.4402254531628119,
            0.0,
            0.0,
            0.1760901812651248
        ]
    },
    "timestamp": 1685193230.2035537,
    "total_duration": 6.187530040740967,
    "wrong_samples": [
        0,
        0,
        2,
        0,
        3,
        0,
        1,
        1,
        0,
        1,
        0,
        0,
        1,
        2,
        1,
        0,
        1,
        1,
        0,
        0
    ]
}