{
    "reconstruction_errors": [
        0.16179687517033575,
        0.11743249806879937,
        0.11474638858440056,
        0.05447879316313416,
        0.3430541883021869,
        0.10372750410188769,
        0.33695677396720164,
        0.10461259168207211,
        0.18995203691420004,
        0.14393871452490764,
        0.12659824850405393,
        0.16512330233972616,
        0.1161775157534634,
        0.10430280253244772,
        0.18356879427908002,
        0.11569830008418124,
        0.21423480472248096,
        0.11642238349944097,
        0.1534988373398638,
        0.1395310928631564
    ],
    "setting": {
        "algorithm": "measure_best_apriori",
        "dimension": 5,
        "samples": 15,
        "sigma": 0.25,
        "signal": [
            0.8804509063256238,
            0.4402254531628119,
            0.0,
            0.0,
            0.1760901812651248
        ]
    },
    "timestamp": 1685193230.1845806,
    "total_duration": 6.285959482192993,
    "wrong_samples": [
        3,
        2,
        2,
        2,
        3,
        0,
        2,
        1,
        0,
        1,
        0,
        0,
        2,
        3,
        3,
        0,
        1,
        1,
        3,
        0
    ]
}