{
    "reconstruction_errors": [
        0.07148610778440738,
        0.09068446274763042,
        0.05871784046238657,
        0.07484763438709112,
        0.05560480549965708,
        0.09838465807059589,
        0.04859641217005251,
        0.03255026028568239,
        0.09980992168583817,
        0.07156549651393213,
        0.08820486450932061,
        0.10608698075143415,
        0.08522337911865628,
        0.1273545780372692,
        0.15184486023417293,
        0.13566704290538842,
        0.0785946045078243,
        0.12049697409714703,
        0.042090351036992324,
        0.08963541044049216
    ],
    "setting": {
        "algorithm": "measure_best_apriori",
        "dimension": 5,
        "samples": 70,
        "sigma": 0.3,
        "signal": [
            0.8804509063256238,
            0.4402254531628119,
            0.0,
            0.0,
            0.1760901812651248
        ]
    },
    "timestamp": 1685193799.419062,
    "total_duration": 656.2706415653229,
    "wrong_samples": [
        10,
        7,
        9,
        8,
        5,
        9,
        4,
        9,
        9,
        9,
        8,
        12,
        8,
        12,
        9,
        14,
        11,
        10,
        12,
        12
    ]
}