{
    "reconstruction_errors": [
        0.3064257882795791,
        0.11802001688423897,
        0.19272001954096213,
        0.15128419326834117,
        0.4979178209028498,
        0.1244730049222653,
        0.5245185972325214,
        0.12836095726252358,
        0.3115561080021132,
        0.14190566613747352,
        0.1519178982048647,
        0.17874351637704167,
        0.17249912014000143,
        0.1279532819743556,
        0.17725363687142778,
        0.13883796010101748,
        0.43115432027345724,
        0.08015431486978283,
        0.18821049485231253,
        0.16743731143578783
    ],
    "setting": {
        "algorithm": "measure_best_apriori",
        "dimension": 5,
        "samples": 15,
        "sigma": 0.3,
        "signal": [
            0.8804509063256238,
            0.4402254531628119,
            0.0,
            0.0,
            0.1760901812651248
        ]
    },
    "timestamp": 1685193230.2065434,
    "total_duration": 6.369991064071655,
    "wrong_samples": [
        5,
        3,
        3,
        5,
        5,
        0,
        4,
        1,
        4,
        3,
        0,
        1,
        3,
        3,
        5,
        0,
        4,
        2,
        4,
        0
    ]
}