{
    "reconstruction_errors": [
        0.12707138871048626,
        0.2007612844498553,
        0.1476661119488944,
        0.10655145516701918,
        0.08307561390353771,
        0.1150668510348237,
        0.11649379408077161,
        0.10707079721192705,
        0.13477393167363746,
        0.17703258895077476,
        0.09525694459191585,
        0.16835708391948115,
        0.12555325983372323,
        0.12787558415350753,
        0.16707756010668742,
        0.14833411574096775,
        0.1779446467978337,
        0.14606556760124914,
        0.12686329950142988,
        0.12415384509910239
    ],
    "setting": {
        "algorithm": "measure_best_apriori",
        "dimension": 15,
        "samples": 100,
        "sigma": 0.3,
        "signal": [
            0.8804509063256238,
            0.4402254531628119,
            0.0,
            0.0,
            0.1760901812651248,
            0.0,
            0.0,
            0.0,
            0.0,
            0.0,
            0.0,
            0.0,
            0.0,
            0.0,
            0.0
        ]
    },
    "timestamp": 1685198954.3204732,
    "total_duration": 10391.781287908554,
    "wrong_samples": [
        12,
        17,
        13,
        15,
        14,
        11,
        12,
        14,
        6,
        14,
        14,
        10,
        7,
        9,
        19,
        8,
        19,
        9,
        14,
        15
    ]
}