{
    "reconstruction_errors": [
        0.37006457330627296,
        0.2298101293682405,
        0.29497186572181167,
        0.28450771091753563,
        0.6308295926741343,
        0.5597010133343157,
        0.8168498159117445,
        0.22420634120199606,
        0.47173069074495694,
        0.2603051101301988,
        0.2577073065261058,
        0.5502998132104102,
        0.3672146206712804,
        0.1603989567685011,
        0.26249888075490396,
        0.44499980756634233,
        0.43538358102750574,
        0.1403696666329143,
        0.41392786391827574,
        0.33526561254045273
    ],
    "setting": {
        "algorithm": "measure_best_apriori",
        "dimension": 5,
        "samples": 15,
        "sigma": 0.4,
        "signal": [
            0.8804509063256238,
            0.4402254531628119,
            0.0,
            0.0,
            0.1760901812651248
        ]
    },
    "timestamp": 1685193230.17909,
    "total_duration": 5.494359970092773,
    "wrong_samples": [
        7,
        4,
        5,
        6,
        7,
        7,
        8,
        3,
        6,
        5,
        2,
        5,
        6,
        5,
        7,
        7,
        8,
        4,
        6,
        2
    ]
}