{
    "reconstruction_errors": [
        0.22561606787038246,
        0.1643809979727843,
        0.12511968930502268,
        0.14349691852860663,
        0.1783667201572111,
        0.1636193445903252,
        0.09534056622729598,
        0.13919890114222647,
        0.14886186420018607,
        0.13989780707592311,
        0.38511524616076265,
        0.19859271161029385,
        0.17084662094006106,
        0.22998515351247617,
        0.23715026717248402,
        0.32423927726211543,
        0.12701773742246317,
        0.20984076387804967,
        0.15002943379960296,
        0.15449282327817263
    ],
    "setting": {
        "algorithm": "measure_best_apriori",
        "dimension": 5,
        "samples": 70,
        "sigma": 0.4,
        "signal": [
            0.8804509063256238,
            0.4402254531628119,
            0.0,
            0.0,
            0.1760901812651248
        ]
    },
    "timestamp": 1685193799.396063,
    "total_duration": 635.8279223442078,
    "wrong_samples": [
        21,
        20,
        14,
        15,
        17,
        16,
        15,
        22,
        12,
        19,
        31,
        21,
        18,
        20,
        15,
        26,
        16,
        16,
        25,
        21
    ]
}