{
    "reconstruction_errors": [
        0.38502010732679826,
        0.7176844203351341,
        1.0383125894135883,
        0.477781869606587,
        0.6466062312334875,
        0.6732844453122034,
        0.4775858005843545,
        0.893221609258722,
        0.8965036776555073,
        0.8001832041908701,
        0.7748463314457191,
        0.8150827053587921,
        0.7836724757699118,
        0.8539912197383768,
        0.5531270952786586,
        0.4427328003088587,
        0.5671040304299069,
        0.6780281556070086,
        0.6218536130334447,
        0.4837953846125209
    ],
    "setting": {
        "algorithm": "measure_best_apriori",
        "dimension": 15,
        "samples": 15,
        "sigma": 0.4,
        "signal": [
            0.8804509063256238,
            0.4402254531628119,
            0.0,
            0.0,
            0.1760901812651248,
            0.0,
            0.0,
            0.0,
            0.0,
            0.0,
            0.0,
            0.0,
            0.0,
            0.0,
            0.0
        ]
    },
    "timestamp": 1685193392.7412143,
    "total_duration": 15.468519449234009,
    "wrong_samples": [
        4,
        6,
        11,
        3,
        6,
        4,
        6,
        10,
        9,
        10,
        7,
        7,
        8,
        10,
        3,
        3,
        5,
        8,
        5,
        4
    ]
}