{
    "reconstruction_errors": [
        0.21526982152880733,
        0.2370258789560653,
        0.19743792029751872,
        0.17130972807475137,
        0.1879578726573196,
        0.2329907645311715,
        0.17180432851106933,
        0.2603898929960516,
        0.27617441924555997,
        0.24167838665635236,
        0.1620458438736145,
        0.18696379298749635,
        0.1772812894423812,
        0.17971450101794542,
        0.17023604438629633,
        0.2658283365859012,
        0.2018000308697428,
        0.21377532457913256,
        0.2223207953724007,
        0.19659175630188255
    ],
    "setting": {
        "algorithm": "measure_best_apriori",
        "dimension": 10,
        "samples": 70,
        "sigma": 0.4,
        "signal": [
            0.8804509063256238,
            0.4402254531628119,
            0.0,
            0.0,
            0.1760901812651248,
            0.0,
            0.0,
            0.0,
            0.0,
            0.0
        ]
    },
    "timestamp": 1685198954.2985463,
    "total_duration": 1469.4325559139252,
    "wrong_samples": [
        19,
        13,
        22,
        19,
        17,
        20,
        15,
        15,
        14,
        15,
        14,
        16,
        17,
        15,
        15,
        18,
        14,
        19,
        20,
        24
    ]
}