{
    "reconstruction_errors": [
        0.3046406571856907,
        0.3006391786001127,
        0.3971739286548448,
        0.38535201767166144,
        0.4235248801937772,
        0.5210944770912025,
        0.3574711121913519,
        0.47819072563484843,
        0.4061887317145397,
        0.22557461167289852,
        0.34424623128453186,
        0.2819821191776778,
        0.42068694498881654,
        0.35992233913982163,
        0.32054892257374795,
        0.23914486602978255,
        0.511781353913313,
        0.2755427347845422,
        0.3981110601043658,
        0.3188075147681606
    ],
    "setting": {
        "algorithm": "measure_best_apriori",
        "dimension": 5,
        "samples": 45,
        "sigma": 0.5,
        "signal": [
            0.8804509063256238,
            0.4402254531628119,
            0.0,
            0.0,
            0.1760901812651248
        ]
    },
    "timestamp": 1685193230.1930797,
    "total_duration": 136.1941978931427,
    "wrong_samples": [
        18,
        9,
        16,
        18,
        20,
        22,
        13,
        25,
        17,
        11,
        19,
        20,
        20,
        14,
        14,
        15,
        23,
        16,
        16,
        13
    ]
}