{
    "reconstruction_errors": [
        0.7902561090286185,
        0.6862964669426581,
        0.9990364914220662,
        0.7392567380889601,
        0.49652795481968404,
        0.7435947309532412,
        0.46676894409509256,
        0.9506076896335642,
        0.7046145137713933,
        0.8648022029434226,
        0.767059453423265,
        0.8116965196498198,
        1.0908806437909457,
        0.4431007872252155,
        1.0292868134114792,
        0.46453536426766,
        0.6718684871783857,
        0.9651988902541743,
        0.5082706695116356,
        0.6481700990022028
    ],
    "setting": {
        "algorithm": "measure_best_apriori",
        "dimension": 15,
        "samples": 45,
        "sigma": 0.5,
        "signal": [
            0.8804509063256238,
            0.4402254531628119,
            0.0,
            0.0,
            0.1760901812651248,
            0.0,
            0.0,
            0.0,
            0.0,
            0.0,
            0.0,
            0.0,
            0.0,
            0.0,
            0.0
        ]
    },
    "timestamp": 1685194427.0148468,
    "total_duration": 533.6589918136597,
    "wrong_samples": [
        27,
        23,
        34,
        25,
        19,
        29,
        21,
        32,
        28,
        33,
        30,
        33,
        34,
        12,
        30,
        16,
        27,
        33,
        23,
        24
    ]
}