{
    "reconstruction_errors": [
        0.8338736943805963,
        0.6193188507504598,
        0.7297692317674325,
        0.7045501891163044,
        0.6593193640087619,
        0.5948996145758163,
        0.7852149621555962,
        0.6488906894164765,
        0.8421521325130045,
        0.5228587381220485,
        0.5621943211751914,
        0.5965435856604338,
        0.6604754716973185,
        0.3134418224953465,
        1.0009715721630656,
        0.3982116223721461,
        0.725555464804047,
        0.7610237733448139,
        0.9535565807653212,
        0.6209559666771639
    ],
    "setting": {
        "algorithm": "measure_best_apriori",
        "dimension": 10,
        "samples": 25,
        "sigma": 0.5,
        "signal": [
            0.8804509063256238,
            0.4402254531628119,
            0.0,
            0.0,
            0.1760901812651248,
            0.0,
            0.0,
            0.0,
            0.0,
            0.0
        ]
    },
    "timestamp": 1685195937.8972614,
    "total_duration": 35.27078151702881,
    "wrong_samples": [
        17,
        10,
        12,
        15,
        10,
        10,
        13,
        11,
        16,
        12,
        10,
        15,
        8,
        14,
        16,
        13,
        12,
        16,
        19,
        13
    ]
}