{
    "reconstruction_errors": [
        0.489826949728228,
        0.5140696335864706,
        0.41413156105189,
        0.5724848238645603,
        0.4437198632135997,
        0.3706131725752487,
        0.3158500066659175,
        0.4309687562280111,
        0.7533935121234201,
        0.5126423859229506,
        0.58937732968061,
        0.9675591330783472,
        0.4462600006742383,
        0.6221842828783805,
        0.883551345949455,
        0.39809184657275504,
        0.4194003696581966,
        0.8923007083918157,
        0.9788258702082981,
        0.48677934518712285
    ],
    "setting": {
        "algorithm": "measure_best_apriori",
        "dimension": 15,
        "samples": 100,
        "sigma": 0.5,
        "signal": [
            0.8804509063256238,
            0.4402254531628119,
            0.0,
            0.0,
            0.1760901812651248,
            0.0,
            0.0,
            0.0,
            0.0,
            0.0,
            0.0,
            0.0,
            0.0,
            0.0,
            0.0
        ]
    },
    "timestamp": 1685198954.3254561,
    "total_duration": 9679.653071403503,
    "wrong_samples": [
        48,
        51,
        44,
        62,
        51,
        48,
        37,
        45,
        65,
        49,
        59,
        75,
        47,
        58,
        74,
        44,
        50,
        70,
        72,
        52
    ]
}