{
    "reconstruction_errors": [
        1.0519004014565123,
        1.1107008939390945,
        0.9957740235851176,
        1.0823792738969025,
        0.8268246829400353,
        0.6263574107141032,
        0.8213075319746191,
        1.0231677879489895,
        1.0388916469507976,
        0.5317809961594583,
        1.1670616228461919,
        0.8137634693646139,
        0.8402661860853256,
        0.7918792562348592,
        0.8243975777836738,
        0.8685679227475048,
        1.0148467413726985,
        0.9393841039651144,
        1.247364820853828,
        0.5527483336284774
    ],
    "setting": {
        "algorithm": "measure_best_apriori",
        "dimension": 15,
        "samples": 25,
        "sigma": 0.5,
        "signal": [
            0.8804509063256238,
            0.4402254531628119,
            0.0,
            0.0,
            0.1760901812651248,
            0.0,
            0.0,
            0.0,
            0.0,
            0.0,
            0.0,
            0.0,
            0.0,
            0.0,
            0.0
        ]
    },
    "timestamp": 1685193416.4703493,
    "total_duration": 85.35164475440979,
    "wrong_samples": [
        19,
        18,
        19,
        18,
        14,
        13,
        15,
        14,
        17,
        13,
        18,
        15,
        17,
        15,
        14,
        14,
        17,
        18,
        17,
        10
    ]
}