{
    "reconstruction_errors": [
        0.9437877934537049,
        0.8745949601348474,
        1.1812878586188302,
        0.8556686547541982,
        0.9498763339608131,
        1.1555881663530696,
        0.7335390952382412,
        1.0760946786594379,
        1.1231780905891695,
        0.9957241382007999,
        0.9435891555737641,
        0.9787415418597034,
        1.1519139049349492,
        1.028375168967643,
        0.8774384375123234,
        0.7112268475596416,
        0.7609311806106849,
        0.9253070767418211,
        1.0349953433207344,
        0.6580423812016619
    ],
    "setting": {
        "algorithm": "measure_best_apriori",
        "dimension": 15,
        "samples": 15,
        "sigma": 0.5,
        "signal": [
            0.8804509063256238,
            0.4402254531628119,
            0.0,
            0.0,
            0.1760901812651248,
            0.0,
            0.0,
            0.0,
            0.0,
            0.0,
            0.0,
            0.0,
            0.0,
            0.0,
            0.0
        ]
    },
    "timestamp": 1685193390.3834186,
    "total_duration": 15.620140790939331,
    "wrong_samples": [
        10,
        6,
        11,
        7,
        8,
        9,
        7,
        10,
        11,
        12,
        9,
        7,
        10,
        11,
        7,
        5,
        6,
        10,
        8,
        5
    ]
}