{
    "reconstruction_errors": [
        1.3597399555105182e-16,
        1.3597399555105182e-16,
        1.3597399555105182e-16,
        1.3597399555105182e-16,
        1.3597399555105182e-16,
        1.3597399555105182e-16,
        1.3597399555105182e-16,
        1.3597399555105182e-16,
        1.3597399555105182e-16,
        1.3597399555105182e-16,
        1.3597399555105182e-16,
        1.3597399555105182e-16,
        1.3597399555105182e-16,
        1.3597399555105182e-16,
        1.3597399555105182e-16,
        1.3597399555105182e-16,
        1.3597399555105182e-16,
        1.3597399555105182e-16,
        1.3597399555105182e-16,
        1.3597399555105182e-16
    ],
    "setting": {
        "algorithm": "stupid_solution",
        "dimension": 5,
        "samples": 15,
        "sigma": 0.0,
        "signal": [
            0.8804509063256238,
            0.4402254531628119,
            0.0,
            0.0,
            0.1760901812651248
        ]
    },
    "timestamp": 1685192146.383004,
    "total_duration": 1.4846138954162598,
    "wrong_samples": [
        0,
        0,
        0,
        0,
        0,
        0,
        0,
        0,
        0,
        0,
        0,
        0,
        0,
        0,
        0,
        0,
        0,
        0,
        0,
        0
    ]
}