{
    "reconstruction_errors": [
        1.7457352445311866e-15,
        1.7457352445311866e-15,
        1.7457352445311866e-15,
        1.7457352445311866e-15,
        1.7457352445311866e-15,
        1.7457352445311866e-15,
        1.7457352445311866e-15,
        1.7457352445311866e-15,
        1.7457352445311866e-15,
        1.7457352445311866e-15,
        1.7457352445311866e-15,
        1.7457352445311866e-15,
        1.7457352445311866e-15,
        1.7457352445311866e-15,
        1.7457352445311866e-15,
        1.7457352445311866e-15,
        1.7457352445311866e-15,
        1.7457352445311866e-15,
        1.7457352445311866e-15,
        1.7457352445311866e-15
    ],
    "setting": {
        "algorithm": "stupid_solution",
        "dimension": 5,
        "samples": 70,
        "sigma": 0.0,
        "signal": [
            0.8804509063256238,
            0.4402254531628119,
            0.0,
            0.0,
            0.1760901812651248
        ]
    },
    "timestamp": 1685192146.3789895,
    "total_duration": 3.840303421020508,
    "wrong_samples": [
        0,
        0,
        0,
        0,
        0,
        0,
        0,
        0,
        0,
        0,
        0,
        0,
        0,
        0,
        0,
        0,
        0,
        0,
        0,
        0
    ]
}