{
    "reconstruction_errors": [
        0.30247766016939864,
        0.1142455398694504,
        0.13325524337983335,
        0.1882147267145225,
        0.11098348188031519,
        0.11263790296249203,
        0.13346185580074946,
        0.34438327225385207,
        0.20138065274369593,
        0.2457248286325285,
        0.14885113249476611,
        0.2918222426847092,
        0.1908551177290892,
        0.15075398461810854,
        0.16806152907588634,
        0.13227796794640115,
        0.13986727469447519,
        0.30457411586772404,
        0.24738949602880522,
        0.12835046899250765
    ],
    "setting": {
        "algorithm": "stupid_solution",
        "dimension": 15,
        "samples": 45,
        "sigma": 0.2,
        "signal": [
            0.8804509063256238,
            0.4402254531628119,
            0.0,
            0.0,
            0.1760901812651248,
            0.0,
            0.0,
            0.0,
            0.0,
            0.0,
            0.0,
            0.0,
            0.0,
            0.0,
            0.0
        ]
    },
    "timestamp": 1685192148.6213973,
    "total_duration": 1.7547674179077148,
    "wrong_samples": [
        12,
        2,
        1,
        4,
        1,
        0,
        3,
        14,
        6,
        10,
        4,
        10,
        7,
        8,
        5,
        0,
        6,
        14,
        8,
        3
    ]
}