{
    "reconstruction_errors": [
        0.06194421767914533,
        0.0933148819641064,
        0.07436501052848898,
        0.07104063334531034,
        0.09219048852385965,
        0.06536262445798886,
        0.059919951793702825,
        0.30444366401134604,
        0.12032400655085945,
        0.07425292130516237,
        0.20905757773861716,
        0.09435639878553477,
        0.42082001015288834,
        0.12676892708884116,
        0.04465720602750953,
        0.025060739326760856,
        0.48962520497127565,
        0.07614972254884747,
        0.07975044926626618,
        0.07805125560954132
    ],
    "setting": {
        "algorithm": "stupid_solution",
        "dimension": 5,
        "samples": 45,
        "sigma": 0.2,
        "signal": [
            0.8804509063256238,
            0.4402254531628119,
            0.0,
            0.0,
            0.1760901812651248
        ]
    },
    "timestamp": 1685192146.376493,
    "total_duration": 3.0289716720581055,
    "wrong_samples": [
        2,
        1,
        3,
        2,
        6,
        3,
        2,
        15,
        4,
        1,
        5,
        3,
        21,
        5,
        1,
        0,
        22,
        5,
        1,
        0
    ]
}