{
    "reconstruction_errors": [
        0.09614633382271985,
        0.41841870328728575,
        0.08223419991114554,
        0.17457257078355592,
        0.1403783281631147,
        0.23788879977267927,
        0.2931645128729433,
        0.08244237237355191,
        0.21625399156386918,
        0.07881379097009886,
        0.1012785988032431,
        0.13209864187178103,
        0.13318081185730907,
        0.13412787474966176,
        0.1875758320947144,
        0.10804240082247292,
        0.31556399236691185,
        0.23422495492371997,
        0.21798526237557808,
        0.1116248742905252
    ],
    "setting": {
        "algorithm": "stupid_solution",
        "dimension": 5,
        "samples": 15,
        "sigma": 0.2,
        "signal": [
            0.8804509063256238,
            0.4402254531628119,
            0.0,
            0.0,
            0.1760901812651248
        ]
    },
    "timestamp": 1685192146.3825006,
    "total_duration": 1.4286816120147705,
    "wrong_samples": [
        0,
        7,
        0,
        3,
        1,
        4,
        3,
        1,
        2,
        0,
        0,
        0,
        0,
        2,
        1,
        1,
        3,
        3,
        4,
        0
    ]
}