{
    "reconstruction_errors": [
        0.13121443340865963,
        0.15963812160845164,
        0.14564550194199008,
        0.25529128636751325,
        0.17797837271368702,
        0.2772241521721803,
        0.1494646631135045,
        0.09342480206031573,
        0.17130479670219353,
        0.10438288293371899,
        0.1786588118640308,
        0.11261149854848386,
        0.2691876035209494,
        0.13659455040979682,
        0.1654372821377679,
        0.1787521018088654,
        0.13386010279127009,
        0.11767072744751095,
        0.127123768934075,
        0.4970636365821857
    ],
    "setting": {
        "algorithm": "stupid_solution",
        "dimension": 10,
        "samples": 15,
        "sigma": 0.2,
        "signal": [
            0.8804509063256238,
            0.4402254531628119,
            0.0,
            0.0,
            0.1760901812651248,
            0.0,
            0.0,
            0.0,
            0.0,
            0.0
        ]
    },
    "timestamp": 1685192147.8306658,
    "total_duration": 0.18176651000976562,
    "wrong_samples": [
        1,
        2,
        0,
        1,
        1,
        2,
        0,
        2,
        2,
        0,
        0,
        0,
        3,
        1,
        0,
        3,
        1,
        1,
        1,
        5
    ]
}