{
    "reconstruction_errors": [
        0.18311418050535413,
        0.15982217204601615,
        0.13470619704672082,
        0.17684261755279798,
        0.1613200167555711,
        0.16534257660569676,
        0.19094168406387974,
        0.273075377817519,
        0.22087215086160183,
        0.14884232471022737,
        0.2982610049327131,
        0.14013189265781012,
        0.17296922589986688,
        0.7889732247358311,
        0.15662872460928817,
        0.17642372709979207,
        0.12549734015769878,
        0.26503524559683567,
        0.1862021857252811,
        0.1453036537620341
    ],
    "setting": {
        "algorithm": "stupid_solution",
        "dimension": 15,
        "samples": 25,
        "sigma": 0.2,
        "signal": [
            0.8804509063256238,
            0.4402254531628119,
            0.0,
            0.0,
            0.1760901812651248,
            0.0,
            0.0,
            0.0,
            0.0,
            0.0,
            0.0,
            0.0,
            0.0,
            0.0,
            0.0
        ]
    },
    "timestamp": 1685192148.3266504,
    "total_duration": 0.487149715423584,
    "wrong_samples": [
        1,
        1,
        2,
        0,
        2,
        1,
        4,
        5,
        4,
        2,
        5,
        0,
        0,
        17,
        1,
        0,
        1,
        7,
        0,
        0
    ]
}