{
    "reconstruction_errors": [
        0.0816396324156148,
        0.03098196478828869,
        0.10494465978460762,
        0.06550188851561181,
        0.10242372770899284,
        0.0511206128004453,
        0.06847217488102258,
        0.07963373426634018,
        0.122194811406123,
        0.0929608580560809,
        0.07176135661287547,
        0.12315968319259897,
        0.11245167389430613,
        0.05373499261863163,
        0.05797840731537556,
        0.0967393708277875,
        0.08262434811961314,
        0.13596444876915514,
        0.06906301096170589,
        0.03641432125269745
    ],
    "setting": {
        "algorithm": "stupid_solution",
        "dimension": 10,
        "samples": 100,
        "sigma": 0.2,
        "signal": [
            0.8804509063256238,
            0.4402254531628119,
            0.0,
            0.0,
            0.1760901812651248,
            0.0,
            0.0,
            0.0,
            0.0,
            0.0
        ]
    },
    "timestamp": 1685192148.0393925,
    "total_duration": 6.754560708999634,
    "wrong_samples": [
        6,
        3,
        6,
        2,
        6,
        3,
        4,
        7,
        11,
        9,
        1,
        15,
        6,
        2,
        3,
        5,
        6,
        9,
        3,
        0
    ]
}