{
    "reconstruction_errors": [
        0.08592471830860803,
        0.11281489057691343,
        0.2068173562671208,
        0.11339357602148882,
        0.07594549859214453,
        0.08106998447548318,
        0.10777759075129455,
        0.23797238325357903,
        0.10207842778680105,
        0.0568760216148916,
        0.12191454796744512,
        0.06263106329597809,
        0.14304722359008948,
        0.19166253505260544,
        0.07677588610902823,
        0.13968087902959492,
        0.07812318330673541,
        0.07085621811050874,
        0.40850775078127105,
        0.17691087103931752
    ],
    "setting": {
        "algorithm": "stupid_solution",
        "dimension": 10,
        "samples": 70,
        "sigma": 0.2,
        "signal": [
            0.8804509063256238,
            0.4402254531628119,
            0.0,
            0.0,
            0.1760901812651248,
            0.0,
            0.0,
            0.0,
            0.0,
            0.0
        ]
    },
    "timestamp": 1685192150.328774,
    "total_duration": 3.2543153762817383,
    "wrong_samples": [
        5,
        4,
        13,
        7,
        1,
        5,
        5,
        17,
        1,
        2,
        10,
        2,
        12,
        14,
        0,
        6,
        1,
        2,
        27,
        10
    ]
}