{
    "reconstruction_errors": [
        0.25348844536059395,
        0.1223535253844791,
        0.14733397789124753,
        0.25176467499695837,
        0.1400529507374546,
        0.183568537800368,
        0.5121861077549851,
        0.101772098009168,
        0.15812827183173842,
        0.18117521845482024,
        0.2578025842377963,
        0.1152119633215187,
        0.20590756329798193,
        0.10906356123605193,
        0.15126430190601062,
        0.20715366605854524,
        0.1747584757956148,
        0.10355492750456839,
        0.12888699848550894,
        0.16188994963638995
    ],
    "setting": {
        "algorithm": "stupid_solution",
        "dimension": 10,
        "samples": 25,
        "sigma": 0.2,
        "signal": [
            0.8804509063256238,
            0.4402254531628119,
            0.0,
            0.0,
            0.1760901812651248,
            0.0,
            0.0,
            0.0,
            0.0,
            0.0
        ]
    },
    "timestamp": 1685192147.8961165,
    "total_duration": 0.46057724952697754,
    "wrong_samples": [
        5,
        0,
        2,
        6,
        0,
        2,
        11,
        2,
        2,
        3,
        6,
        0,
        3,
        1,
        2,
        4,
        2,
        2,
        2,
        1
    ]
}