{
    "reconstruction_errors": [
        0.4478093735978763,
        0.535526167759241,
        0.14960396054425712,
        0.4647209184631157,
        0.34874599916297944,
        0.21489253441394215,
        0.12208342297931396,
        0.3075164336098427,
        0.2896323835763087,
        0.6350030271210805,
        0.2313867096922819,
        0.2638639907667031,
        0.47289678289208387,
        0.44295691195943326,
        0.4925890698255896,
        0.15665616059335677,
        0.7002708908186158,
        0.11619833468399823,
        0.3597877467978982,
        0.12827323133302027
    ],
    "setting": {
        "algorithm": "stupid_solution",
        "dimension": 15,
        "samples": 100,
        "sigma": 0.25,
        "signal": [
            0.8804509063256238,
            0.4402254531628119,
            0.0,
            0.0,
            0.1760901812651248,
            0.0,
            0.0,
            0.0,
            0.0,
            0.0,
            0.0,
            0.0,
            0.0,
            0.0,
            0.0
        ]
    },
    "timestamp": 1685192151.0331068,
    "total_duration": 5.53686261177063,
    "wrong_samples": [
        46,
        50,
        16,
        50,
        33,
        26,
        12,
        35,
        28,
        58,
        26,
        34,
        49,
        42,
        42,
        19,
        67,
        3,
        39,
        13
    ]
}