{
    "reconstruction_errors": [
        0.06232925803609327,
        0.031504549358474396,
        0.3294927239461355,
        0.25607982028290843,
        0.04630511612572068,
        0.29674939769791564,
        0.08145308812574821,
        0.11848509143654011,
        0.07297918830594043,
        0.2988255815576052,
        0.07777729178661097,
        0.04911415146313145,
        0.3933302643123529,
        0.06195346023453933,
        0.08887765562912542,
        0.4838597996926394,
        0.419429836341436,
        0.05442793142028808,
        0.5500931160056848,
        0.24779835137645864
    ],
    "setting": {
        "algorithm": "stupid_solution",
        "dimension": 5,
        "samples": 100,
        "sigma": 0.25,
        "signal": [
            0.8804509063256238,
            0.4402254531628119,
            0.0,
            0.0,
            0.1760901812651248
        ]
    },
    "timestamp": 1685192146.3604755,
    "total_duration": 7.673388719558716,
    "wrong_samples": [
        7,
        6,
        37,
        29,
        5,
        31,
        13,
        10,
        7,
        27,
        10,
        7,
        49,
        8,
        13,
        41,
        47,
        8,
        62,
        23
    ]
}