{
    "reconstruction_errors": [
        0.14142358500458002,
        0.10711862676225666,
        0.19281931558775264,
        0.17996827940672164,
        0.3042633984765654,
        0.25747311775368265,
        0.17423606488161006,
        0.18885859086121437,
        0.23098062994805557,
        0.4332490184760268,
        0.10811070170513719,
        0.30909782410900327,
        0.24285627842339222,
        0.1912984190949473,
        0.14838772803301614,
        0.15134660290721808,
        0.17901153803421005,
        0.23594295196199558,
        0.1102186649892089,
        0.07444921394298351
    ],
    "setting": {
        "algorithm": "stupid_solution",
        "dimension": 10,
        "samples": 100,
        "sigma": 0.25,
        "signal": [
            0.8804509063256238,
            0.4402254531628119,
            0.0,
            0.0,
            0.1760901812651248,
            0.0,
            0.0,
            0.0,
            0.0,
            0.0
        ]
    },
    "timestamp": 1685192154.323088,
    "total_duration": 3.746689796447754,
    "wrong_samples": [
        15,
        14,
        17,
        20,
        29,
        24,
        21,
        22,
        25,
        42,
        9,
        33,
        18,
        22,
        15,
        18,
        20,
        22,
        11,
        8
    ]
}