{
    "reconstruction_errors": [
        0.14151931442961854,
        0.24569169698132645,
        0.12733425156208372,
        0.3620765452815485,
        0.15342488508002802,
        0.22652409429025944,
        0.012063780619730891,
        0.22683541462189166,
        0.14880135196200686,
        0.19964454245204277,
        0.1709837888164395,
        0.11398391924830252,
        0.20999956893308325,
        0.08119477454615906,
        0.3800147226464595,
        0.13027496558742802,
        0.5368690082617513,
        0.18171262793955847,
        0.15164747042609292,
        0.3358638400293557
    ],
    "setting": {
        "algorithm": "stupid_solution",
        "dimension": 5,
        "samples": 25,
        "sigma": 0.25,
        "signal": [
            0.8804509063256238,
            0.4402254531628119,
            0.0,
            0.0,
            0.1760901812651248
        ]
    },
    "timestamp": 1685192146.3774896,
    "total_duration": 1.863821268081665,
    "wrong_samples": [
        2,
        5,
        5,
        10,
        2,
        5,
        0,
        8,
        3,
        3,
        3,
        2,
        7,
        2,
        8,
        2,
        15,
        6,
        1,
        8
    ]
}