{
    "reconstruction_errors": [
        0.217085048135088,
        0.21357394699944363,
        0.06447568105010415,
        0.32103126465163834,
        0.1128677526450024,
        0.08193030461100662,
        0.4799335764481178,
        0.09587884992635035,
        0.3096291194068491,
        0.1777893203010498,
        0.19158616971561276,
        0.06021868745380118,
        0.06859620108630418,
        0.14692400934864372,
        0.24087387984984646,
        0.22621887931339588,
        0.1996811213650953,
        0.10113671345826716,
        0.3705379531599585,
        0.16215918785586916
    ],
    "setting": {
        "algorithm": "stupid_solution",
        "dimension": 5,
        "samples": 70,
        "sigma": 0.25,
        "signal": [
            0.8804509063256238,
            0.4402254531628119,
            0.0,
            0.0,
            0.1760901812651248
        ]
    },
    "timestamp": 1685192146.3825006,
    "total_duration": 3.8477847576141357,
    "wrong_samples": [
        15,
        17,
        8,
        27,
        14,
        7,
        32,
        11,
        24,
        17,
        16,
        9,
        7,
        12,
        16,
        20,
        18,
        9,
        29,
        15
    ]
}