{
    "reconstruction_errors": [
        0.5934185259467802,
        0.15074896438450913,
        0.5296165239768914,
        0.3790262418127461,
        0.19727423573436517,
        0.28069063962475777,
        0.6410036756713118,
        0.26566269506654566,
        0.32476588843257737,
        0.3828001619585523,
        0.4602091759941645,
        0.16653919766898648,
        0.3811172626174247,
        0.15427203597146985,
        0.3816563365015967,
        0.26671403425879386,
        0.3669981182203846,
        0.2510030050674288,
        0.3004907482691146,
        0.3503052031682478
    ],
    "setting": {
        "algorithm": "stupid_solution",
        "dimension": 10,
        "samples": 25,
        "sigma": 0.25,
        "signal": [
            0.8804509063256238,
            0.4402254531628119,
            0.0,
            0.0,
            0.1760901812651248,
            0.0,
            0.0,
            0.0,
            0.0,
            0.0
        ]
    },
    "timestamp": 1685192148.0039353,
    "total_duration": 0.5138845443725586,
    "wrong_samples": [
        13,
        1,
        11,
        9,
        2,
        5,
        15,
        8,
        6,
        8,
        11,
        3,
        7,
        4,
        8,
        5,
        7,
        6,
        7,
        6
    ]
}