{
    "reconstruction_errors": [
        0.5335940045691342,
        0.15377890237974218,
        0.2133904666448629,
        0.44883091281359266,
        0.1598450462615104,
        0.15069824851934985,
        0.24119450639658643,
        0.42204377086568373,
        0.4464199826362657,
        0.3663688159374151,
        0.29666936111425657,
        0.5968800881100814,
        0.2975995641992901,
        0.26537440695930103,
        0.2962574380798828,
        0.19101626573533312,
        0.4102115734492683,
        0.5430839321114348,
        0.34885408910227717,
        0.23731810989941093
    ],
    "setting": {
        "algorithm": "stupid_solution",
        "dimension": 15,
        "samples": 45,
        "sigma": 0.25,
        "signal": [
            0.8804509063256238,
            0.4402254531628119,
            0.0,
            0.0,
            0.1760901812651248,
            0.0,
            0.0,
            0.0,
            0.0,
            0.0,
            0.0,
            0.0,
            0.0,
            0.0,
            0.0
        ]
    },
    "timestamp": 1685192149.0118074,
    "total_duration": 1.409822702407837,
    "wrong_samples": [
        21,
        7,
        9,
        19,
        5,
        1,
        9,
        16,
        17,
        16,
        13,
        23,
        11,
        15,
        11,
        4,
        19,
        26,
        14,
        8
    ]
}