{
    "reconstruction_errors": [
        0.5229647262740116,
        0.2971536584890664,
        0.2858699834500336,
        0.2862085210020082,
        0.4839626291119529,
        0.1396212555255518,
        0.30389524188267103,
        0.13533916001886334,
        0.6522919042659223,
        0.8571372599979449,
        0.27375315903814945,
        0.26523891086930473,
        0.21283095597469934,
        0.708464859540468,
        0.5672687048988911,
        0.23636847742869546,
        0.4322885646912841,
        0.0937609571717128,
        0.42222783391764873,
        0.22263744885176615
    ],
    "setting": {
        "algorithm": "stupid_solution",
        "dimension": 10,
        "samples": 45,
        "sigma": 0.3,
        "signal": [
            0.8804509063256238,
            0.4402254531628119,
            0.0,
            0.0,
            0.1760901812651248,
            0.0,
            0.0,
            0.0,
            0.0,
            0.0
        ]
    },
    "timestamp": 1685192150.22778,
    "total_duration": 1.7171008586883545,
    "wrong_samples": [
        22,
        15,
        12,
        14,
        19,
        3,
        14,
        4,
        25,
        33,
        9,
        12,
        9,
        29,
        24,
        10,
        17,
        6,
        15,
        10
    ]
}