{
    "reconstruction_errors": [
        0.7916985284439693,
        0.3133858808547011,
        0.6241469655444922,
        0.6639939327198865,
        0.27694234505253046,
        0.3750810121089228,
        0.727208890056735,
        0.41316316733500763,
        0.5573231960059704,
        0.5118014894139459,
        0.6124842596724998,
        0.36680209943812137,
        0.6239533642492668,
        0.25349043662989057,
        0.605394862891346,
        0.3208135920602674,
        0.7076664282232531,
        0.5317525426943736,
        0.462009136849202,
        0.5450007601165954
    ],
    "setting": {
        "algorithm": "stupid_solution",
        "dimension": 10,
        "samples": 25,
        "sigma": 0.3,
        "signal": [
            0.8804509063256238,
            0.4402254531628119,
            0.0,
            0.0,
            0.1760901812651248,
            0.0,
            0.0,
            0.0,
            0.0,
            0.0
        ]
    },
    "timestamp": 1685192149.0003114,
    "total_duration": 0.45909690856933594,
    "wrong_samples": [
        17,
        6,
        13,
        14,
        4,
        8,
        16,
        11,
        10,
        11,
        16,
        8,
        12,
        7,
        13,
        6,
        14,
        13,
        10,
        9
    ]
}