{
    "reconstruction_errors": [
        0.641961091509443,
        0.6637721620999117,
        0.7782750672804479,
        0.4303806787446407,
        0.8076682989966627,
        0.5613450341792224,
        0.47885154022926085,
        0.6713361640413833,
        0.6134885852738413,
        0.7308946315821218,
        0.537230269675086,
        0.6419221981865282,
        0.715532223796675,
        0.7074076535962557,
        0.40399280622852923,
        0.32800280778630264,
        0.7093585539567477,
        0.6756573764341699,
        0.7090578231397591,
        0.42123952167744305
    ],
    "setting": {
        "algorithm": "stupid_solution",
        "dimension": 15,
        "samples": 15,
        "sigma": 0.3,
        "signal": [
            0.8804509063256238,
            0.4402254531628119,
            0.0,
            0.0,
            0.1760901812651248,
            0.0,
            0.0,
            0.0,
            0.0,
            0.0,
            0.0,
            0.0,
            0.0,
            0.0,
            0.0
        ]
    },
    "timestamp": 1685192148.5203288,
    "total_duration": 0.2534761428833008,
    "wrong_samples": [
        8,
        8,
        9,
        5,
        12,
        7,
        6,
        8,
        8,
        11,
        6,
        9,
        8,
        9,
        3,
        4,
        6,
        8,
        9,
        4
    ]
}