{
    "reconstruction_errors": [
        0.06477117242448788,
        0.05538637832963719,
        0.44786209829979656,
        0.4415814981506709,
        0.09368571747404136,
        0.5226578219570819,
        0.12875661940264713,
        0.21613814809889068,
        0.1068634660365136,
        0.3807221113509879,
        0.10857787840080542,
        0.09753388670612612,
        0.6247843899035151,
        0.1720484244150949,
        0.12904431905703656,
        0.39011005436405954,
        0.5831327633458034,
        0.10122788612244155,
        0.5307210484930133,
        0.4645902488118895
    ],
    "setting": {
        "algorithm": "stupid_solution",
        "dimension": 5,
        "samples": 100,
        "sigma": 0.3,
        "signal": [
            0.8804509063256238,
            0.4402254531628119,
            0.0,
            0.0,
            0.1760901812651248
        ]
    },
    "timestamp": 1685192147.8701124,
    "total_duration": 5.845364093780518,
    "wrong_samples": [
        14,
        15,
        49,
        42,
        11,
        55,
        19,
        21,
        13,
        37,
        16,
        16,
        58,
        20,
        19,
        48,
        62,
        13,
        58,
        43
    ]
}