{
    "reconstruction_errors": [
        0.785182199663986,
        0.4917914663958538,
        0.541513404402273,
        0.7899416788833152,
        0.7293205401332561,
        0.7855919170168194,
        0.6876579148788542,
        0.6688925905604544,
        0.7498280426990056,
        0.5199495281398422,
        0.740777070605979,
        0.7034507258936753,
        0.6557276263165462,
        0.47459642380805506,
        0.8750587045402598,
        0.5119970166838329,
        0.7852554470016014,
        0.7073345854421824,
        0.760912148617654,
        0.6340082131486608
    ],
    "setting": {
        "algorithm": "stupid_solution",
        "dimension": 10,
        "samples": 25,
        "sigma": 0.4,
        "signal": [
            0.8804509063256238,
            0.4402254531628119,
            0.0,
            0.0,
            0.1760901812651248,
            0.0,
            0.0,
            0.0,
            0.0,
            0.0
        ]
    },
    "timestamp": 1685192149.220064,
    "total_duration": 0.4847445487976074,
    "wrong_samples": [
        18,
        10,
        12,
        15,
        13,
        12,
        18,
        14,
        13,
        12,
        17,
        16,
        15,
        12,
        16,
        9,
        16,
        16,
        17,
        13
    ]
}