{
    "reconstruction_errors": [
        0.5927603051248294,
        0.43588235882183407,
        0.6706191357036543,
        0.45288504020936227,
        0.7473252201660122,
        0.8409873940550822,
        0.5484560189470449,
        0.5083924909223344,
        0.5578126610248593,
        0.8972159168425717,
        0.3755174469877129,
        0.5784494801030359,
        0.7595897470903324,
        0.7110319610399403,
        0.6251115771187045,
        0.6286821200000277,
        0.6323844344171533,
        0.6150516761358416,
        0.3012871099142302,
        0.23676582566207172
    ],
    "setting": {
        "algorithm": "stupid_solution",
        "dimension": 10,
        "samples": 100,
        "sigma": 0.4,
        "signal": [
            0.8804509063256238,
            0.4402254531628119,
            0.0,
            0.0,
            0.1760901812651248,
            0.0,
            0.0,
            0.0,
            0.0,
            0.0
        ]
    },
    "timestamp": 1685192148.0314047,
    "total_duration": 6.862194299697876,
    "wrong_samples": [
        62,
        51,
        64,
        47,
        73,
        65,
        50,
        55,
        57,
        76,
        42,
        62,
        58,
        70,
        57,
        68,
        65,
        54,
        32,
        41
    ]
}