{
    "reconstruction_errors": [
        0.7033650647382874,
        0.6986422752047179,
        0.5023460965238968,
        0.5606037059588161,
        0.7687559402531564,
        0.33075220904397606,
        0.5933307554581433,
        0.3127177291538591,
        0.8078536522350112,
        0.8707203471218529,
        0.48443561937025537,
        0.3678773062633445,
        0.4734440026862087,
        0.86107345401684,
        0.8955888510322835,
        0.427248738423606,
        0.6705860494287235,
        0.28664051973444693,
        0.770417902889233,
        0.4180949469760406
    ],
    "setting": {
        "algorithm": "stupid_solution",
        "dimension": 10,
        "samples": 45,
        "sigma": 0.4,
        "signal": [
            0.8804509063256238,
            0.4402254531628119,
            0.0,
            0.0,
            0.1760901812651248,
            0.0,
            0.0,
            0.0,
            0.0,
            0.0
        ]
    },
    "timestamp": 1685192150.549521,
    "total_duration": 1.3918671607971191,
    "wrong_samples": [
        29,
        28,
        22,
        24,
        27,
        11,
        28,
        16,
        28,
        34,
        19,
        19,
        16,
        31,
        36,
        20,
        27,
        18,
        30,
        19
    ]
}