{
    "reconstruction_errors": [
        0.11335276818687892,
        0.19173503340868564,
        0.49809726767164486,
        0.6590467810876777,
        0.1595930744492782,
        0.6572846679224194,
        0.26031502159291725,
        0.3145391928087465,
        0.18630034198000486,
        0.45640694833480755,
        0.16629135709195658,
        0.2525201578041094,
        0.6287514002187816,
        0.5094121245005999,
        0.24571569920594197,
        0.4837800364935902,
        0.7229515437248104,
        0.22408689497469153,
        0.4476506006187996,
        0.5223849054510689
    ],
    "setting": {
        "algorithm": "stupid_solution",
        "dimension": 5,
        "samples": 100,
        "sigma": 0.4,
        "signal": [
            0.8804509063256238,
            0.4402254531628119,
            0.0,
            0.0,
            0.1760901812651248
        ]
    },
    "timestamp": 1685192147.6508393,
    "total_duration": 6.491626262664795,
    "wrong_samples": [
        31,
        34,
        46,
        61,
        24,
        64,
        35,
        36,
        23,
        54,
        26,
        35,
        61,
        48,
        32,
        49,
        65,
        27,
        53,
        52
    ]
}