{
    "reconstruction_errors": [
        0.2913693981276372,
        0.5423229576326318,
        0.12663917543788694,
        0.6257387039450296,
        0.4930298850022051,
        0.3288535212701425,
        0.10995801703297933,
        0.5511573864322916,
        0.1414479071085538,
        0.3934496022775281,
        0.4488133588998689,
        0.26434364037882935,
        0.39195855252598755,
        0.27422388986466906,
        0.5917933312993773,
        0.21353064107640304,
        0.3886434132175015,
        0.4511940022890146,
        0.38384835614592816,
        0.5225138519630015
    ],
    "setting": {
        "algorithm": "stupid_solution",
        "dimension": 5,
        "samples": 25,
        "sigma": 0.4,
        "signal": [
            0.8804509063256238,
            0.4402254531628119,
            0.0,
            0.0,
            0.1760901812651248
        ]
    },
    "timestamp": 1685192146.3724887,
    "total_duration": 1.4991118907928467,
    "wrong_samples": [
        12,
        12,
        7,
        15,
        9,
        12,
        4,
        16,
        7,
        11,
        11,
        4,
        13,
        10,
        14,
        3,
        10,
        10,
        8,
        15
    ]
}