{
    "reconstruction_errors": [
        0.1891069523246539,
        0.4895638608164213,
        0.3883082400470667,
        0.24377523281939564,
        0.4935237410879677,
        0.24253299796146574,
        0.34639708588215884,
        0.5198732661498148,
        0.5311293390313907,
        0.14802309273685366,
        0.5125728458959298,
        0.19530639600475605,
        0.27095313661574255,
        0.5137465813393992,
        0.23485277890097195,
        0.1428373699843084,
        0.2909224619967257,
        0.29756461259356387,
        0.21642549173373224,
        0.25271072238180975
    ],
    "setting": {
        "algorithm": "stupid_solution",
        "dimension": 5,
        "samples": 45,
        "sigma": 0.4,
        "signal": [
            0.8804509063256238,
            0.4402254531628119,
            0.0,
            0.0,
            0.1760901812651248
        ]
    },
    "timestamp": 1685192146.3975182,
    "total_duration": 3.042908191680908,
    "wrong_samples": [
        15,
        22,
        23,
        14,
        24,
        10,
        20,
        23,
        20,
        9,
        24,
        13,
        17,
        24,
        12,
        13,
        15,
        15,
        9,
        13
    ]
}