{
    "reconstruction_errors": [
        0.8893393680889499,
        0.826230277193272,
        0.46415112986524953,
        0.8894342884211404,
        0.6977287597287986,
        0.8006576188233627,
        0.4532156004271731,
        0.7058530001115961,
        0.7987911736875837,
        0.8030102292890064,
        0.6745759738339512,
        0.845739698691562,
        0.9893497205743997,
        0.8757625836349585,
        0.8385489860180393,
        0.5337471520061157,
        0.7522958819703999,
        0.29867217684504754,
        0.7490737133278229,
        0.49240676021177
    ],
    "setting": {
        "algorithm": "stupid_solution",
        "dimension": 15,
        "samples": 100,
        "sigma": 0.4,
        "signal": [
            0.8804509063256238,
            0.4402254531628119,
            0.0,
            0.0,
            0.1760901812651248,
            0.0,
            0.0,
            0.0,
            0.0,
            0.0,
            0.0,
            0.0,
            0.0,
            0.0,
            0.0
        ]
    },
    "timestamp": 1685192150.7853398,
    "total_duration": 5.654072999954224,
    "wrong_samples": [
        78,
        75,
        51,
        80,
        63,
        75,
        53,
        71,
        74,
        80,
        69,
        83,
        79,
        80,
        75,
        54,
        69,
        33,
        73,
        55
    ]
}