{
    "reconstruction_errors": [
        0.4653261559294168,
        0.4164747718097677,
        0.6528410560136549,
        0.7321432276887642,
        0.6394871775265856,
        0.6971616405809465,
        0.43253786679573275,
        0.4021451960725953,
        0.8034411446097178,
        0.3001572521354394,
        0.816593251196681,
        0.7379525486573925,
        0.6102211085367778,
        0.5441265876347666,
        0.4244586636392454,
        1.0328858032568964,
        0.5098075602448131,
        0.6663779059224598,
        0.48501473198177036,
        0.8395484191202355
    ],
    "setting": {
        "algorithm": "stupid_solution",
        "dimension": 10,
        "samples": 15,
        "sigma": 0.4,
        "signal": [
            0.8804509063256238,
            0.4402254531628119,
            0.0,
            0.0,
            0.1760901812651248,
            0.0,
            0.0,
            0.0,
            0.0,
            0.0
        ]
    },
    "timestamp": 1685192148.2373238,
    "total_duration": 0.18537616729736328,
    "wrong_samples": [
        6,
        6,
        8,
        11,
        6,
        7,
        7,
        7,
        11,
        3,
        10,
        10,
        9,
        9,
        5,
        12,
        6,
        8,
        10,
        9
    ]
}