{
    "reconstruction_errors": [
        0.6275691688764997,
        0.5373947843402079,
        0.7928306991973892,
        0.7822004008253546,
        0.8237177002179036,
        0.7644585830068242,
        0.7133663903536368,
        0.7070120149364408,
        0.841114196495871,
        0.42042844852469835,
        0.9781225248309843,
        0.8131190674091108,
        0.7314768539887325,
        0.6359274785936131,
        0.6750808609942449,
        1.1423048570766057,
        0.6621686354687664,
        0.8675627098108463,
        0.7176957477298243,
        0.9398815988739834
    ],
    "setting": {
        "algorithm": "stupid_solution",
        "dimension": 10,
        "samples": 15,
        "sigma": 0.5,
        "signal": [
            0.8804509063256238,
            0.4402254531628119,
            0.0,
            0.0,
            0.1760901812651248,
            0.0,
            0.0,
            0.0,
            0.0,
            0.0
        ]
    },
    "timestamp": 1685192147.9265513,
    "total_duration": 0.1803274154663086,
    "wrong_samples": [
        8,
        8,
        9,
        10,
        7,
        8,
        12,
        9,
        10,
        5,
        10,
        10,
        9,
        10,
        8,
        12,
        8,
        10,
        12,
        10
    ]
}