{
    "reconstruction_errors": [
        0.9886160026299265,
        0.939980133332046,
        1.0877507666802384,
        0.8766205395459601,
        0.8958762865468273,
        0.811307196808142,
        1.0282698340697956,
        1.0812348393776272,
        0.8704806733185727,
        0.7917759367875687,
        0.9918383250790476,
        0.5062591956336933,
        0.4923219156558044,
        0.935434782801755,
        1.0138600425781126,
        1.1259883750239104,
        1.1525632238555639,
        1.08900564732474,
        1.0650220654515914,
        0.9176793002378906
    ],
    "setting": {
        "algorithm": "stupid_solution",
        "dimension": 15,
        "samples": 25,
        "sigma": 0.5,
        "signal": [
            0.8804509063256238,
            0.4402254531628119,
            0.0,
            0.0,
            0.1760901812651248,
            0.0,
            0.0,
            0.0,
            0.0,
            0.0,
            0.0,
            0.0,
            0.0,
            0.0,
            0.0
        ]
    },
    "timestamp": 1685192148.7597952,
    "total_duration": 0.5607395172119141,
    "wrong_samples": [
        17,
        17,
        21,
        16,
        21,
        15,
        20,
        18,
        18,
        17,
        20,
        13,
        18,
        19,
        15,
        17,
        21,
        20,
        20,
        18
    ]
}