{
    "reconstruction_errors": [
        0.7611300666017273,
        0.7266853089716766,
        0.7001122595826248,
        0.7249371201226659,
        0.9389206900011516,
        0.503459336963129,
        0.7886028279820316,
        0.5530990502778516,
        0.9189791861362312,
        0.905976997632554,
        0.749974871007911,
        0.5901965151019523,
        0.6642535737070591,
        0.8466547720528357,
        0.9238832407795925,
        0.6059429559695625,
        0.7903693345421414,
        0.5924110063969699,
        0.9655157773435057,
        0.6025911064505718
    ],
    "setting": {
        "algorithm": "stupid_solution",
        "dimension": 10,
        "samples": 45,
        "sigma": 0.5,
        "signal": [
            0.8804509063256238,
            0.4402254531628119,
            0.0,
            0.0,
            0.1760901812651248,
            0.0,
            0.0,
            0.0,
            0.0,
            0.0
        ]
    },
    "timestamp": 1685192151.4084802,
    "total_duration": 1.4394123554229736,
    "wrong_samples": [
        31,
        32,
        28,
        29,
        30,
        16,
        33,
        24,
        34,
        34,
        27,
        26,
        23,
        34,
        35,
        25,
        32,
        29,
        33,
        27
    ]
}