{
    "reconstruction_errors": [
        1.0599708944751465,
        0.9570854074030393,
        0.7286206489685649,
        1.1361956981789663,
        0.8475705823922509,
        1.011110976408744,
        0.6159555438778251,
        0.8019115132143338,
        0.9355066943360437,
        0.807833627256619,
        0.9040269427955742,
        1.0822613289965992,
        1.0125623176331007,
        0.917505161379052,
        1.0445866864118674,
        0.706590010567239,
        0.8432275550286408,
        0.46856095716521223,
        0.9454546532391502,
        0.6547162199296744
    ],
    "setting": {
        "algorithm": "stupid_solution",
        "dimension": 15,
        "samples": 100,
        "sigma": 0.5,
        "signal": [
            0.8804509063256238,
            0.4402254531628119,
            0.0,
            0.0,
            0.1760901812651248,
            0.0,
            0.0,
            0.0,
            0.0,
            0.0,
            0.0,
            0.0,
            0.0,
            0.0,
            0.0
        ]
    },
    "timestamp": 1685192152.9442086,
    "total_duration": 4.6011810302734375,
    "wrong_samples": [
        81,
        81,
        68,
        84,
        71,
        84,
        63,
        77,
        80,
        81,
        80,
        87,
        77,
        79,
        82,
        68,
        72,
        51,
        83,
        67
    ]
}