{
    "reconstruction_errors": [
        0.9763109405086761,
        0.5208779591853698,
        0.7602877891591397,
        0.8327151131420346,
        0.8719880932204506,
        0.5944680709344639,
        0.9508631624004846,
        0.9769152970609687,
        0.9397324195330149,
        0.9623937650706362,
        0.9371918481347159,
        0.9963774452833966,
        1.0710169497789919,
        0.8370798262941227,
        1.0732385034851624,
        0.913005188947107,
        0.9695784720787382,
        1.0063581439887608,
        0.8557052468512328,
        0.9527973621281467
    ],
    "setting": {
        "algorithm": "stupid_solution",
        "dimension": 15,
        "samples": 45,
        "sigma": 0.5,
        "signal": [
            0.8804509063256238,
            0.4402254531628119,
            0.0,
            0.0,
            0.1760901812651248,
            0.0,
            0.0,
            0.0,
            0.0,
            0.0,
            0.0,
            0.0,
            0.0,
            0.0,
            0.0
        ]
    },
    "timestamp": 1685192149.2700617,
    "total_duration": 1.5122811794281006,
    "wrong_samples": [
        32,
        23,
        33,
        28,
        29,
        27,
        32,
        37,
        35,
        36,
        33,
        34,
        34,
        30,
        34,
        32,
        37,
        33,
        30,
        33
    ]
}