{
    "reconstruction_errors": [
        0.909599897598311,
        0.7216686003690533,
        0.6626152998715062,
        0.6627126081527216,
        0.9508619962805487,
        0.8370025232737999,
        0.8076525047663101,
        1.0442703555074064,
        0.8752133873655782,
        0.5871744691905421,
        0.8389509583724135,
        0.929829658951746,
        0.7678964511044719,
        0.49546698768008723,
        1.036465976211103,
        0.8140746995805648,
        0.784989728956024,
        0.7788050191701779,
        1.0678388372434744,
        0.6858917527238095
    ],
    "setting": {
        "algorithm": "stupid_solution",
        "dimension": 10,
        "samples": 25,
        "sigma": 0.5,
        "signal": [
            0.8804509063256238,
            0.4402254531628119,
            0.0,
            0.0,
            0.1760901812651248,
            0.0,
            0.0,
            0.0,
            0.0,
            0.0
        ]
    },
    "timestamp": 1685192149.4099576,
    "total_duration": 0.4678163528442383,
    "wrong_samples": [
        20,
        14,
        11,
        14,
        16,
        13,
        19,
        19,
        15,
        13,
        17,
        18,
        16,
        18,
        17,
        17,
        15,
        18,
        19,
        14
    ]
}