{
    "reconstruction_errors": [
        0.8011591541901517,
        0.5738923618625982,
        0.8742344640536146,
        0.6777918358397899,
        0.9090406407316585,
        0.9424568188692318,
        0.709659314460958,
        0.6489578821842872,
        0.7686129695021903,
        0.8969822829892373,
        0.5904957879649375,
        0.7360563893544688,
        0.9089016969123622,
        0.6420320013558233,
        0.7743031566190159,
        0.6016375922152468,
        0.8227115876007,
        0.9134429159902712,
        0.4589079069547147,
        0.3589565680718214
    ],
    "setting": {
        "algorithm": "stupid_solution",
        "dimension": 10,
        "samples": 100,
        "sigma": 0.5,
        "signal": [
            0.8804509063256238,
            0.4402254531628119,
            0.0,
            0.0,
            0.1760901812651248,
            0.0,
            0.0,
            0.0,
            0.0,
            0.0
        ]
    },
    "timestamp": 1685192153.71747,
    "total_duration": 3.9466867446899414,
    "wrong_samples": [
        70,
        59,
        74,
        63,
        75,
        72,
        57,
        67,
        71,
        75,
        57,
        74,
        69,
        65,
        64,
        69,
        71,
        67,
        46,
        52
    ]
}