{
    "reconstruction_errors": [
        0.1043124346732001,
        0.13874689426725734,
        0.10259213691521857,
        0.09191991068759572,
        0.07917389585504978,
        0.0708358348910017,
        0.0991299110573998,
        0.07553770436778245,
        0.11309356430481786,
        0.1315450619663602,
        0.09260733462107865,
        0.12809464318754146,
        0.10536684432670827,
        0.08540579618869155,
        0.11875253938007131,
        0.12726585722840789,
        0.1351734786346188,
        0.11483082926428317,
        0.0998444818320535,
        0.08204539637119011
    ],
    "setting": {
        "algorithm": "measure_best_apriori",
        "dimension": 15,
        "samples": 100,
        "sigma": 0.25,
        "signal": [
            0.8804509063256238,
            0.4402254531628119,
            0.0,
            0.0,
            0.1760901812651248,
            0.0,
            0.0,
            0.0,
            0.0,
            0.0,
            0.0,
            0.0,
            0.0,
            0.0,
            0.0
        ]
    },
    "timestamp": 1685236795.2067475,
    "total_duration": 24360.87358856201,
    "wrong_samples": [
        5,
        8,
        7,
        10,
        7,
        5,
        5,
        4,
        2,
        4,
        6,
        3,
        3,
        3,
        4,
        5,
        9,
        1,
        6,
        7
    ]
}