{
    "reconstruction_errors": [
        0.3064257882795791,
        0.11802001688423897,
        0.19272001954096213,
        0.15128419326834117,
        0.4979178209028498,
        0.1550460255264134,
        0.5245185972325214,
        0.12836095726252358,
        0.3115561080021132,
        0.2029526372424977,
        0.1519178982048647,
        0.2166003794033723,
        0.15239501788408483,
        0.1279532819743556,
        0.2187047223702303,
        0.1251221245230526,
        0.43115432027345724,
        0.13995234892264602,
        0.18821049485231253,
        0.16743731143578783
    ],
    "setting": {
        "algorithm": "measure_best_apriori",
        "dimension": 5,
        "samples": 15,
        "sigma": 0.3,
        "signal": [
            0.8804509063256238,
            0.4402254531628119,
            0.0,
            0.0,
            0.1760901812651248
        ]
    },
    "timestamp": 1685225327.0677083,
    "total_duration": 7.289842367172241,
    "wrong_samples": [
        5,
        3,
        3,
        5,
        5,
        1,
        4,
        1,
        4,
        2,
        0,
        2,
        2,
        3,
        4,
        1,
        4,
        1,
        4,
        0
    ]
}