{
    "reconstruction_errors": [
        0.14761032679723227,
        0.18633226796018604,
        0.1621389461990025,
        0.17183935645461926,
        0.162007361277944,
        0.18005107226739833,
        0.12626082832203872,
        0.186179601176167,
        0.16392986886666283,
        0.168504474049915,
        0.13298776431312176,
        0.13337870679775027,
        0.1545210483338362,
        0.1176667321658203,
        0.13718962720031344,
        0.2038369440361393,
        0.14549709189090648,
        0.18727801211804504,
        0.1470194378951975,
        0.16974593422865067
    ],
    "setting": {
        "algorithm": "measure_best_apriori",
        "dimension": 15,
        "samples": 70,
        "sigma": 0.3,
        "signal": [
            0.8804509063256238,
            0.4402254531628119,
            0.0,
            0.0,
            0.1760901812651248,
            0.0,
            0.0,
            0.0,
            0.0,
            0.0,
            0.0,
            0.0,
            0.0,
            0.0,
            0.0
        ]
    },
    "timestamp": 1685230280.431366,
    "total_duration": 4685.934318065643,
    "wrong_samples": [
        9,
        11,
        11,
        9,
        14,
        8,
        6,
        12,
        12,
        19,
        8,
        4,
        9,
        8,
        8,
        6,
        9,
        11,
        9,
        8
    ]
}