{
    "reconstruction_errors": [
        0.2263834473677518,
        0.41799168899217315,
        0.2734720290908512,
        0.2022657415617913,
        0.2288013669754388,
        0.29116752388746603,
        0.3186565068462271,
        0.3433998697387567,
        0.3577267894048367,
        0.32304887237468055,
        0.2661028211025914,
        0.381669813383823,
        0.27535036648005384,
        0.21152200540610536,
        0.22144991376850004,
        0.3098470494113567,
        0.2332486439207236,
        0.3023320752779944,
        0.2716073572999743,
        0.22992626516304981
    ],
    "setting": {
        "algorithm": "measure_best_apriori",
        "dimension": 15,
        "samples": 70,
        "sigma": 0.4,
        "signal": [
            0.8804509063256238,
            0.4402254531628119,
            0.0,
            0.0,
            0.1760901812651248,
            0.0,
            0.0,
            0.0,
            0.0,
            0.0,
            0.0,
            0.0,
            0.0,
            0.0,
            0.0
        ]
    },
    "timestamp": 1685225970.2344534,
    "total_duration": 8064.108063220978,
    "wrong_samples": [
        23,
        31,
        23,
        22,
        23,
        22,
        25,
        24,
        28,
        29,
        22,
        28,
        25,
        24,
        17,
        15,
        20,
        16,
        22,
        18
    ]
}