{
    "reconstruction_errors": [
        0.17039461896860195,
        0.23373131933223357,
        0.1770726262506616,
        0.24477659964130571,
        0.22462823745679267,
        0.18465987154368085,
        0.1820268785626401,
        0.36635995975757557,
        0.1520784813396692,
        0.14917083503143871,
        0.2068078754788083,
        0.2007677660395422,
        0.29355756085616924,
        0.1520377643597367,
        0.1528029393100485,
        0.14057766769095686,
        0.25388353927271023,
        0.1874746294599631,
        0.23656941217413935,
        0.21224513975048306
    ],
    "setting": {
        "algorithm": "measure_best_apriori",
        "dimension": 5,
        "samples": 45,
        "sigma": 0.4,
        "signal": [
            0.8804509063256238,
            0.4402254531628119,
            0.0,
            0.0,
            0.1760901812651248
        ]
    },
    "timestamp": 1685225327.0407968,
    "total_duration": 176.16618275642395,
    "wrong_samples": [
        15,
        7,
        10,
        11,
        13,
        12,
        8,
        21,
        8,
        8,
        14,
        14,
        18,
        7,
        8,
        10,
        12,
        12,
        13,
        9
    ]
}