{
    "reconstruction_errors": [
        0.38718827064202604,
        0.5647359289067966,
        0.7122598861092105,
        0.8825786952747782,
        0.515114399462429,
        0.6124746794905966,
        0.34281198026499043,
        0.44144190355629065,
        0.7645333229361151,
        0.5746198471271577,
        0.664708031620534,
        0.4070375384238818,
        0.3595321210700069,
        0.6583890029080333,
        0.8225834428037004,
        0.3948841855573816,
        0.532953189941602,
        0.5040065556199491,
        0.81586567063804,
        0.41707301106966294
    ],
    "setting": {
        "algorithm": "measure_best_apriori",
        "dimension": 10,
        "samples": 45,
        "sigma": 0.5,
        "signal": [
            0.8804509063256238,
            0.4402254531628119,
            0.0,
            0.0,
            0.1760901812651248,
            0.0,
            0.0,
            0.0,
            0.0,
            0.0
        ]
    },
    "timestamp": 1685227588.461507,
    "total_duration": 626.3730263710022,
    "wrong_samples": [
        23,
        19,
        29,
        32,
        22,
        23,
        18,
        16,
        29,
        24,
        26,
        17,
        16,
        28,
        28,
        18,
        21,
        21,
        30,
        21
    ]
}