{
    "reconstruction_errors": [
        0.3046406571856907,
        0.30169431895939075,
        0.656401599832354,
        0.4159088965981279,
        0.35508174094164036,
        0.5377177880991324,
        0.3704204684828764,
        0.5066163107840591,
        0.37968334633901696,
        0.1979962492714907,
        0.30192893143082183,
        0.29139294482953665,
        0.42068694498881654,
        0.5342475154303213,
        0.29414981059579565,
        0.21445018176241165,
        0.6671660891505098,
        0.2882403695267902,
        0.3855382092673955,
        0.3151869220758986
    ],
    "setting": {
        "algorithm": "measure_best_apriori",
        "dimension": 5,
        "samples": 45,
        "sigma": 0.5,
        "signal": [
            0.8804509063256238,
            0.4402254531628119,
            0.0,
            0.0,
            0.1760901812651248
        ]
    },
    "timestamp": 1685225327.0677083,
    "total_duration": 176.50072979927063,
    "wrong_samples": [
        18,
        10,
        25,
        18,
        17,
        23,
        14,
        25,
        19,
        12,
        19,
        18,
        20,
        20,
        13,
        13,
        27,
        15,
        16,
        14
    ]
}