{
    "reconstruction_errors": [
        2.255044439730636e-15,
        2.255044439730636e-15,
        2.255044439730636e-15,
        2.255044439730636e-15,
        2.255044439730636e-15,
        2.255044439730636e-15,
        2.255044439730636e-15,
        2.255044439730636e-15,
        2.255044439730636e-15,
        2.255044439730636e-15,
        2.255044439730636e-15,
        2.255044439730636e-15,
        2.255044439730636e-15,
        2.255044439730636e-15,
        2.255044439730636e-15,
        2.255044439730636e-15,
        2.255044439730636e-15,
        2.255044439730636e-15,
        2.255044439730636e-15,
        2.255044439730636e-15
    ],
    "setting": {
        "algorithm": "measure_best_apriori",
        "dimension": 5,
        "samples": 100,
        "sigma": 0.0,
        "signal": [
            0.8804509063256238,
            0.4402254531628119,
            0.0,
            0.0,
            0.1760901812651248
        ]
    },
    "timestamp": 1688229136.7053707,
    "total_duration": 431.64831256866455,
    "wrong_samples": [
        0,
        0,
        0,
        0,
        0,
        0,
        0,
        0,
        0,
        0,
        0,
        0,
        0,
        0,
        0,
        0,
        0,
        0,
        0,
        0
    ]
}