{
    "reconstruction_errors": [
        0.13727024360582293,
        0.15867328941734965,
        0.1479999260225324,
        0.1929006695923083,
        0.12744876871464736,
        0.16232936916361324,
        0.10827636469593938,
        0.16577490713507148,
        0.13560709144297745,
        0.12963104336255418,
        0.1851752018189575,
        0.14013189265781012,
        0.17296922589986688,
        0.18316526351131507,
        0.152672639771742,
        0.17642372709979207,
        0.1192717442119478,
        0.1583948761851373,
        0.1862021857252811,
        0.1453036537620341
    ],
    "setting": {
        "algorithm": "measure_best_apriori",
        "dimension": 15,
        "samples": 25,
        "sigma": 0.2,
        "signal": [
            0.8804509063256238,
            0.4402254531628119,
            0.0,
            0.0,
            0.1760901812651248,
            0.0,
            0.0,
            0.0,
            0.0,
            0.0,
            0.0,
            0.0,
            0.0,
            0.0,
            0.0
        ]
    },
    "timestamp": 1688231345.0684228,
    "total_duration": 78.97619271278381,
    "wrong_samples": [
        0,
        0,
        0,
        2,
        0,
        0,
        0,
        1,
        0,
        0,
        0,
        0,
        0,
        1,
        0,
        0,
        0,
        1,
        0,
        0
    ]
}