{
    "reconstruction_errors": [
        0.05595737584261686,
        0.060887522510102286,
        0.09843227626231797,
        0.0808853922881142,
        0.08578695769754291,
        0.06653283151433023,
        0.08705627139576946,
        0.09958274897771278,
        0.06948473944954284,
        0.06839557819247291,
        0.09236759239520104,
        0.1041282680279547,
        0.05665339337905908,
        0.06664557474477537,
        0.06897156339107084,
        0.10089662298818972,
        0.06714533307269971,
        0.1019488863701696,
        0.0855597476588297,
        0.06820815021306342
    ],
    "setting": {
        "algorithm": "measure_best_apriori",
        "dimension": 10,
        "samples": 100,
        "sigma": 0.25,
        "signal": [
            0.8804509063256238,
            0.4402254531628119,
            0.0,
            0.0,
            0.1760901812651248,
            0.0,
            0.0,
            0.0,
            0.0,
            0.0
        ]
    },
    "timestamp": 1688230660.7078223,
    "total_duration": 5798.545455694199,
    "wrong_samples": [
        3,
        1,
        1,
        4,
        3,
        2,
        6,
        2,
        5,
        7,
        1,
        3,
        3,
        2,
        2,
        4,
        0,
        3,
        4,
        8
    ]
}