{
    "reconstruction_errors": [
        0.1207354724851238,
        0.15294190673059893,
        0.15493201343610913,
        0.10390988878705586,
        0.17506618842181818,
        0.1903452652618959,
        0.13384633778410995,
        0.15795528102358994,
        0.2019105088039412,
        0.13010003366022374,
        0.17024784291083916,
        0.1440149541518984,
        0.18724615782381276,
        0.13686068709224414,
        0.16017486533743974,
        0.13452098880983807,
        0.17230486040320536,
        0.15630812648258063,
        0.15758261815436012,
        0.1754350464582457
    ],
    "setting": {
        "algorithm": "measure_best_apriori",
        "dimension": 10,
        "samples": 25,
        "sigma": 0.25,
        "signal": [
            0.8804509063256238,
            0.4402254531628119,
            0.0,
            0.0,
            0.1760901812651248,
            0.0,
            0.0,
            0.0,
            0.0,
            0.0
        ]
    },
    "timestamp": 1688227940.2062943,
    "total_duration": 85.45305347442627,
    "wrong_samples": [
        1,
        0,
        1,
        1,
        0,
        0,
        1,
        2,
        2,
        2,
        1,
        0,
        0,
        2,
        0,
        1,
        1,
        1,
        2,
        0
    ]
}