{
    "reconstruction_errors": [
        0.12013559602626268,
        0.1345547285662926,
        0.13113249360501858,
        0.1166239029730138,
        0.12746974243276885,
        0.13174291199986304,
        0.10855455823918177,
        0.1239483458920311,
        0.13600309718153247,
        0.11637178839691825,
        0.090346164486835,
        0.09718668153411925,
        0.119357411027344,
        0.09355593010531058,
        0.10590428830057769,
        0.14389703240859272,
        0.11201682644575214,
        0.13062950121476452,
        0.10761091507370651,
        0.11682014938451898
    ],
    "setting": {
        "algorithm": "measure_best_apriori",
        "dimension": 15,
        "samples": 70,
        "sigma": 0.25,
        "signal": [
            0.8804509063256238,
            0.4402254531628119,
            0.0,
            0.0,
            0.1760901812651248,
            0.0,
            0.0,
            0.0,
            0.0,
            0.0,
            0.0,
            0.0,
            0.0,
            0.0,
            0.0
        ]
    },
    "timestamp": 1688233348.5405736,
    "total_duration": 4002.9406974315643,
    "wrong_samples": [
        4,
        4,
        7,
        2,
        6,
        4,
        4,
        4,
        4,
        6,
        4,
        1,
        3,
        3,
        3,
        2,
        5,
        2,
        6,
        4
    ]
}