{
    "reconstruction_errors": [
        0.21005661168722678,
        0.11201066477589594,
        0.0958585006697647,
        0.13613330429274959,
        0.1464151560728308,
        0.1157791883530745,
        0.06118220414418397,
        0.12790801787904216,
        0.17214864334032137,
        0.15556359200451128,
        0.09692077244637122,
        0.08414683518388152,
        0.14930292278889076,
        0.10927376991679509,
        0.1114149117361777,
        0.13620444963212122,
        0.13880761533353952,
        0.13351447300085356,
        0.12228362938329401,
        0.1233464854644337
    ],
    "setting": {
        "algorithm": "measure_best_apriori",
        "dimension": 5,
        "samples": 25,
        "sigma": 0.25,
        "signal": [
            0.8804509063256238,
            0.4402254531628119,
            0.0,
            0.0,
            0.1760901812651248
        ]
    },
    "timestamp": 1688227227.389466,
    "total_duration": 15.085619449615479,
    "wrong_samples": [
        3,
        1,
        2,
        1,
        1,
        1,
        2,
        4,
        3,
        2,
        1,
        1,
        1,
        0,
        1,
        1,
        3,
        4,
        2,
        3
    ]
}