{
    "reconstruction_errors": [
        0.1369462327930122,
        0.15393503418281856,
        0.14119968955173973,
        0.1775367824482937,
        0.153373386628371,
        0.10179559050075032,
        0.12154762262939164,
        0.18913833870271646,
        0.1152490944054107,
        0.209257260843677,
        0.14746689583267059,
        0.13942020622667348,
        0.15960378598603456,
        0.20355815854058656,
        0.1844168571150549,
        0.1549548760224639,
        0.14167979990026588,
        0.17299765271282821,
        0.1963422856919407,
        0.1541299487148809
    ],
    "setting": {
        "algorithm": "measure_best_apriori",
        "dimension": 10,
        "samples": 45,
        "sigma": 0.3,
        "signal": [
            0.8804509063256238,
            0.4402254531628119,
            0.0,
            0.0,
            0.1760901812651248,
            0.0,
            0.0,
            0.0,
            0.0,
            0.0
        ]
    },
    "timestamp": 1688227796.1469927,
    "total_duration": 621.9938101768494,
    "wrong_samples": [
        4,
        5,
        9,
        7,
        2,
        1,
        2,
        6,
        4,
        7,
        3,
        6,
        2,
        9,
        9,
        0,
        3,
        7,
        6,
        6
    ]
}