{
    "reconstruction_errors": [
        0.08464993085224574,
        0.033912536218430024,
        0.09269668360073663,
        0.06871240189623427,
        0.04962921507444799,
        0.07448388479743259,
        0.09654932490526934,
        0.11232487203112039,
        0.10680552963775716,
        0.1171127519804868,
        0.1009880358305236,
        0.06114675444958873,
        0.1027261088613525,
        0.06965606038098869,
        0.13127836678418653,
        0.07815812556175723,
        0.04897130130465636,
        0.06597412735829149,
        0.06220612600653052,
        0.07284505430050471
    ],
    "setting": {
        "algorithm": "measure_best_apriori",
        "dimension": 5,
        "samples": 100,
        "sigma": 0.3,
        "signal": [
            0.8804509063256238,
            0.4402254531628119,
            0.0,
            0.0,
            0.1760901812651248
        ]
    },
    "timestamp": 1688227351.0809464,
    "total_duration": 2111.79580283165,
    "wrong_samples": [
        9,
        10,
        15,
        8,
        6,
        10,
        12,
        9,
        13,
        13,
        10,
        8,
        12,
        11,
        12,
        11,
        15,
        12,
        11,
        10
    ]
}