{
    "reconstruction_errors": [
        0.34486954446304796,
        0.17346419051245715,
        0.24530566829517658,
        0.24080037950958907,
        0.4930298850022051,
        0.23572796752100775,
        0.17569760891987973,
        0.29472953089056275,
        0.4633833439164442,
        0.5502243929193508,
        0.18754923038969276,
        0.45434568956957383,
        0.2458737792684616,
        0.20877206977592552,
        0.4932553490347477,
        0.2512202220404379,
        0.2525257687845759,
        0.1999847105290949,
        0.2685990329184874,
        0.1725690943691856
    ],
    "setting": {
        "algorithm": "measure_best_apriori",
        "dimension": 5,
        "samples": 25,
        "sigma": 0.4,
        "signal": [
            0.8804509063256238,
            0.4402254531628119,
            0.0,
            0.0,
            0.1760901812651248
        ]
    },
    "timestamp": 1688227227.3854764,
    "total_duration": 16.25280451774597,
    "wrong_samples": [
        6,
        8,
        6,
        4,
        9,
        9,
        6,
        10,
        12,
        10,
        4,
        8,
        11,
        7,
        12,
        3,
        5,
        7,
        6,
        8
    ]
}