{
    "reconstruction_errors": [
        0.3636749420539237,
        0.38760066400320986,
        0.3754113704150511,
        0.5179062748268466,
        0.305820873795181,
        0.24289424625944436,
        0.35161291839305403,
        0.5629417287254879,
        0.322713063635544,
        0.382392775309516,
        0.37546415633264046,
        0.4848394980290515,
        0.3772262192685289,
        0.30009764725437155,
        0.5125535648154648,
        0.31492268895236203,
        0.35496566181924194,
        0.2690380471049649,
        0.3598522110458732,
        0.3118861502813863
    ],
    "setting": {
        "algorithm": "measure_best_apriori",
        "dimension": 15,
        "samples": 45,
        "sigma": 0.4,
        "signal": [
            0.8804509063256238,
            0.4402254531628119,
            0.0,
            0.0,
            0.1760901812651248,
            0.0,
            0.0,
            0.0,
            0.0,
            0.0,
            0.0,
            0.0,
            0.0,
            0.0,
            0.0
        ]
    },
    "timestamp": 1688232278.106078,
    "total_duration": 961.2390859127045,
    "wrong_samples": [
        14,
        13,
        17,
        20,
        10,
        7,
        15,
        24,
        14,
        17,
        20,
        21,
        14,
        8,
        18,
        11,
        21,
        15,
        12,
        13
    ]
}