{
    "reconstruction_errors": [
        0.24347167609582504,
        0.2370258789560653,
        0.19743792029751872,
        0.16123764498708168,
        0.1879578726573196,
        0.23834602019215606,
        0.16314229749799752,
        0.2834293895656219,
        0.28759112267282594,
        0.21467137793190239,
        0.1620458438736145,
        0.19916127508760328,
        0.1757119611397283,
        0.17276876075752012,
        0.17023604438629633,
        0.24680767000723297,
        0.21270738693746213,
        0.23547289499735513,
        0.22254445146373658,
        0.1750987614997688
    ],
    "setting": {
        "algorithm": "measure_best_apriori",
        "dimension": 10,
        "samples": 70,
        "sigma": 0.4,
        "signal": [
            0.8804509063256238,
            0.4402254531628119,
            0.0,
            0.0,
            0.1760901812651248,
            0.0,
            0.0,
            0.0,
            0.0,
            0.0
        ]
    },
    "timestamp": 1688228712.7793014,
    "total_duration": 1947.924532175064,
    "wrong_samples": [
        20,
        13,
        22,
        18,
        17,
        21,
        15,
        17,
        14,
        16,
        14,
        17,
        18,
        14,
        15,
        20,
        15,
        21,
        20,
        22
    ]
}