{
    "reconstruction_errors": [
        1.0792895880011348,
        1.0328992668350907,
        1.1196217429279451,
        0.757543430706221,
        0.5120481971771201,
        0.6263574107141032,
        0.8904908424282847,
        1.0231677879489895,
        1.1256987948997415,
        0.5317809961594583,
        0.9171143695152101,
        1.212210206704994,
        0.769893049118292,
        0.8380050221046511,
        0.9491248156843257,
        0.9283074933621734,
        0.9973314960331657,
        0.7039480130347533,
        1.2418802857216618,
        0.6320568802855654
    ],
    "setting": {
        "algorithm": "measure_best_apriori",
        "dimension": 15,
        "samples": 25,
        "sigma": 0.5,
        "signal": [
            0.8804509063256238,
            0.4402254531628119,
            0.0,
            0.0,
            0.1760901812651248,
            0.0,
            0.0,
            0.0,
            0.0,
            0.0,
            0.0,
            0.0,
            0.0,
            0.0,
            0.0
        ]
    },
    "timestamp": 1688231663.6999662,
    "total_duration": 137.5686433315277,
    "wrong_samples": [
        20,
        16,
        20,
        11,
        14,
        13,
        17,
        14,
        17,
        13,
        19,
        17,
        17,
        16,
        16,
        13,
        17,
        15,
        17,
        11
    ]
}