{
    "reconstruction_errors": [
        0.48498125923077623,
        0.5119277331099583,
        0.38442047270490703,
        0.5368747629775397,
        0.4442055479133573,
        0.35674719477883504,
        0.32666787354004634,
        0.44179089065067606,
        0.7511888004943776,
        0.5162197760086614,
        0.5984067963700805,
        0.6258720141812396,
        0.735668918812763,
        0.5978712119714955,
        0.8725538712740755,
        0.4240269552878143,
        0.4133445566511493,
        0.5748660292639228,
        0.9986674635684833,
        0.4589532665909664
    ],
    "setting": {
        "algorithm": "measure_best_apriori",
        "dimension": 15,
        "samples": 100,
        "sigma": 0.5,
        "signal": [
            0.8804509063256238,
            0.4402254531628119,
            0.0,
            0.0,
            0.1760901812651248,
            0.0,
            0.0,
            0.0,
            0.0,
            0.0,
            0.0,
            0.0,
            0.0,
            0.0,
            0.0
        ]
    },
    "timestamp": 1688236477.4838393,
    "total_duration": 29014.242883205414,
    "wrong_samples": [
        50,
        51,
        44,
        60,
        51,
        45,
        40,
        46,
        64,
        50,
        60,
        58,
        67,
        58,
        79,
        45,
        50,
        55,
        74,
        48
    ]
}