{
    "reconstruction_errors": [
        0.43266167486851753,
        0.24595005905490197,
        0.48179143187784906,
        0.3244049072782498,
        0.6102283210326871,
        0.36589636314870827,
        0.26972962595992717,
        0.42678772266743953,
        0.6046280915599475,
        0.6016998485012387,
        0.31893694389919197,
        0.5317986626326865,
        0.432010511359908,
        0.48781391282370923,
        0.6599211367934432,
        0.3618105613554788,
        0.3165944366814426,
        0.2836753816454936,
        0.40926088030729046,
        0.2786536820994122
    ],
    "setting": {
        "algorithm": "measure_best_apriori",
        "dimension": 5,
        "samples": 25,
        "sigma": 0.5,
        "signal": [
            0.8804509063256238,
            0.4402254531628119,
            0.0,
            0.0,
            0.1760901812651248
        ]
    },
    "timestamp": 1688227227.3829696,
    "total_duration": 16.94683289527893,
    "wrong_samples": [
        6,
        8,
        9,
        5,
        10,
        12,
        7,
        12,
        14,
        9,
        9,
        12,
        14,
        13,
        14,
        6,
        7,
        11,
        9,
        10
    ]
}