{
    "reconstruction_errors": [
        0.045143103968428536,
        0.05051608169399012,
        0.049792715295590026,
        0.04929549670362303,
        0.05096501346904907,
        0.05044221526138432,
        0.038881223738278466,
        0.041278569143309664,
        0.055034959049316906,
        0.052766982551937305,
        0.033653871999672846,
        0.03797958215392583,
        0.04596580539350437,
        0.03784415630508475,
        0.036166470168817105,
        0.060294397224167975,
        0.03588409533340768,
        0.054885194637739304,
        0.03448524057399375,
        0.047218569227016685
    ],
    "setting": {
        "algorithm": "measure_best_apriori",
        "dimension": 15,
        "samples": 70,
        "sigma": 0.1,
        "signal": [
            0.8804509063256238,
            0.4402254531628119,
            0.0,
            0.0,
            0.1760901812651248,
            0.0,
            0.0,
            0.0,
            0.0,
            0.0,
            0.0,
            0.0,
            0.0,
            0.0,
            0.0
        ]
    },
    "timestamp": 1685198954.3124995,
    "total_duration": 3975.459417819977,
    "wrong_samples": [
        0,
        0,
        0,
        0,
        0,
        0,
        0,
        0,
        0,
        0,
        0,
        0,
        0,
        0,
        0,
        0,
        0,
        0,
        0,
        0
    ]
}