{
    "reconstruction_errors": [
        0.06078413339321659,
        0.04172992600322692,
        0.040795291768688596,
        0.05671865321243719,
        0.0508896379158079,
        0.032878695392134706,
        0.004825512247892402,
        0.04886759234378357,
        0.06723836277648,
        0.05596150065830733,
        0.03748639391867142,
        0.026732333850019822,
        0.06461113857224646,
        0.04370950796671813,
        0.047236438028701776,
        0.05154350122697155,
        0.0442961354360032,
        0.029085075128615648,
        0.057890214894967845,
        0.029358611889722712
    ],
    "setting": {
        "algorithm": "measure_best_apriori",
        "dimension": 5,
        "samples": 25,
        "sigma": 0.1,
        "signal": [
            0.8804509063256238,
            0.4402254531628119,
            0.0,
            0.0,
            0.1760901812651248
        ]
    },
    "timestamp": 1685193230.1940763,
    "total_duration": 20.889382362365723,
    "wrong_samples": [
        0,
        0,
        0,
        0,
        0,
        0,
        0,
        0,
        0,
        0,
        0,
        0,
        0,
        0,
        0,
        0,
        0,
        0,
        0,
        0
    ]
}