{
    "reconstruction_errors": [
        0.07185382959222375,
        0.04782011235563753,
        0.07282275097099505,
        0.08792235202327872,
        0.07287493056099349,
        0.09995805488872127,
        0.07473233155675228,
        0.059908312912023594,
        0.0814706157542388,
        0.05219144146685951,
        0.08932940593201541,
        0.05630574927424192,
        0.06242978592884021,
        0.05464825101210919,
        0.08271864106888398,
        0.050845035383985396,
        0.08011696198516942,
        0.061659427753961035,
        0.08032574096989327,
        0.08726330088529445
    ],
    "setting": {
        "algorithm": "measure_best_apriori",
        "dimension": 10,
        "samples": 15,
        "sigma": 0.1,
        "signal": [
            0.8804509063256238,
            0.4402254531628119,
            0.0,
            0.0,
            0.1760901812651248,
            0.0,
            0.0,
            0.0,
            0.0,
            0.0
        ]
    },
    "timestamp": 1685193252.6736515,
    "total_duration": 7.871248245239258,
    "wrong_samples": [
        0,
        0,
        0,
        0,
        0,
        0,
        0,
        0,
        0,
        0,
        0,
        0,
        0,
        0,
        0,
        0,
        0,
        0,
        0,
        0
    ]
}