{
    "reconstruction_errors": [
        0.0897843773790736,
        0.1223535253844791,
        0.10733371085618608,
        0.07381199631360776,
        0.1400529507374546,
        0.1522762122095168,
        0.0869258703561969,
        0.10545648251128949,
        0.1514636352657327,
        0.09774374161460427,
        0.12910999319294417,
        0.1152119633215187,
        0.14979692625905025,
        0.10906356123605193,
        0.1281398922699518,
        0.10003947504317338,
        0.12081503496036874,
        0.11098513149215647,
        0.1353264057141991,
        0.14034803716659666
    ],
    "setting": {
        "algorithm": "measure_best_apriori",
        "dimension": 10,
        "samples": 25,
        "sigma": 0.2,
        "signal": [
            0.8804509063256238,
            0.4402254531628119,
            0.0,
            0.0,
            0.1760901812651248,
            0.0,
            0.0,
            0.0,
            0.0,
            0.0
        ]
    },
    "timestamp": 1685193366.3917782,
    "total_duration": 44.26881122589111,
    "wrong_samples": [
        0,
        0,
        0,
        0,
        0,
        0,
        0,
        0,
        1,
        0,
        0,
        0,
        0,
        1,
        0,
        0,
        0,
        0,
        0,
        0
    ]
}