{
    "reconstruction_errors": [
        0.12863474212245907,
        0.1168930591562194,
        0.12907421824292936,
        0.13461235705185168,
        0.10405496998223165,
        0.11263790296249203,
        0.0985407069696096,
        0.13792652106938952,
        0.11705377609208696,
        0.05889734365369315,
        0.10682658031156812,
        0.1293961831553581,
        0.0986022204990009,
        0.12236025067118675,
        0.16009016068964435,
        0.13227796794640115,
        0.07246263167822031,
        0.10604691481185645,
        0.12451416543501884,
        0.11530958785945743
    ],
    "setting": {
        "algorithm": "measure_best_apriori",
        "dimension": 15,
        "samples": 45,
        "sigma": 0.2,
        "signal": [
            0.8804509063256238,
            0.4402254531628119,
            0.0,
            0.0,
            0.1760901812651248,
            0.0,
            0.0,
            0.0,
            0.0,
            0.0,
            0.0,
            0.0,
            0.0,
            0.0,
            0.0
        ]
    },
    "timestamp": 1685193799.4180627,
    "total_duration": 640.1395380496979,
    "wrong_samples": [
        0,
        0,
        0,
        0,
        0,
        0,
        1,
        1,
        1,
        0,
        1,
        0,
        0,
        0,
        0,
        0,
        1,
        0,
        1,
        0
    ]
}