{
    "reconstruction_errors": [
        0.08226436839495772,
        0.1082242744546235,
        0.06473485989020739,
        0.08048186956711592,
        0.0636469631337849,
        0.05753827517309097,
        0.06078125899960456,
        0.056474425842142774,
        0.08742594121777875,
        0.10004860492718123,
        0.08322380449223464,
        0.09871922615533027,
        0.08189389563525169,
        0.06451851273010961,
        0.09286835411085044,
        0.0974779821206242,
        0.09261942614973082,
        0.09209690650905362,
        0.08603894175049946,
        0.0609600333829924
    ],
    "setting": {
        "algorithm": "measure_best_apriori",
        "dimension": 15,
        "samples": 100,
        "sigma": 0.2,
        "signal": [
            0.8804509063256238,
            0.4402254531628119,
            0.0,
            0.0,
            0.1760901812651248,
            0.0,
            0.0,
            0.0,
            0.0,
            0.0,
            0.0,
            0.0,
            0.0,
            0.0,
            0.0
        ]
    },
    "timestamp": 1685198954.3174832,
    "total_duration": 11069.867408514023,
    "wrong_samples": [
        1,
        2,
        2,
        1,
        2,
        2,
        0,
        0,
        0,
        0,
        2,
        1,
        1,
        1,
        2,
        0,
        0,
        0,
        0,
        3
    ]
}