{
    "reconstruction_errors": [
        0.17158780450727856,
        0.2115391063900204,
        0.18499990752816547,
        0.2561415028953162,
        0.1878832803220088,
        0.20306526682769002,
        0.13534545586992416,
        0.3133618379567583,
        0.17642148168528612,
        0.19718632380146714,
        0.24441708976002116,
        0.17516486582226265,
        0.20640542047111465,
        0.19678766624081653,
        0.19808695946401458,
        0.22052965887474005,
        0.1490896802649348,
        0.19716598862023796,
        0.2327527321566015,
        0.18162956720254256
    ],
    "setting": {
        "algorithm": "measure_best_apriori",
        "dimension": 15,
        "samples": 25,
        "sigma": 0.25,
        "signal": [
            0.8804509063256238,
            0.4402254531628119,
            0.0,
            0.0,
            0.1760901812651248,
            0.0,
            0.0,
            0.0,
            0.0,
            0.0,
            0.0,
            0.0,
            0.0,
            0.0,
            0.0
        ]
    },
    "timestamp": 1685193418.5988889,
    "total_duration": 73.70161843299866,
    "wrong_samples": [
        0,
        1,
        0,
        3,
        1,
        1,
        0,
        5,
        1,
        1,
        3,
        0,
        1,
        3,
        1,
        0,
        0,
        1,
        0,
        0
    ]
}