{
    "reconstruction_errors": [
        0.10703646514789877,
        0.1345547285662926,
        0.13113249360501858,
        0.1166239029730138,
        0.12483715451303887,
        0.1348900111446554,
        0.10863348314458457,
        0.1239483458920311,
        0.13600309718153247,
        0.11637178839691825,
        0.08825251604708392,
        0.09718668153411925,
        0.119357411027344,
        0.09738001260761935,
        0.10885390564735686,
        0.14389703240859272,
        0.11201682644575214,
        0.13062950121476452,
        0.10761091507370651,
        0.11682014938451898
    ],
    "setting": {
        "algorithm": "measure_best_apriori",
        "dimension": 15,
        "samples": 70,
        "sigma": 0.25,
        "signal": [
            0.8804509063256238,
            0.4402254531628119,
            0.0,
            0.0,
            0.1760901812651248,
            0.0,
            0.0,
            0.0,
            0.0,
            0.0,
            0.0,
            0.0,
            0.0,
            0.0,
            0.0
        ]
    },
    "timestamp": 1685198954.3144932,
    "total_duration": 4780.2825083732605,
    "wrong_samples": [
        3,
        4,
        7,
        2,
        5,
        3,
        5,
        4,
        4,
        6,
        3,
        1,
        3,
        4,
        3,
        2,
        5,
        2,
        6,
        4
    ]
}