{
    "reconstruction_errors": [
        0.04313553725979136,
        0.14365840046970157,
        0.0777766087459305,
        0.07720594472857266,
        0.06436611722991623,
        0.02960069928692463,
        0.08995313788008474,
        0.08942996050751274,
        0.06666063769831405,
        0.10309336238788687,
        0.15239070864278428,
        0.0925269805325367,
        0.13023903511496965,
        0.11367041437749777,
        0.06645471598720051,
        0.033755809971346765,
        0.12889050447222572,
        0.07350483403860238,
        0.10294687937746946,
        0.0975640695119266
    ],
    "setting": {
        "algorithm": "measure_best_apriori",
        "dimension": 5,
        "samples": 45,
        "sigma": 0.25,
        "signal": [
            0.8804509063256238,
            0.4402254531628119,
            0.0,
            0.0,
            0.1760901812651248
        ]
    },
    "timestamp": 1685193230.1950727,
    "total_duration": 140.8222062587738,
    "wrong_samples": [
        6,
        5,
        3,
        1,
        4,
        0,
        1,
        4,
        1,
        2,
        5,
        6,
        5,
        0,
        3,
        4,
        5,
        4,
        1,
        0
    ]
}