{
    "reconstruction_errors": [
        0.10468970952217911,
        0.12441334995618646,
        0.1026519585886578,
        0.05552303822299396,
        0.09503641673805618,
        0.11852729641697929,
        0.07520777233472765,
        0.11578121067751711,
        0.13159832105297417,
        0.08293349247628029,
        0.08118984673383621,
        0.0875457291027182,
        0.09042488849979045,
        0.09360135334316616,
        0.08530554627170726,
        0.13408885272272464,
        0.09457181236334353,
        0.08802972465300696,
        0.09055713608859857,
        0.10576539476500313
    ],
    "setting": {
        "algorithm": "measure_best_apriori",
        "dimension": 10,
        "samples": 70,
        "sigma": 0.25,
        "signal": [
            0.8804509063256238,
            0.4402254531628119,
            0.0,
            0.0,
            0.1760901812651248,
            0.0,
            0.0,
            0.0,
            0.0,
            0.0
        ]
    },
    "timestamp": 1685198954.2935634,
    "total_duration": 1655.4908480644226,
    "wrong_samples": [
        6,
        6,
        6,
        3,
        1,
        4,
        2,
        2,
        3,
        3,
        3,
        1,
        1,
        7,
        2,
        4,
        1,
        4,
        6,
        3
    ]
}