{
    "reconstruction_errors": [
        0.21261603070118992,
        0.20855803494945266,
        0.27472564334240596,
        0.2333273389486727,
        0.1678781403179742,
        0.168056693058212,
        0.2111659196048409,
        0.21864011629339822,
        0.20030079402180698,
        0.17711875327399415,
        0.22345436536158492,
        0.24404567869450974,
        0.18179209214965086,
        0.1933428134093723,
        0.24822615036767307,
        0.19925631437030575,
        0.13820631953312887,
        0.18227845220108893,
        0.2123143498700469,
        0.17922971795924603
    ],
    "setting": {
        "algorithm": "measure_best_apriori",
        "dimension": 15,
        "samples": 45,
        "sigma": 0.3,
        "signal": [
            0.8804509063256238,
            0.4402254531628119,
            0.0,
            0.0,
            0.1760901812651248,
            0.0,
            0.0,
            0.0,
            0.0,
            0.0,
            0.0,
            0.0,
            0.0,
            0.0,
            0.0
        ]
    },
    "timestamp": 1685194307.796379,
    "total_duration": 595.8364663124084,
    "wrong_samples": [
        4,
        8,
        7,
        6,
        1,
        2,
        7,
        9,
        9,
        6,
        8,
        6,
        5,
        5,
        3,
        4,
        6,
        5,
        4,
        4
    ]
}