{
    "reconstruction_errors": [
        0.22742173005130217,
        0.1879267067911258,
        0.2979333990956064,
        0.2846853201348609,
        0.20036654805651705,
        0.35496640625266035,
        0.26063889925024947,
        0.1679439833540468,
        0.2689863459328936,
        0.21101550036744293,
        0.36483916769205454,
        0.16891724782272577,
        0.1912182553662034,
        0.1935311066254445,
        0.24815592320665178,
        0.20924795134318386,
        0.23472325014009368,
        0.23576287368292337,
        0.34441607371960864,
        0.40619388032841464
    ],
    "setting": {
        "algorithm": "measure_best_apriori",
        "dimension": 10,
        "samples": 15,
        "sigma": 0.3,
        "signal": [
            0.8804509063256238,
            0.4402254531628119,
            0.0,
            0.0,
            0.1760901812651248,
            0.0,
            0.0,
            0.0,
            0.0,
            0.0
        ]
    },
    "timestamp": 1685193372.6118164,
    "total_duration": 8.756850004196167,
    "wrong_samples": [
        5,
        1,
        2,
        1,
        1,
        1,
        1,
        2,
        2,
        2,
        2,
        0,
        5,
        1,
        0,
        2,
        2,
        1,
        3,
        5
    ]
}