{
    "reconstruction_errors": [
        0.08167456523441043,
        0.17367100815785724,
        0.094215020223282,
        0.15273184517536517,
        0.10948991245052749,
        0.044414767536319906,
        0.09700154628715789,
        0.14004738495322594,
        0.07543136805884053,
        0.1163339973242065,
        0.17458348201023943,
        0.052849309833591436,
        0.13865115154422833,
        0.13640449725299736,
        0.08108032185804662,
        0.06737655225666013,
        0.17055084636635887,
        0.12260593519370305,
        0.14803618307007715,
        0.1335954885615383
    ],
    "setting": {
        "algorithm": "measure_best_apriori",
        "dimension": 5,
        "samples": 45,
        "sigma": 0.3,
        "signal": [
            0.8804509063256238,
            0.4402254531628119,
            0.0,
            0.0,
            0.1760901812651248
        ]
    },
    "timestamp": 1685193230.2025564,
    "total_duration": 149.2549319267273,
    "wrong_samples": [
        9,
        5,
        7,
        6,
        9,
        1,
        2,
        9,
        2,
        4,
        6,
        8,
        8,
        0,
        3,
        7,
        7,
        9,
        4,
        3
    ]
}