{
    "reconstruction_errors": [
        0.08464993085224574,
        0.04291643509964339,
        0.09269668360073663,
        0.08941165327202914,
        0.050854218768953366,
        0.07448388479743259,
        0.10213354366528354,
        0.11232487203112039,
        0.13447216718241248,
        0.11445325047316261,
        0.08406929061605634,
        0.06114675444958873,
        0.10475169718302098,
        0.0681993236816055,
        0.1288744752418842,
        0.08042806168764878,
        0.03547463986865554,
        0.0718238754638775,
        0.07618491244036846,
        0.04847801999551534
    ],
    "setting": {
        "algorithm": "measure_best_apriori",
        "dimension": 5,
        "samples": 100,
        "sigma": 0.3,
        "signal": [
            0.8804509063256238,
            0.4402254531628119,
            0.0,
            0.0,
            0.1760901812651248
        ]
    },
    "timestamp": 1685193799.404062,
    "total_duration": 2227.5700829029083,
    "wrong_samples": [
        9,
        9,
        15,
        6,
        7,
        10,
        11,
        9,
        15,
        11,
        8,
        8,
        13,
        9,
        10,
        12,
        15,
        12,
        10,
        11
    ]
}