{
    "reconstruction_errors": [
        0.6142869542512104,
        0.4148534983844461,
        0.566691608378121,
        0.5067738611364072,
        0.517223778471584,
        0.35228001347960275,
        0.46351015513789906,
        0.5737355784735102,
        0.46978123298096,
        0.41401827387515866,
        0.7268491951739255,
        0.5234394426142834,
        0.33683233060194423,
        0.6507429573417737,
        0.6461212227384442,
        0.45138290238786316,
        0.8645551916383588,
        0.4213100171580511,
        0.69594949247883,
        0.404221153138269
    ],
    "setting": {
        "algorithm": "measure_best_apriori",
        "dimension": 15,
        "samples": 25,
        "sigma": 0.4,
        "signal": [
            0.8804509063256238,
            0.4402254531628119,
            0.0,
            0.0,
            0.1760901812651248,
            0.0,
            0.0,
            0.0,
            0.0,
            0.0,
            0.0,
            0.0,
            0.0,
            0.0,
            0.0
        ]
    },
    "timestamp": 1685193484.1825974,
    "total_duration": 78.13661670684814,
    "wrong_samples": [
        8,
        9,
        9,
        6,
        10,
        6,
        9,
        8,
        11,
        12,
        16,
        9,
        7,
        14,
        12,
        4,
        15,
        5,
        13,
        6
    ]
}