{
    "reconstruction_errors": [
        0.2454889259805869,
        0.3250799775440736,
        0.25205938617233303,
        0.39081442330797456,
        0.18258478346709398,
        0.19397481188794935,
        0.18609571676544237,
        0.23703127085503736,
        0.25781392190453745,
        0.331240514068338,
        0.21975350076681496,
        0.28884959277523165,
        0.2880091402324045,
        0.2838228036212264,
        0.358685884358215,
        0.26697680863093237,
        0.2782016307253356,
        0.23356817300390745,
        0.20904881423131702,
        0.21341818041236052
    ],
    "setting": {
        "algorithm": "measure_best_apriori",
        "dimension": 15,
        "samples": 100,
        "sigma": 0.4,
        "signal": [
            0.8804509063256238,
            0.4402254531628119,
            0.0,
            0.0,
            0.1760901812651248,
            0.0,
            0.0,
            0.0,
            0.0,
            0.0,
            0.0,
            0.0,
            0.0,
            0.0,
            0.0
        ]
    },
    "timestamp": 1685198954.3244598,
    "total_duration": 10224.906182527542,
    "wrong_samples": [
        34,
        37,
        33,
        52,
        29,
        28,
        28,
        31,
        26,
        38,
        34,
        30,
        33,
        30,
        44,
        22,
        39,
        23,
        33,
        37
    ]
}