{
    "reconstruction_errors": [
        0.30553695279955345,
        0.2192439083738369,
        0.3438566189146742,
        0.4291990926051798,
        0.27692199947269225,
        0.4006571574844889,
        0.16879219523608333,
        0.3174520522494824,
        0.13956164605316682,
        0.3339142007169865,
        0.23161317220872485,
        0.24093483817794994,
        0.2438981121841609,
        0.41139132553918767,
        0.41925504450355544,
        0.2381143717094623,
        0.3112994465533373,
        0.3047375692137942,
        0.41653004582633574,
        0.28339220857608116
    ],
    "setting": {
        "algorithm": "measure_best_apriori",
        "dimension": 10,
        "samples": 45,
        "sigma": 0.4,
        "signal": [
            0.8804509063256238,
            0.4402254531628119,
            0.0,
            0.0,
            0.1760901812651248,
            0.0,
            0.0,
            0.0,
            0.0,
            0.0
        ]
    },
    "timestamp": 1685198954.2925668,
    "total_duration": 295.4072570800781,
    "wrong_samples": [
        17,
        9,
        18,
        21,
        12,
        15,
        10,
        12,
        11,
        15,
        12,
        12,
        8,
        18,
        19,
        9,
        10,
        15,
        19,
        18
    ]
}