{
    "reconstruction_errors": [
        0.18450202919196637,
        0.12656425325791473,
        0.19722395385021566,
        0.23736581180349278,
        0.17816627227656304,
        0.1943416216936376,
        0.27761913144588307,
        0.24701259483206892,
        0.12678144066424726,
        0.17897436506562805,
        0.1419458487006125,
        0.18212869211765761,
        0.1575314719370516,
        0.16245654532052733,
        0.16011440360753565,
        0.19832892082254278,
        0.19350837317680858,
        0.23063800621274752,
        0.2056450253336129,
        0.2543576298019348
    ],
    "setting": {
        "algorithm": "measure_best_apriori",
        "dimension": 10,
        "samples": 100,
        "sigma": 0.4,
        "signal": [
            0.8804509063256238,
            0.4402254531628119,
            0.0,
            0.0,
            0.1760901812651248,
            0.0,
            0.0,
            0.0,
            0.0,
            0.0
        ]
    },
    "timestamp": 1685200609.8457189,
    "total_duration": 5148.197290420532,
    "wrong_samples": [
        31,
        23,
        26,
        25,
        29,
        27,
        28,
        32,
        28,
        32,
        18,
        28,
        25,
        27,
        19,
        26,
        18,
        27,
        30,
        38
    ]
}