{
    "reconstruction_errors": [
        0.38653378703627456,
        0.268985336851148,
        0.5185331651059716,
        0.5299428215406369,
        0.24536556537813453,
        0.513820579176452,
        0.354176811614989,
        0.4001813150078312,
        0.5474304312313661,
        0.2923565851660756,
        0.7572422945726526,
        0.3413380139924309,
        0.32929905918157276,
        0.3719308128526175,
        0.4564783617638299,
        0.5012379067943639,
        0.3567532044055828,
        0.3282373908903448,
        0.4630619225292707,
        0.5882590473155147
    ],
    "setting": {
        "algorithm": "measure_best_apriori",
        "dimension": 10,
        "samples": 15,
        "sigma": 0.4,
        "signal": [
            0.8804509063256238,
            0.4402254531628119,
            0.0,
            0.0,
            0.1760901812651248,
            0.0,
            0.0,
            0.0,
            0.0,
            0.0
        ]
    },
    "timestamp": 1685193365.074213,
    "total_duration": 8.035826921463013,
    "wrong_samples": [
        7,
        2,
        4,
        6,
        3,
        3,
        1,
        6,
        8,
        3,
        6,
        4,
        6,
        5,
        3,
        5,
        3,
        1,
        6,
        7
    ]
}