{
    "reconstruction_errors": [
        0.2271457624791947,
        0.4498747999274424,
        0.2790790173634541,
        0.20226891608034975,
        0.2288013669754388,
        0.28418123853458443,
        0.3271567612593343,
        0.3576167038484481,
        0.3514365792781065,
        0.35431732103379443,
        0.27197114136718004,
        0.3437833019143402,
        0.2628839233280344,
        0.29429751877431615,
        0.22967185459989342,
        0.30576933146415636,
        0.22721388800189826,
        0.3172409080768008,
        0.2829945177373206,
        0.22992626516304981
    ],
    "setting": {
        "algorithm": "measure_best_apriori",
        "dimension": 15,
        "samples": 70,
        "sigma": 0.4,
        "signal": [
            0.8804509063256238,
            0.4402254531628119,
            0.0,
            0.0,
            0.1760901812651248,
            0.0,
            0.0,
            0.0,
            0.0,
            0.0,
            0.0,
            0.0,
            0.0,
            0.0,
            0.0
        ]
    },
    "timestamp": 1685198954.31549,
    "total_duration": 4328.827015161514,
    "wrong_samples": [
        23,
        32,
        24,
        20,
        23,
        21,
        24,
        25,
        28,
        29,
        23,
        25,
        26,
        23,
        17,
        17,
        19,
        18,
        22,
        18
    ]
}