{
    "reconstruction_errors": [
        0.16766774803958226,
        0.23373131933223357,
        0.18220574402024603,
        0.1168416393046729,
        0.22462823745679267,
        0.22919486091016408,
        0.2183867434689557,
        0.3733590403029036,
        0.2191038734411294,
        0.14917083503143871,
        0.19727742594845266,
        0.20402367302609287,
        0.29355756085616924,
        0.16365550152044533,
        0.1894428345234862,
        0.13581863869677202,
        0.249059499357363,
        0.1874746294599631,
        0.24490355604862488,
        0.24048767133580973
    ],
    "setting": {
        "algorithm": "measure_best_apriori",
        "dimension": 5,
        "samples": 45,
        "sigma": 0.4,
        "signal": [
            0.8804509063256238,
            0.4402254531628119,
            0.0,
            0.0,
            0.1760901812651248
        ]
    },
    "timestamp": 1685193230.2025564,
    "total_duration": 148.18884801864624,
    "wrong_samples": [
        15,
        7,
        10,
        13,
        13,
        14,
        8,
        20,
        9,
        8,
        15,
        16,
        18,
        5,
        10,
        10,
        11,
        12,
        12,
        9
    ]
}