{
    "reconstruction_errors": [
        0.5629299918682025,
        0.24212214594774237,
        0.308999567232136,
        0.36904167912842145,
        0.3901335463439059,
        0.37325921559997555,
        0.40420147985042865,
        0.763838271250066,
        0.24106162889930874,
        0.5217489036795231,
        0.7705632436980194,
        0.30558750293490095,
        0.529495196792575,
        0.2752219834800942,
        0.39221755946760317,
        0.37240476444534454,
        0.4691779312866646,
        0.36640279811304055,
        0.33688264456346073,
        0.4317750150355333
    ],
    "setting": {
        "algorithm": "measure_best_apriori",
        "dimension": 10,
        "samples": 100,
        "sigma": 0.5,
        "signal": [
            0.8804509063256238,
            0.4402254531628119,
            0.0,
            0.0,
            0.1760901812651248,
            0.0,
            0.0,
            0.0,
            0.0,
            0.0
        ]
    },
    "timestamp": 1685198954.3025334,
    "total_duration": 5725.612320184708,
    "wrong_samples": [
        58,
        35,
        38,
        37,
        51,
        35,
        36,
        64,
        46,
        54,
        60,
        42,
        54,
        40,
        43,
        42,
        44,
        39,
        37,
        55
    ]
}