{
    "reconstruction_errors": [
        0.34201006767407977,
        0.2558037724796771,
        0.23522543457427902,
        0.21473639427746127,
        0.29329805307366996,
        0.23612218254626108,
        0.5108595739779391,
        0.4186681990569657,
        0.2156290661152668,
        0.20290209631049874,
        0.5046202042145445,
        0.3688213111247437,
        0.29049820368923673,
        0.3652863881690711,
        0.3547160775079394,
        0.5948295233751613,
        0.25954909879470156,
        0.46366719754933383,
        0.25510950003920385,
        0.35385565772898225
    ],
    "setting": {
        "algorithm": "measure_best_apriori",
        "dimension": 5,
        "samples": 70,
        "sigma": 0.5,
        "signal": [
            0.8804509063256238,
            0.4402254531628119,
            0.0,
            0.0,
            0.1760901812651248
        ]
    },
    "timestamp": 1685193799.409064,
    "total_duration": 625.5366544723511,
    "wrong_samples": [
        26,
        26,
        19,
        21,
        26,
        24,
        34,
        35,
        21,
        21,
        36,
        31,
        28,
        28,
        22,
        37,
        25,
        24,
        32,
        33
    ]
}