{
    "reconstruction_errors": [
        0.41865016631776314,
        0.43030313991646235,
        0.6937005511288518,
        0.8825786952747782,
        0.5041950856583655,
        0.6102880540438106,
        0.427076478304117,
        0.45982144449737755,
        0.7946834438787518,
        0.531039922772011,
        0.7059841677157807,
        0.4070375384238818,
        0.3492621490569547,
        0.6737408096900448,
        0.8429688286893586,
        0.3948841855573816,
        0.5142974217424834,
        0.5537760896605768,
        0.9151797077328704,
        0.45672068329984367
    ],
    "setting": {
        "algorithm": "measure_best_apriori",
        "dimension": 10,
        "samples": 45,
        "sigma": 0.5,
        "signal": [
            0.8804509063256238,
            0.4402254531628119,
            0.0,
            0.0,
            0.1760901812651248,
            0.0,
            0.0,
            0.0,
            0.0,
            0.0
        ]
    },
    "timestamp": 1685194129.5252419,
    "total_duration": 295.3733649253845,
    "wrong_samples": [
        23,
        20,
        29,
        32,
        17,
        22,
        20,
        14,
        30,
        22,
        28,
        17,
        15,
        27,
        29,
        18,
        19,
        21,
        34,
        24
    ]
}