{
    "reconstruction_errors": [
        0.5530482246529251,
        0.4088230748454474,
        0.9275992921240018,
        0.6739872427384807,
        0.670374374897153,
        0.7559105762604005,
        0.6283683523006988,
        0.9337676417422852,
        0.700405316831391,
        0.4648078534087735,
        1.016605603574293,
        0.5177734814758742,
        0.5040485758702739,
        0.606962891793071,
        0.6255892206504127,
        0.7992045193792229,
        0.5220679214108551,
        0.9157414373887122,
        0.8428599807657701,
        0.696406421997282
    ],
    "setting": {
        "algorithm": "measure_best_apriori",
        "dimension": 10,
        "samples": 15,
        "sigma": 0.5,
        "signal": [
            0.8804509063256238,
            0.4402254531628119,
            0.0,
            0.0,
            0.1760901812651248,
            0.0,
            0.0,
            0.0,
            0.0,
            0.0
        ]
    },
    "timestamp": 1685193371.0237768,
    "total_duration": 8.246026754379272,
    "wrong_samples": [
        8,
        4,
        9,
        10,
        7,
        5,
        4,
        9,
        8,
        5,
        9,
        6,
        8,
        9,
        4,
        8,
        5,
        10,
        10,
        7
    ]
}