{
    "reconstruction_errors": [
        0.4215335196394655,
        0.27422232419207737,
        0.54975647935376,
        0.3911541452050233,
        0.709354763156273,
        0.5634484638387414,
        0.9574394365607882,
        0.5877811259621657,
        0.5897407904885233,
        0.41426997482946437,
        0.3943389925751718,
        0.6857141086008349,
        0.4398916199298249,
        0.3085692772161523,
        0.361536733334595,
        0.4631807555481856,
        0.5792282308733973,
        0.30704579774490953,
        0.47257453333904614,
        0.47887488785340543
    ],
    "setting": {
        "algorithm": "measure_best_apriori",
        "dimension": 5,
        "samples": 15,
        "sigma": 0.5,
        "signal": [
            0.8804509063256238,
            0.4402254531628119,
            0.0,
            0.0,
            0.1760901812651248
        ]
    },
    "timestamp": 1685193230.1950727,
    "total_duration": 5.310844421386719,
    "wrong_samples": [
        7,
        5,
        7,
        6,
        9,
        6,
        8,
        5,
        6,
        7,
        6,
        6,
        6,
        7,
        7,
        8,
        7,
        7,
        8,
        4
    ]
}