{
    "reconstruction_errors": [
        0.9672139397776024,
        0.6567615712802788,
        0.5236455820982605,
        0.3572803892906212,
        0.6690856510429254,
        0.5124154357206764,
        0.6322229244692363,
        0.7006839812387605,
        0.5708522494601918,
        0.5979666837857067,
        0.4121001844895134,
        0.651229565257348,
        0.5539352085855576,
        0.8214801773168235,
        0.44494858878473226,
        0.549217446961356,
        0.29015500696320146,
        0.5631421617444946,
        0.6416944860390854,
        0.4141946545184369
    ],
    "setting": {
        "algorithm": "measure_best_apriori",
        "dimension": 15,
        "samples": 70,
        "sigma": 0.5,
        "signal": [
            0.8804509063256238,
            0.4402254531628119,
            0.0,
            0.0,
            0.1760901812651248,
            0.0,
            0.0,
            0.0,
            0.0,
            0.0,
            0.0,
            0.0,
            0.0,
            0.0,
            0.0
        ]
    },
    "timestamp": 1685198954.3164866,
    "total_duration": 3639.9522404670715,
    "wrong_samples": [
        52,
        42,
        42,
        31,
        42,
        37,
        40,
        43,
        41,
        45,
        33,
        41,
        41,
        48,
        30,
        32,
        34,
        33,
        42,
        29
    ]
}