{
    "reconstruction_errors": [
        0.41939053490695954,
        0.39506965735928845,
        0.8935255139539554,
        0.30351521053803004,
        0.39448769735575995,
        0.41729332596478375,
        0.2796794760461177,
        0.402818440834614,
        0.38926545346457714,
        0.5922832899387084,
        0.33659169965377955,
        0.41492391284003605,
        0.6486333681086074,
        0.27269743620130354,
        0.38982723051684975,
        0.6380516358880741,
        0.27879901344484664,
        0.4198966806431764,
        0.46791925968356995,
        0.9899410231762444
    ],
    "setting": {
        "algorithm": "measure_best_apriori",
        "dimension": 10,
        "samples": 70,
        "sigma": 0.5,
        "signal": [
            0.8804509063256238,
            0.4402254531628119,
            0.0,
            0.0,
            0.1760901812651248,
            0.0,
            0.0,
            0.0,
            0.0,
            0.0
        ]
    },
    "timestamp": 1685194435.2440438,
    "total_duration": 1351.767290353775,
    "wrong_samples": [
        29,
        22,
        48,
        28,
        29,
        29,
        24,
        25,
        22,
        32,
        25,
        31,
        41,
        25,
        33,
        37,
        26,
        34,
        32,
        52
    ]
}