{
    "reconstruction_errors": [
        0.4357979108469184,
        0.3120776444758185,
        0.48179143187784906,
        0.3682763715636849,
        0.6102283210326871,
        0.34537628406555126,
        0.2898361032848206,
        0.4561923134616326,
        0.5958290580036754,
        0.5698046330858454,
        0.2896970613976015,
        0.5361477190716273,
        0.45917281190032866,
        0.48781391282370923,
        0.6352407184673288,
        0.3618105613554788,
        0.3165944366814426,
        0.23015712168634878,
        0.40926088030729046,
        0.3087873486942349
    ],
    "setting": {
        "algorithm": "measure_best_apriori",
        "dimension": 5,
        "samples": 25,
        "sigma": 0.5,
        "signal": [
            0.8804509063256238,
            0.4402254531628119,
            0.0,
            0.0,
            0.1760901812651248
        ]
    },
    "timestamp": 1685193230.1920805,
    "total_duration": 20.58641219139099,
    "wrong_samples": [
        7,
        7,
        9,
        6,
        10,
        11,
        8,
        11,
        13,
        8,
        9,
        11,
        13,
        13,
        14,
        6,
        7,
        10,
        9,
        10
    ]
}