{
    "reconstruction_errors": [
        1.3597399555105182e-16,
        1.3597399555105182e-16,
        1.3597399555105182e-16,
        1.3597399555105182e-16,
        1.3597399555105182e-16,
        1.3597399555105182e-16,
        1.3597399555105182e-16,
        1.3597399555105182e-16,
        1.3597399555105182e-16,
        1.3597399555105182e-16,
        1.3597399555105182e-16,
        1.3597399555105182e-16,
        1.3597399555105182e-16,
        1.3597399555105182e-16,
        1.3597399555105182e-16,
        1.3597399555105182e-16,
        1.3597399555105182e-16,
        1.3597399555105182e-16,
        1.3597399555105182e-16,
        1.3597399555105182e-16
    ],
    "setting": {
        "algorithm": "measure_best_apriori",
        "dimension": 5,
        "outliers": 0.0,
        "samples": 15,
        "sigma": 0.0,
        "signal": [
            0.8804509063256238,
            0.4402254531628119,
            0.0,
            0.0,
            0.1760901812651248
        ]
    },
    "timestamp": 1693753969.7658226,
    "total_duration": 5.002333164215088,
    "wrong_samples": [
        0,
        0,
        0,
        0,
        0,
        0,
        0,
        0,
        0,
        0,
        0,
        0,
        0,
        0,
        0,
        0,
        0,
        0,
        0,
        0
    ]
}