{
    "average_reconstruction_error": 1.4946834900704536e-16,
    "reconstruction_errors": [
        1.4946834900704541e-16,
        1.4946834900704541e-16,
        1.4946834900704541e-16,
        1.4946834900704541e-16,
        1.4946834900704541e-16,
        1.4946834900704541e-16,
        1.4946834900704541e-16,
        1.4946834900704541e-16,
        1.4946834900704541e-16,
        1.4946834900704541e-16,
        1.4946834900704541e-16,
        1.4946834900704541e-16,
        1.4946834900704541e-16,
        1.4946834900704541e-16,
        1.4946834900704541e-16,
        1.4946834900704541e-16,
        1.4946834900704541e-16,
        1.4946834900704541e-16,
        1.4946834900704541e-16,
        1.4946834900704541e-16
    ],
    "setting": {
        "algorithm": "measure_best_apriori",
        "dimension": 5,
        "outliers": 0.0,
        "samples": 25,
        "sigma": 0.0,
        "signal": [
            0.8804509063256238,
            0.4402254531628119,
            0.0,
            0.0,
            0.1760901812651248
        ]
    },
    "timestamp": 1693757690.3795042,
    "total_duration": 2.420106887817383,
    "wrong_samples": [
        0,
        0,
        0,
        0,
        0,
        0,
        0,
        0,
        0,
        0,
        0,
        0,
        0,
        0,
        0,
        0,
        0,
        0,
        0,
        0
    ]
}