{
    "reconstruction_errors": [
        0.012833772425963008,
        0.025292186949177828,
        0.0137802649406253,
        0.016446182892465862,
        0.021836605330548577,
        0.04132078069775747,
        0.014370706903666272,
        0.014223839343573439,
        0.02660835837237782,
        0.020454821939918127,
        0.03339753028308075,
        0.025253203624648175,
        0.030391050085191253,
        0.02526374143355806,
        0.05138678076212137,
        0.024176473778608237,
        0.027239360232058762,
        0.03441736641831493,
        0.019182307686591,
        0.018095721878716987
    ],
    "setting": {
        "algorithm": "measure_best_apriori",
        "dimension": 5,
        "samples": 70,
        "sigma": 0.1,
        "signal": [
            0.8804509063256238,
            0.4402254531628119,
            0.0,
            0.0,
            0.1760901812651248
        ]
    },
    "timestamp": 1688227238.3425226,
    "total_duration": 552.2262375354767,
    "wrong_samples": [
        0,
        0,
        0,
        0,
        0,
        0,
        0,
        0,
        0,
        0,
        0,
        0,
        0,
        0,
        0,
        0,
        0,
        0,
        0,
        0
    ]
}