{
    "reconstruction_errors": [
        0.03747986549985533,
        0.04111279508774373,
        0.03875545370527213,
        0.017977528202636553,
        0.040288486794673756,
        0.04194041559418557,
        0.027600695233521474,
        0.0405840967352474,
        0.049919214003947575,
        0.03237002433047515,
        0.0312521500259368,
        0.028990739493716878,
        0.038636556293454145,
        0.03170188894906998,
        0.03838794305451412,
        0.04737984074657134,
        0.03908730943524424,
        0.033023303690641596,
        0.03051250034810667,
        0.04435976415658968
    ],
    "setting": {
        "algorithm": "measure_best_apriori",
        "dimension": 10,
        "samples": 70,
        "sigma": 0.1,
        "signal": [
            0.8804509063256238,
            0.4402254531628119,
            0.0,
            0.0,
            0.1760901812651248,
            0.0,
            0.0,
            0.0,
            0.0,
            0.0
        ]
    },
    "timestamp": 1688228592.5937545,
    "total_duration": 880.6690561771393,
    "wrong_samples": [
        0,
        0,
        0,
        0,
        0,
        0,
        0,
        0,
        0,
        0,
        0,
        0,
        0,
        0,
        0,
        0,
        0,
        0,
        0,
        0
    ]
}