{
    "average_reconstruction_error": 0.09905113503605095,
    "reconstruction_errors": [
        0.12156826678643319,
        0.0834598520064538,
        0.0776795266616072,
        0.12505590894418764,
        0.10177927583161617,
        0.09798110840915691,
        0.009651024495784727,
        0.12900312386809673,
        0.1593654727566179,
        0.12635171763156203,
        0.07497278783734287,
        0.0709398744191275,
        0.12257063822680543,
        0.08741901593343614,
        0.09140227122386568,
        0.10308700245394321,
        0.0963536658998171,
        0.08679046320716746,
        0.1157804297899355,
        0.09981127433806199
    ],
    "setting": {
        "algorithm": "measure_best_apriori",
        "dimension": 5,
        "outliers": 0.0,
        "samples": 25,
        "sigma": 0.2,
        "signal": [
            0.8804509063256238,
            0.4402254531628119,
            0.0,
            0.0,
            0.1760901812651248
        ]
    },
    "timestamp": 1693839849.6554132,
    "total_duration": 10.105696678161621,
    "wrong_samples": [
        0,
        0,
        2,
        1,
        0,
        1,
        0,
        1,
        2,
        2,
        0,
        1,
        1,
        0,
        1,
        0,
        1,
        1,
        0,
        2
    ]
}