{
    "reconstruction_errors": [
        0.04676471848302126,
        0.09678450829451936,
        0.06249990474994732,
        0.06324448076278644,
        0.046239936229494065,
        0.023680559429539717,
        0.06256671869891493,
        0.056139111936275264,
        0.04751730766671009,
        0.07425292130516237,
        0.10552118476252603,
        0.05997851928256996,
        0.05370179292670006,
        0.09093633150199826,
        0.034429652081194896,
        0.02926489409942028,
        0.08479064642326566,
        0.07397181054148513,
        0.0802701519430448,
        0.07805125560954132
    ],
    "setting": {
        "algorithm": "measure_best_apriori",
        "dimension": 5,
        "samples": 45,
        "sigma": 0.2,
        "signal": [
            0.8804509063256238,
            0.4402254531628119,
            0.0,
            0.0,
            0.1760901812651248
        ]
    },
    "timestamp": 1688227240.8964527,
    "total_duration": 80.60967421531677,
    "wrong_samples": [
        3,
        1,
        2,
        1,
        2,
        0,
        0,
        1,
        0,
        1,
        1,
        2,
        0,
        0,
        0,
        1,
        3,
        0,
        0,
        0
    ]
}