{
    "average_reconstruction_error": 0.12606212938148362,
    "reconstruction_errors": [
        0.09614633382271985,
        0.0781161790748547,
        0.10430537161978853,
        0.04627144449962964,
        0.30384254696845253,
        0.0829820032815102,
        0.23515050200014512,
        0.08244237237355193,
        0.15196162953136008,
        0.11787542257685904,
        0.10127859880324311,
        0.132098641871781,
        0.09499267992372629,
        0.13412787474966176,
        0.15527188753678284,
        0.09255864006734503,
        0.18009399741526305,
        0.1495783210478706,
        0.07052326617460197,
        0.11162487429052519
    ],
    "setting": {
        "algorithm": "measure_best_apriori",
        "dimension": 5,
        "outliers": 0.0,
        "samples": 15,
        "sigma": 0.2,
        "signal": [
            0.8804509063256238,
            0.4402254531628119,
            0.0,
            0.0,
            0.1760901812651248
        ]
    },
    "timestamp": 1693757673.1266263,
    "total_duration": 3.82724666595459,
    "wrong_samples": [
        0,
        0,
        2,
        1,
        3,
        0,
        1,
        1,
        0,
        1,
        0,
        0,
        1,
        2,
        0,
        0,
        1,
        0,
        0,
        0
    ]
}