{
    "average_reconstruction_error": 0.16071968439198478,
    "reconstruction_errors": [
        0.20752352784159542,
        0.11743249806879937,
        0.11474638858440056,
        0.09962465228227335,
        0.3430541883021869,
        0.10372750410188769,
        0.2889610277918212,
        0.10461259168207211,
        0.20643627371335083,
        0.14393871452490767,
        0.12659824850405393,
        0.16512330233972616,
        0.1161775157534634,
        0.14883194801634478,
        0.17909695319040403,
        0.10090377790332034,
        0.21423480472248096,
        0.11642238349944097,
        0.1774162941540096,
        0.1395310928631564
    ],
    "setting": {
        "algorithm": "measure_best_apriori",
        "dimension": 5,
        "outliers": 0.0,
        "samples": 15,
        "sigma": 0.25,
        "signal": [
            0.8804509063256238,
            0.4402254531628119,
            0.0,
            0.0,
            0.1760901812651248
        ]
    },
    "timestamp": 1693757676.9588573,
    "total_duration": 3.1632144451141357,
    "wrong_samples": [
        4,
        2,
        2,
        3,
        3,
        0,
        1,
        1,
        1,
        1,
        0,
        0,
        2,
        2,
        2,
        1,
        1,
        1,
        2,
        0
    ]
}