{
    "reconstruction_errors": [
        0.07719584523633277,
        0.04288703089390142,
        0.05795989833549919,
        0.06147674832974726,
        0.03048222301165964,
        0.04501722344988084,
        0.05285755296740471,
        0.0830349730329822,
        0.08094159081785132,
        0.08258648366059991,
        0.06363707275598675,
        0.0364033746603911,
        0.06813181083523738,
        0.04687685494764239,
        0.11396989069048881,
        0.06726365160597161,
        0.05339464940117146,
        0.03090301863223008,
        0.047484601973350846,
        0.05376225157853659
    ],
    "setting": {
        "algorithm": "measure_best_apriori",
        "dimension": 5,
        "samples": 100,
        "sigma": 0.25,
        "signal": [
            0.8804509063256238,
            0.4402254531628119,
            0.0,
            0.0,
            0.1760901812651248
        ]
    },
    "timestamp": 1688230620.4109592,
    "total_duration": 1529.4321944713593,
    "wrong_samples": [
        5,
        3,
        8,
        3,
        3,
        4,
        5,
        5,
        8,
        8,
        5,
        3,
        2,
        3,
        4,
        8,
        5,
        5,
        8,
        5
    ]
}