{
    "reconstruction_errors": [
        0.12927430209403654,
        0.1624136058143697,
        0.11552800958538909,
        0.09277885114895151,
        0.12255575783968499,
        0.14533425273405443,
        0.08895669451273157,
        0.17639617360887308,
        0.16982603015949238,
        0.1436521003747528,
        0.10206121546674941,
        0.12411157501135568,
        0.09594169633729992,
        0.1117213557285573,
        0.11571154585929651,
        0.17649999103349728,
        0.12391166023263386,
        0.11642915881614545,
        0.12001899412327073,
        0.08372492514934449
    ],
    "setting": {
        "algorithm": "measure_best_apriori",
        "dimension": 10,
        "samples": 70,
        "sigma": 0.3,
        "signal": [
            0.8804509063256238,
            0.4402254531628119,
            0.0,
            0.0,
            0.1760901812651248,
            0.0,
            0.0,
            0.0,
            0.0,
            0.0
        ]
    },
    "timestamp": 1688228170.0704558,
    "total_duration": 1821.0046789646149,
    "wrong_samples": [
        11,
        9,
        11,
        8,
        7,
        11,
        4,
        10,
        7,
        9,
        5,
        5,
        4,
        10,
        6,
        7,
        3,
        9,
        7,
        11
    ]
}