{
    "reconstruction_errors": [
        0.12200340590916522,
        0.2007612844498553,
        0.14978404397666945,
        0.09995818086704579,
        0.08307561390353771,
        0.1150668510348237,
        0.11919454069604069,
        0.1104723420926219,
        0.13477393167363746,
        0.17131217890832598,
        0.09525694459191585,
        0.17483607738854445,
        0.12555325983372323,
        0.12795264516122087,
        0.1804744750484073,
        0.14833411574096775,
        0.17749164344908522,
        0.141357966491559,
        0.12272752919672426,
        0.12415384509910239
    ],
    "setting": {
        "algorithm": "measure_best_apriori",
        "dimension": 15,
        "samples": 100,
        "sigma": 0.3,
        "signal": [
            0.8804509063256238,
            0.4402254531628119,
            0.0,
            0.0,
            0.1760901812651248,
            0.0,
            0.0,
            0.0,
            0.0,
            0.0,
            0.0,
            0.0,
            0.0,
            0.0,
            0.0
        ]
    },
    "timestamp": 1688258270.3630946,
    "total_duration": 23599.33828306198,
    "wrong_samples": [
        15,
        17,
        14,
        13,
        14,
        11,
        12,
        14,
        6,
        13,
        14,
        11,
        7,
        8,
        18,
        8,
        20,
        7,
        14,
        15
    ]
}