{
    "reconstruction_errors": [
        0.24229544507412354,
        0.11971753800360184,
        0.12523965158363573,
        0.16217512397830455,
        0.2376404723236395,
        0.17611995282563653,
        0.08415275473744015,
        0.21212526204315474,
        0.20321195155317975,
        0.1881319119515298,
        0.13303412646374155,
        0.14942089047553933,
        0.20754081488398352,
        0.11574680161524024,
        0.15084519115652664,
        0.160151378507339,
        0.16882496051592233,
        0.16472109298385407,
        0.15722360944406436,
        0.1342379553789752
    ],
    "setting": {
        "algorithm": "measure_best_apriori",
        "dimension": 5,
        "samples": 25,
        "sigma": 0.3,
        "signal": [
            0.8804509063256238,
            0.4402254531628119,
            0.0,
            0.0,
            0.1760901812651248
        ]
    },
    "timestamp": 1693072416.0845103,
    "total_duration": 15.079335927963257,
    "wrong_samples": [
        3,
        2,
        4,
        3,
        3,
        3,
        3,
        6,
        3,
        3,
        3,
        3,
        4,
        1,
        4,
        2,
        3,
        5,
        2,
        5
    ]
}