{
    "reconstruction_errors": [
        0.25572767027090265,
        0.5705537108709743,
        0.36359614904447907,
        0.332357198738598,
        0.41238436561672276,
        0.3281156916791645,
        0.3100290889918276,
        0.29662710350347865,
        0.4212820070115985,
        0.18504384150288036,
        0.3457840312464474,
        0.49197241453416013,
        0.37570670726479366,
        0.5136605277434096,
        0.39714221329735067,
        0.32633971096745934,
        0.4097407754381109,
        0.30698427394548083,
        0.36375576549256317,
        0.35986025798299204
    ],
    "setting": {
        "algorithm": "measure_best_apriori",
        "dimension": 15,
        "samples": 15,
        "sigma": 0.3,
        "signal": [
            0.8804509063256238,
            0.4402254531628119,
            0.0,
            0.0,
            0.1760901812651248,
            0.0,
            0.0,
            0.0,
            0.0,
            0.0,
            0.0,
            0.0,
            0.0,
            0.0,
            0.0
        ]
    },
    "timestamp": 1693072431.2197397,
    "total_duration": 16.37462544441223,
    "wrong_samples": [
        3,
        6,
        2,
        1,
        3,
        1,
        2,
        1,
        2,
        1,
        2,
        5,
        0,
        6,
        2,
        2,
        2,
        2,
        2,
        1
    ]
}