{
    "average_reconstruction_error": 0.27212897426512495,
    "reconstruction_errors": [
        0.2628575158724199,
        0.12113380252391794,
        0.13002664866993552,
        0.11253348101322515,
        0.4441844381796213,
        0.2618732300407604,
        0.5783510812385031,
        0.24771464714652736,
        0.5428191494056815,
        0.2930354964399397,
        0.23053562232415942,
        0.5253375747223052,
        0.30613877196299233,
        0.1279532819743556,
        0.2757715002377858,
        0.1251221245230526,
        0.43115432027345724,
        0.08015431486978283,
        0.1784451724482884,
        0.16743731143578783
    ],
    "setting": {
        "algorithm": "measure_best_apriori",
        "dimension": 5,
        "outliers": 0.0,
        "samples": 15,
        "sigma": 0.3,
        "signal": [
            0.8804509063256238,
            0.4402254531628119,
            0.0,
            0.0,
            0.1760901812651248
        ]
    },
    "timestamp": 1693839410.08469,
    "total_duration": 3.415799617767334,
    "wrong_samples": [
        3,
        2,
        2,
        4,
        4,
        4,
        5,
        4,
        7,
        3,
        3,
        6,
        1,
        3,
        2,
        1,
        4,
        2,
        2,
        0
    ]
}