{
    "reconstruction_errors": [
        0.2111823853975818,
        0.16307587813120986,
        0.12511968930502268,
        0.13002431699521047,
        0.1783667201572111,
        0.15098927316668978,
        0.3050194049628615,
        0.13919890114222647,
        0.15725373547882432,
        0.13989780707592311,
        0.39561073259121043,
        0.15994647527836006,
        0.18457971748662522,
        0.22998515351247617,
        0.23406081839938736,
        0.22841701099030684,
        0.12701773742246317,
        0.22826694017588287,
        0.18343432224770392,
        0.1525758721836931
    ],
    "setting": {
        "algorithm": "measure_best_apriori",
        "dimension": 5,
        "samples": 70,
        "sigma": 0.4,
        "signal": [
            0.8804509063256238,
            0.4402254531628119,
            0.0,
            0.0,
            0.1760901812651248
        ]
    },
    "timestamp": 1688227790.572747,
    "total_duration": 805.9867899417877,
    "wrong_samples": [
        20,
        21,
        14,
        16,
        17,
        17,
        23,
        22,
        12,
        19,
        32,
        17,
        19,
        20,
        16,
        26,
        16,
        14,
        24,
        20
    ]
}