{
    "average_reconstruction_error": 0.3768968001208265,
    "reconstruction_errors": [
        0.5707726644357318,
        0.3055897693303628,
        0.36717976188023776,
        0.2711661973931839,
        0.579176947638693,
        0.4542038873960904,
        0.7884999276805326,
        0.25560624210070726,
        0.5054545448869584,
        0.3050254725523388,
        0.358794889248335,
        0.6342701875332599,
        0.23012658694295132,
        0.1695399308147198,
        0.30754285553304445,
        0.16307269373617891,
        0.5498434576966197,
        0.2445761978886991,
        0.23087394658874433,
        0.24661984113914
    ],
    "setting": {
        "algorithm": "measure_best_apriori",
        "dimension": 5,
        "outliers": 0.0,
        "samples": 15,
        "sigma": 0.4,
        "signal": [
            0.8804509063256238,
            0.4402254531628119,
            0.0,
            0.0,
            0.1760901812651248
        ]
    },
    "timestamp": 1693839437.5267305,
    "total_duration": 3.4290688037872314,
    "wrong_samples": [
        8,
        6,
        7,
        6,
        7,
        5,
        7,
        4,
        5,
        3,
        5,
        7,
        2,
        5,
        5,
        2,
        6,
        6,
        6,
        2
    ]
}