{
    "reconstruction_errors": [
        0.3005959809470003,
        0.4155071894526926,
        0.4970592075254127,
        0.34480132928597707,
        0.39739254872959956,
        0.3938191043878448,
        0.33830928339469424,
        0.3755807726357163,
        0.3551911539854256,
        0.3310602430301741,
        0.44601394825471585,
        0.36690572429885043,
        0.4302409432011895,
        0.21257377091060686,
        0.5878575624689667,
        0.30288624211210874,
        0.48397213785970483,
        0.6200456640870929,
        0.2405886502263972,
        0.3205068029434726
    ],
    "setting": {
        "algorithm": "measure_best_apriori",
        "dimension": 10,
        "samples": 25,
        "sigma": 0.4,
        "signal": [
            0.8804509063256238,
            0.4402254531628119,
            0.0,
            0.0,
            0.1760901812651248,
            0.0,
            0.0,
            0.0,
            0.0,
            0.0
        ]
    },
    "timestamp": 1688228068.2214043,
    "total_duration": 101.84455919265747,
    "wrong_samples": [
        7,
        6,
        9,
        9,
        4,
        6,
        6,
        6,
        6,
        8,
        7,
        6,
        4,
        8,
        11,
        9,
        8,
        13,
        8,
        5
    ]
}