{
    "reconstruction_errors": [
        0.10336371859584365,
        0.05815017706056408,
        0.18003380038682495,
        0.14402318158805308,
        0.12449793092724881,
        0.19229898290346348,
        0.1377217488622275,
        0.2102341860867633,
        0.19476640285851826,
        0.21280711605890132,
        0.13558429653467016,
        0.08996964375327007,
        0.16830616492603706,
        0.1304020849285623,
        0.19272126192071165,
        0.11400708309676147,
        0.0823596190209146,
        0.24087355363571394,
        0.12247102755948036,
        0.12937432686872963
    ],
    "setting": {
        "algorithm": "measure_best_apriori",
        "dimension": 5,
        "samples": 100,
        "sigma": 0.4,
        "signal": [
            0.8804509063256238,
            0.4402254531628119,
            0.0,
            0.0,
            0.1760901812651248
        ]
    },
    "timestamp": 1688229462.8787422,
    "total_duration": 1859.450647354126,
    "wrong_samples": [
        20,
        17,
        26,
        21,
        24,
        24,
        23,
        23,
        24,
        25,
        18,
        22,
        22,
        25,
        18,
        23,
        22,
        33,
        20,
        26
    ]
}