{
    "average_reconstruction_error": 0.4903312546356509,
    "reconstruction_errors": [
        0.4774228086490419,
        0.35444688704904415,
        0.5948377658277951,
        0.3911541452050233,
        0.709354763156273,
        0.27143595463536935,
        0.9208345855979635,
        0.4430618133176889,
        0.5897407904885233,
        0.5202471539381148,
        0.4436637834920031,
        0.7028374492945404,
        0.4398916199298249,
        0.3085692772161523,
        0.361536733334595,
        0.4631807555481856,
        0.5792282308733973,
        0.28373115396703025,
        0.47257453333904614,
        0.47887488785340543
    ],
    "setting": {
        "algorithm": "measure_best_apriori",
        "dimension": 5,
        "outliers": 0.0,
        "samples": 15,
        "sigma": 0.5,
        "signal": [
            0.8804509063256238,
            0.4402254531628119,
            0.0,
            0.0,
            0.1760901812651248
        ]
    },
    "timestamp": 1693757686.9334505,
    "total_duration": 3.4405620098114014,
    "wrong_samples": [
        8,
        6,
        8,
        6,
        9,
        7,
        8,
        4,
        6,
        6,
        5,
        7,
        6,
        7,
        7,
        8,
        7,
        6,
        8,
        4
    ]
}