{
    "reconstruction_errors": [
        0.4774228086490419,
        0.46960209357516347,
        0.5948377658277951,
        0.3911541452050233,
        0.709354763156273,
        0.27143595463536935,
        0.9208345855979635,
        0.6371279929267241,
        0.5983896870043776,
        0.5202471539381148,
        0.35799403335640506,
        0.7028374492945404,
        0.4398916199298249,
        0.3085692772161523,
        0.361536733334595,
        0.4631807555481856,
        0.5792282308733973,
        0.30704579774490953,
        0.47257453333904614,
        0.47887488785340543
    ],
    "setting": {
        "algorithm": "measure_best_apriori",
        "dimension": 5,
        "samples": 15,
        "sigma": 0.5,
        "signal": [
            0.8804509063256238,
            0.4402254531628119,
            0.0,
            0.0,
            0.1760901812651248
        ]
    },
    "timestamp": 1693064503.1336312,
    "total_duration": 4.45025634765625,
    "wrong_samples": [
        8,
        9,
        8,
        6,
        9,
        7,
        8,
        6,
        5,
        6,
        5,
        7,
        6,
        7,
        7,
        8,
        7,
        7,
        8,
        4
    ]
}