{
    "reconstruction_errors": [
        0.9124567960032017,
        0.837676947801494,
        1.1197368040765001,
        0.6695873736504502,
        0.8971499618589732,
        1.1043018157421767,
        0.7335390952382412,
        1.0265059843052613,
        1.1588794615920608,
        0.9323207168117276,
        0.9688545362065123,
        1.010736859443229,
        1.1318585425854197,
        0.8766258316855537,
        0.8774384375123235,
        0.7634368340321946,
        1.0194276441877328,
        0.8593865714544644,
        1.052741868639649,
        0.7004918376026626
    ],
    "setting": {
        "algorithm": "measure_best_apriori",
        "dimension": 15,
        "samples": 15,
        "sigma": 0.5,
        "signal": [
            0.8804509063256238,
            0.4402254531628119,
            0.0,
            0.0,
            0.1760901812651248,
            0.0,
            0.0,
            0.0,
            0.0,
            0.0,
            0.0,
            0.0,
            0.0,
            0.0,
            0.0
        ]
    },
    "timestamp": 1693064507.641905,
    "total_duration": 17.140212297439575,
    "wrong_samples": [
        10,
        7,
        11,
        6,
        8,
        10,
        7,
        10,
        11,
        11,
        10,
        11,
        10,
        11,
        7,
        7,
        8,
        9,
        8,
        6
    ]
}