{
    "reconstruction_errors": [
        0.658335861569684,
        0.6216776909300309,
        0.6723009812556034,
        0.655576157349965,
        0.6381059816288668,
        0.6466370967426174,
        0.7081754153605284,
        0.6818876245240401,
        0.5682107628070621,
        0.6992413453912548,
        0.7077575435056689,
        0.7259795819615666,
        0.6642997057315041,
        0.5717385648640128,
        0.7003219816810186,
        0.5890338902851393,
        0.654991905641785,
        0.7084367392438938,
        0.6911490973950064,
        0.6818249797113574
    ],
    "setting": {
        "algorithm": "pure_random",
        "dimension": 5,
        "samples": 70,
        "sigma": 0.0,
        "signal": [
            0.8804509063256238,
            0.4402254531628119,
            0.0,
            0.0,
            0.1760901812651248
        ]
    },
    "timestamp": 1685207834.6497645,
    "total_duration": 1.064054250717163,
    "wrong_samples": [
        53,
        48,
        51,
        47,
        50,
        52,
        52,
        53,
        46,
        54,
        54,
        53,
        52,
        50,
        52,
        46,
        51,
        52,
        54,
        50
    ]
}