{
    "reconstruction_errors": [
        0.8285504255175877,
        0.8162427183679621,
        0.7246774536315657,
        0.8087834540382391,
        0.8144207305834313,
        0.853534301402296,
        0.8256928651036008,
        0.7827175308576201,
        0.838558213007185,
        0.8303528411753447,
        0.8127075690467954,
        0.8304309526728247,
        0.8366165350413745,
        0.8074561569156106,
        0.7890866918843392,
        0.829372965498263,
        0.8118272225844733,
        0.8175015669078879,
        0.8179697509849254,
        0.8012468530596847
    ],
    "setting": {
        "algorithm": "pure_random",
        "dimension": 10,
        "samples": 70,
        "sigma": 0.0,
        "signal": [
            0.8804509063256238,
            0.4402254531628119,
            0.0,
            0.0,
            0.1760901812651248,
            0.0,
            0.0,
            0.0,
            0.0,
            0.0
        ]
    },
    "timestamp": 1685207861.5968356,
    "total_duration": 1.1692187786102295,
    "wrong_samples": [
        57,
        59,
        52,
        57,
        58,
        60,
        58,
        58,
        59,
        60,
        59,
        60,
        60,
        58,
        57,
        59,
        58,
        60,
        58,
        57
    ]
}