{
    "reconstruction_errors": [
        0.8380509587804742,
        0.8756682640153715,
        0.8668146255025732,
        0.8255884719442114,
        0.862923962107535,
        0.8312491882336109,
        0.8353332304507591,
        0.8669161945604856,
        0.8349252667012599,
        0.8177989361753721,
        0.8423747245566671,
        0.8631723544819805,
        0.845518153240418,
        0.7999569325186089,
        0.8481671422522137,
        0.8551566796169364,
        0.8414835438098736,
        0.8547536987573005,
        0.8353194821085892,
        0.8088040769159547
    ],
    "setting": {
        "algorithm": "pure_random",
        "dimension": 15,
        "samples": 45,
        "sigma": 0.0,
        "signal": [
            0.8804509063256238,
            0.4402254531628119,
            0.0,
            0.0,
            0.1760901812651248,
            0.0,
            0.0,
            0.0,
            0.0,
            0.0,
            0.0,
            0.0,
            0.0,
            0.0,
            0.0
        ]
    },
    "timestamp": 1685207887.2116222,
    "total_duration": 0.5188112258911133,
    "wrong_samples": [
        38,
        39,
        40,
        37,
        40,
        39,
        39,
        40,
        37,
        37,
        39,
        40,
        38,
        37,
        38,
        39,
        39,
        39,
        39,
        38
    ]
}