{
    "reconstruction_errors": [
        0.6966942986248948,
        0.695268616875811,
        0.6032675881776979,
        0.7184652030975582,
        0.6936075784391468,
        0.7184652030975582,
        0.6703834376596518,
        0.6946261054384504,
        0.5250913541780688,
        0.6950545123900704,
        0.5521711901718651,
        0.7200344522334337,
        0.6491974771524341,
        0.61965731965212,
        0.6203774794866941,
        0.5951327127090513,
        0.6689016798934961,
        0.5963194607128013,
        0.5987273324349334,
        0.6439606131727541
    ],
    "setting": {
        "algorithm": "pure_random",
        "dimension": 5,
        "samples": 25,
        "sigma": 0.0,
        "signal": [
            0.8804509063256238,
            0.4402254531628119,
            0.0,
            0.0,
            0.1760901812651248
        ]
    },
    "timestamp": 1685207830.3780901,
    "total_duration": 0.15350890159606934,
    "wrong_samples": [
        18,
        19,
        18,
        19,
        19,
        19,
        17,
        19,
        16,
        18,
        17,
        18,
        18,
        17,
        18,
        17,
        18,
        17,
        17,
        18
    ]
}