{
    "reconstruction_errors": [
        0.8071505490332459,
        0.7635439280614008,
        0.8103361370387651,
        0.8064862899629305,
        0.8509383560222401,
        0.84219292752318,
        0.7874992309581579,
        0.7843038623959728,
        0.8334659670504908,
        0.7693675975394041,
        0.8204067766452631,
        0.8129584993569571,
        0.7743322229024289,
        0.8155771236355083,
        0.8036904066186678,
        0.8067093522114106,
        0.8289664508235911,
        0.8139373554312211,
        0.7456204474532911,
        0.8242287595920067
    ],
    "setting": {
        "algorithm": "pure_random",
        "dimension": 10,
        "samples": 45,
        "sigma": 0.0,
        "signal": [
            0.8804509063256238,
            0.4402254531628119,
            0.0,
            0.0,
            0.1760901812651248,
            0.0,
            0.0,
            0.0,
            0.0,
            0.0
        ]
    },
    "timestamp": 1685207858.1968668,
    "total_duration": 0.477949857711792,
    "wrong_samples": [
        37,
        35,
        36,
        37,
        38,
        39,
        34,
        37,
        38,
        35,
        37,
        38,
        36,
        38,
        37,
        38,
        38,
        38,
        35,
        38
    ]
}