{
    "reconstruction_errors": [
        0.7830680181839237,
        0.7350930261578755,
        0.822885408918012,
        0.8123932381988083,
        0.837452352508363,
        0.7979733157038311,
        0.8263115015987728,
        0.6876290889691584,
        0.7330278903476747,
        0.707338182235509,
        0.806946584785929,
        0.7269868673188612,
        0.8337415021061353,
        0.5889010773444909,
        0.8315899075460645,
        0.8258944463551267,
        0.8345675614607541,
        0.6004878866230782,
        0.7918621409699192,
        0.8261447047659071
    ],
    "setting": {
        "algorithm": "pure_random",
        "dimension": 15,
        "samples": 15,
        "sigma": 0.0,
        "signal": [
            0.8804509063256238,
            0.4402254531628119,
            0.0,
            0.0,
            0.1760901812651248,
            0.0,
            0.0,
            0.0,
            0.0,
            0.0,
            0.0,
            0.0,
            0.0,
            0.0,
            0.0
        ]
    },
    "timestamp": 1685207885.4214444,
    "total_duration": 0.07226943969726562,
    "wrong_samples": [
        12,
        11,
        13,
        12,
        12,
        12,
        12,
        10,
        12,
        11,
        12,
        11,
        13,
        9,
        13,
        12,
        12,
        9,
        12,
        13
    ]
}