{
    "reconstruction_errors": [
        0.8109483394781234,
        0.7864590449968545,
        0.8205424562328388,
        0.8404797448781188,
        0.8649021990684775,
        0.8251248437369572,
        0.8482357431569317,
        0.8358925044943084,
        0.8523346869655436,
        0.7842954671837402,
        0.781316718081399,
        0.8002170248262065,
        0.849857261156887,
        0.8359221802733005,
        0.8704485166596809,
        0.8649882375863793,
        0.8588003170097946,
        0.8170888008822125,
        0.8102444841102022,
        0.8792244644655475
    ],
    "setting": {
        "algorithm": "pure_random",
        "dimension": 15,
        "samples": 25,
        "sigma": 0.0,
        "signal": [
            0.8804509063256238,
            0.4402254531628119,
            0.0,
            0.0,
            0.1760901812651248,
            0.0,
            0.0,
            0.0,
            0.0,
            0.0,
            0.0,
            0.0,
            0.0,
            0.0,
            0.0
        ]
    },
    "timestamp": 1685207885.950222,
    "total_duration": 0.1883869171142578,
    "wrong_samples": [
        21,
        20,
        20,
        21,
        22,
        20,
        21,
        20,
        21,
        20,
        19,
        21,
        21,
        21,
        22,
        22,
        21,
        20,
        20,
        22
    ]
}