{
    "reconstruction_errors": [
        0.8126355312226806,
        0.8328391969125231,
        0.7269589098814468,
        0.8032179463690112,
        0.8184705817801925,
        0.8563111458706268,
        0.8332665099912264,
        0.7775760752099079,
        0.8328855114665318,
        0.822674887070255,
        0.8040790907081325,
        0.8247777011464899,
        0.8483931989111055,
        0.8030954857076229,
        0.7807815630108268,
        0.837870437794537,
        0.7962613972460586,
        0.8264762932911828,
        0.8119983682814182,
        0.8152668309756936
    ],
    "setting": {
        "algorithm": "pure_random",
        "dimension": 10,
        "samples": 70,
        "sigma": 0.1,
        "signal": [
            0.8804509063256238,
            0.4402254531628119,
            0.0,
            0.0,
            0.1760901812651248,
            0.0,
            0.0,
            0.0,
            0.0,
            0.0
        ]
    },
    "timestamp": 1685207862.7720337,
    "total_duration": 1.136812686920166,
    "wrong_samples": [
        57,
        59,
        52,
        57,
        58,
        60,
        58,
        58,
        59,
        60,
        59,
        60,
        60,
        58,
        57,
        59,
        58,
        60,
        58,
        57
    ]
}