{
    "reconstruction_errors": [
        0.6841232850475102,
        0.6880487023544732,
        0.5998573818110092,
        0.7004814530629904,
        0.7120409573721305,
        0.7239602682042823,
        0.6493952030860889,
        0.7195081023906462,
        0.5511642789481849,
        0.730447982023655,
        0.5577732480088398,
        0.6859972102280777,
        0.6348346476088601,
        0.6245944078643266,
        0.6247691238004047,
        0.6090154708716526,
        0.637738671845583,
        0.6304030862638947,
        0.5695149647199901,
        0.6396811499167435
    ],
    "setting": {
        "algorithm": "pure_random",
        "dimension": 5,
        "samples": 25,
        "sigma": 0.1,
        "signal": [
            0.8804509063256238,
            0.4402254531628119,
            0.0,
            0.0,
            0.1760901812651248
        ]
    },
    "timestamp": 1685207830.5375788,
    "total_duration": 0.14552974700927734,
    "wrong_samples": [
        18,
        19,
        18,
        19,
        19,
        19,
        17,
        19,
        16,
        18,
        17,
        18,
        18,
        17,
        18,
        17,
        18,
        17,
        17,
        18
    ]
}