{
    "reconstruction_errors": [
        0.7937366068307892,
        0.7734840440988516,
        0.8456367839308058,
        0.7777102897157931,
        0.7799642326125026,
        0.7528114708674317,
        0.785252169101567,
        0.7978478179524666,
        0.8041245540255476,
        0.7187808701572466,
        0.7661193266832015,
        0.8207154343392522,
        0.7646684135802782,
        0.7493483591602138,
        0.7915952213631554,
        0.7898670027439308,
        0.820223609687145,
        0.7984557722628185,
        0.8216133318762255,
        0.8351086470222083
    ],
    "setting": {
        "algorithm": "pure_random",
        "dimension": 10,
        "samples": 25,
        "sigma": 0.1,
        "signal": [
            0.8804509063256238,
            0.4402254531628119,
            0.0,
            0.0,
            0.1760901812651248,
            0.0,
            0.0,
            0.0,
            0.0,
            0.0
        ]
    },
    "timestamp": 1685207857.2100751,
    "total_duration": 0.15848851203918457,
    "wrong_samples": [
        21,
        20,
        21,
        20,
        19,
        19,
        20,
        20,
        21,
        20,
        20,
        21,
        20,
        18,
        21,
        19,
        21,
        21,
        21,
        21
    ]
}