{
    "reconstruction_errors": [
        0.6516052102897179,
        0.6354114219893325,
        0.6660286280278649,
        0.6817463455148266,
        0.6228469002888599,
        0.6437219850637362,
        0.6956872301525807,
        0.6964904194945426,
        0.5863883228010541,
        0.6818718275370951,
        0.722434880806937,
        0.7139580123705446,
        0.6694609437889711,
        0.5532493593637665,
        0.7161965335724652,
        0.5866260145597625,
        0.6487463921178905,
        0.702910869150524,
        0.6847635111974605,
        0.6912010440712144
    ],
    "setting": {
        "algorithm": "pure_random",
        "dimension": 5,
        "samples": 70,
        "sigma": 0.1,
        "signal": [
            0.8804509063256238,
            0.4402254531628119,
            0.0,
            0.0,
            0.1760901812651248
        ]
    },
    "timestamp": 1685207835.7217915,
    "total_duration": 1.0286579132080078,
    "wrong_samples": [
        53,
        48,
        51,
        47,
        50,
        52,
        52,
        53,
        46,
        54,
        54,
        53,
        52,
        50,
        52,
        46,
        51,
        52,
        54,
        50
    ]
}