{
    "reconstruction_errors": [
        0.7232856254376906,
        0.6841077766585458,
        0.5741940143067183,
        0.6919442472671727,
        0.667983364256517,
        0.7076097390613937,
        0.630693640582864,
        0.715280930074373,
        0.6199009135861953,
        0.6253887759665634,
        0.6778895055382922,
        0.6822218038409088,
        0.6672817822393399,
        0.6498723312806328,
        0.6783628003767602,
        0.7043012390471849,
        0.6205648062354361,
        0.662954768245,
        0.7030811593735531,
        0.6296514674973083
    ],
    "setting": {
        "algorithm": "pure_random",
        "dimension": 5,
        "samples": 45,
        "sigma": 0.1,
        "signal": [
            0.8804509063256238,
            0.4402254531628119,
            0.0,
            0.0,
            0.1760901812651248
        ]
    },
    "timestamp": 1685207831.923085,
    "total_duration": 0.45950841903686523,
    "wrong_samples": [
        34,
        33,
        30,
        34,
        34,
        34,
        32,
        33,
        30,
        31,
        33,
        31,
        33,
        33,
        33,
        32,
        32,
        32,
        35,
        31
    ]
}