{
    "reconstruction_errors": [
        0.8091952117030669,
        0.7947999767932823,
        0.807992654302785,
        0.8566074648025501,
        0.8434456216365093,
        0.7786260854127807,
        0.8405661352327471,
        0.827231122115567,
        0.8210343069742243,
        0.7696392611436869,
        0.7918586123717867,
        0.7794016057500854,
        0.8529639067507168,
        0.838689686097814,
        0.8499192155265035,
        0.8261032304982288,
        0.8520937673521741,
        0.7860625448411347,
        0.7933712366008715,
        0.8610083084167485
    ],
    "setting": {
        "algorithm": "pure_random",
        "dimension": 15,
        "samples": 25,
        "sigma": 0.1,
        "signal": [
            0.8804509063256238,
            0.4402254531628119,
            0.0,
            0.0,
            0.1760901812651248,
            0.0,
            0.0,
            0.0,
            0.0,
            0.0,
            0.0,
            0.0,
            0.0,
            0.0,
            0.0
        ]
    },
    "timestamp": 1685207886.1455858,
    "total_duration": 0.17144346237182617,
    "wrong_samples": [
        21,
        20,
        20,
        21,
        22,
        20,
        21,
        20,
        21,
        20,
        19,
        21,
        21,
        21,
        22,
        22,
        21,
        20,
        20,
        22
    ]
}