{
    "reconstruction_errors": [
        0.6322326938576452,
        0.6261164799482423,
        0.6748569074157048,
        0.657797436114014,
        0.6006167023009976,
        0.6528759453085641,
        0.6235929981147639,
        0.4930814154227535,
        0.7216979496432478,
        0.6167179816975992,
        0.6670172210006461,
        0.6474602159909056,
        0.4835564411299165,
        0.6125812691892303,
        0.611842790658194,
        0.616409373773525,
        0.6186063352068991,
        0.5839483901994287,
        0.664994257198336,
        0.6477141148171295
    ],
    "setting": {
        "algorithm": "pure_random",
        "dimension": 5,
        "samples": 15,
        "sigma": 0.1,
        "signal": [
            0.8804509063256238,
            0.4402254531628119,
            0.0,
            0.0,
            0.1760901812651248
        ]
    },
    "timestamp": 1685207829.9878588,
    "total_duration": 0.06179356575012207,
    "wrong_samples": [
        10,
        10,
        11,
        11,
        11,
        11,
        10,
        9,
        12,
        10,
        10,
        9,
        8,
        11,
        11,
        9,
        11,
        9,
        10,
        11
    ]
}