{
    "reconstruction_errors": [
        0.8191694371479403,
        0.8879471610456365,
        0.8387857226129142,
        0.8213433350781228,
        0.8790968055952342,
        0.8149415884145319,
        0.8566838241655526,
        0.8870425670164901,
        0.8435168921828146,
        0.8098420192070129,
        0.8440884709308394,
        0.8367145413585197,
        0.8293178612165736,
        0.8010307744834214,
        0.8590751478747426,
        0.8812691198467234,
        0.8520722576480938,
        0.8301648662551719,
        0.8062416172010571,
        0.7953759758368242
    ],
    "setting": {
        "algorithm": "pure_random",
        "dimension": 15,
        "samples": 45,
        "sigma": 0.1,
        "signal": [
            0.8804509063256238,
            0.4402254531628119,
            0.0,
            0.0,
            0.1760901812651248,
            0.0,
            0.0,
            0.0,
            0.0,
            0.0,
            0.0,
            0.0,
            0.0,
            0.0,
            0.0
        ]
    },
    "timestamp": 1685207887.7364135,
    "total_duration": 0.5188114643096924,
    "wrong_samples": [
        38,
        39,
        40,
        37,
        40,
        39,
        39,
        40,
        37,
        37,
        39,
        40,
        38,
        37,
        38,
        39,
        39,
        39,
        39,
        38
    ]
}