{
    "reconstruction_errors": [
        0.8049909020376996,
        0.8791060704814184,
        0.8153459743509579,
        0.8204131252304562,
        0.87243063408204,
        0.8033538022218603,
        0.8774500677320655,
        0.8736831735533411,
        0.8560185547190635,
        0.7815394753419832,
        0.8350066078847703,
        0.8076813689517125,
        0.8192966758539878,
        0.8105828388254717,
        0.8675190203710162,
        0.8639457233550648,
        0.8664361705277052,
        0.80236951864181,
        0.7790154982195224,
        0.7844100524969845
    ],
    "setting": {
        "algorithm": "pure_random",
        "dimension": 15,
        "samples": 45,
        "sigma": 0.2,
        "signal": [
            0.8804509063256238,
            0.4402254531628119,
            0.0,
            0.0,
            0.1760901812651248,
            0.0,
            0.0,
            0.0,
            0.0,
            0.0,
            0.0,
            0.0,
            0.0,
            0.0,
            0.0
        ]
    },
    "timestamp": 1685207888.2602081,
    "total_duration": 0.5128293037414551,
    "wrong_samples": [
        38,
        39,
        40,
        37,
        40,
        39,
        39,
        40,
        37,
        37,
        39,
        40,
        38,
        37,
        38,
        39,
        39,
        39,
        39,
        38
    ]
}