{
    "reconstruction_errors": [
        0.817965814626033,
        0.8292719321129031,
        0.8309940503059138,
        0.8383930407334764,
        0.8390514954300052,
        0.8300627806668638,
        0.8614317487008349,
        0.8218375875324974,
        0.7879570904013792,
        0.8434497368223086,
        0.8193630499204391,
        0.8391812426164705,
        0.8111912882710214,
        0.8314677006302447,
        0.8511158510299748,
        0.8200713251030819,
        0.8158209464734267,
        0.7822698913717306,
        0.8435091351272546,
        0.7926345717744201
    ],
    "setting": {
        "algorithm": "pure_random",
        "dimension": 10,
        "samples": 100,
        "sigma": 0.2,
        "signal": [
            0.8804509063256238,
            0.4402254531628119,
            0.0,
            0.0,
            0.1760901812651248,
            0.0,
            0.0,
            0.0,
            0.0,
            0.0
        ]
    },
    "timestamp": 1685207874.0274346,
    "total_duration": 2.243213176727295,
    "wrong_samples": [
        82,
        84,
        87,
        84,
        88,
        86,
        85,
        84,
        83,
        86,
        87,
        86,
        81,
        86,
        85,
        83,
        84,
        85,
        84,
        83
    ]
}