{
    "reconstruction_errors": [
        0.8979888128849725,
        0.8626364916401312,
        0.8610411135759775,
        0.8370834028187482,
        0.8498690105427165,
        0.8700149005565189,
        0.8710435660906204,
        0.8649997733459843,
        0.8630452844179127,
        0.8436799768003477,
        0.8721051793919413,
        0.8808918506951117,
        0.8451793111376891,
        0.8674699297292647,
        0.8440313795164973,
        0.853668182994957,
        0.8669021453334476,
        0.8782764309648458,
        0.8470428039508359,
        0.8593744791795599
    ],
    "setting": {
        "algorithm": "pure_random",
        "dimension": 15,
        "samples": 100,
        "sigma": 0.2,
        "signal": [
            0.8804509063256238,
            0.4402254531628119,
            0.0,
            0.0,
            0.1760901812651248,
            0.0,
            0.0,
            0.0,
            0.0,
            0.0,
            0.0,
            0.0,
            0.0,
            0.0,
            0.0
        ]
    },
    "timestamp": 1685207903.724469,
    "total_duration": 2.3338985443115234,
    "wrong_samples": [
        89,
        89,
        86,
        83,
        89,
        90,
        89,
        88,
        88,
        84,
        90,
        89,
        89,
        87,
        87,
        87,
        89,
        88,
        85,
        89
    ]
}