{
    "reconstruction_errors": [
        0.5924093636126903,
        0.6322630732142672,
        0.648232139947997,
        0.6153460487725102,
        0.5849222777763838,
        0.6069975298524206,
        0.581629649544664,
        0.48538635104882055,
        0.7041406127954413,
        0.567921180132129,
        0.6731771705425437,
        0.666294690738724,
        0.4718634623504745,
        0.6139514619812929,
        0.5654124128143729,
        0.6106291445482424,
        0.6159614584085583,
        0.6248851546962666,
        0.6694714425704896,
        0.6315868694570478
    ],
    "setting": {
        "algorithm": "pure_random",
        "dimension": 5,
        "samples": 15,
        "sigma": 0.2,
        "signal": [
            0.8804509063256238,
            0.4402254531628119,
            0.0,
            0.0,
            0.1760901812651248
        ]
    },
    "timestamp": 1685207830.0566282,
    "total_duration": 0.06031060218811035,
    "wrong_samples": [
        10,
        10,
        11,
        11,
        11,
        11,
        10,
        9,
        12,
        10,
        10,
        9,
        8,
        11,
        11,
        9,
        11,
        9,
        10,
        11
    ]
}