{
    "reconstruction_errors": [
        0.7792446181585637,
        0.7754753527196055,
        0.8590274972041895,
        0.7801421144889163,
        0.8036341808740212,
        0.747397026253286,
        0.8038279862956914,
        0.8066282096748134,
        0.8122370805925763,
        0.6964502051379048,
        0.7525638500313084,
        0.8272850861519547,
        0.7637796511033884,
        0.7733220767920918,
        0.815001573011831,
        0.8050276094260028,
        0.8035557516119836,
        0.7704530510618776,
        0.81941663080044,
        0.8217404291195742
    ],
    "setting": {
        "algorithm": "pure_random",
        "dimension": 10,
        "samples": 25,
        "sigma": 0.2,
        "signal": [
            0.8804509063256238,
            0.4402254531628119,
            0.0,
            0.0,
            0.1760901812651248,
            0.0,
            0.0,
            0.0,
            0.0,
            0.0
        ]
    },
    "timestamp": 1685207857.3745432,
    "total_duration": 0.1594865322113037,
    "wrong_samples": [
        21,
        20,
        21,
        20,
        19,
        19,
        20,
        20,
        21,
        20,
        20,
        21,
        20,
        18,
        21,
        19,
        21,
        21,
        21,
        21
    ]
}