{
    "reconstruction_errors": [
        0.6453466992815701,
        0.6497682044780965,
        0.6598069281166675,
        0.7085903329341862,
        0.6081960131600355,
        0.6416345706757278,
        0.6836893579468557,
        0.709857126978408,
        0.6057154849358612,
        0.6657280744581601,
        0.7301765628884886,
        0.6936354896016453,
        0.6754994383231645,
        0.5350400537569052,
        0.7075067229046884,
        0.5850175846311325,
        0.643722544849683,
        0.6981431227446309,
        0.6805884430334943,
        0.7007982942404328
    ],
    "setting": {
        "algorithm": "pure_random",
        "dimension": 5,
        "samples": 70,
        "sigma": 0.2,
        "signal": [
            0.8804509063256238,
            0.4402254531628119,
            0.0,
            0.0,
            0.1760901812651248
        ]
    },
    "timestamp": 1685207836.7564297,
    "total_duration": 1.028656005859375,
    "wrong_samples": [
        53,
        48,
        51,
        47,
        50,
        52,
        52,
        53,
        46,
        54,
        54,
        53,
        52,
        50,
        52,
        46,
        51,
        52,
        54,
        50
    ]
}