{
    "reconstruction_errors": [
        0.8134616064106142,
        0.792946831727483,
        0.8021044100753211,
        0.8505078509017155,
        0.8313508339312429,
        0.7382590912936763,
        0.8429833773802891,
        0.8313039641083678,
        0.7990320280095264,
        0.7565190949345278,
        0.8107337441421987,
        0.7479807990586094,
        0.8567312728987764,
        0.8453775227590207,
        0.8267665598063788,
        0.7929390797827786,
        0.8410634581031804,
        0.7598470396701174,
        0.7828792977066273,
        0.8500757681640516
    ],
    "setting": {
        "algorithm": "pure_random",
        "dimension": 15,
        "samples": 25,
        "sigma": 0.2,
        "signal": [
            0.8804509063256238,
            0.4402254531628119,
            0.0,
            0.0,
            0.1760901812651248,
            0.0,
            0.0,
            0.0,
            0.0,
            0.0,
            0.0,
            0.0,
            0.0,
            0.0,
            0.0
        ]
    },
    "timestamp": 1685207886.3220124,
    "total_duration": 0.17244243621826172,
    "wrong_samples": [
        21,
        20,
        20,
        21,
        22,
        20,
        21,
        20,
        21,
        20,
        19,
        21,
        21,
        21,
        22,
        22,
        21,
        20,
        20,
        22
    ]
}