{
    "reconstruction_errors": [
        0.6559165667280447,
        0.6781303665375397,
        0.7219013922551486,
        0.6911106113943215,
        0.6831462218493939,
        0.6700350683643868,
        0.6633212952381612,
        0.7363031473519726,
        0.7155016893220152,
        0.6627115268191055,
        0.6462897718549038,
        0.7284858891661102,
        0.6994819109635808,
        0.653558006213823,
        0.6981403469140439,
        0.6384370293995196,
        0.7135793698140844,
        0.7058520500362556,
        0.7233334494995614,
        0.6206811744261406
    ],
    "setting": {
        "algorithm": "pure_random",
        "dimension": 5,
        "samples": 100,
        "sigma": 0.2,
        "signal": [
            0.8804509063256238,
            0.4402254531628119,
            0.0,
            0.0,
            0.1760901812651248
        ]
    },
    "timestamp": 1685207846.1818514,
    "total_duration": 2.0788187980651855,
    "wrong_samples": [
        75,
        74,
        77,
        74,
        74,
        77,
        76,
        78,
        75,
        72,
        72,
        77,
        77,
        72,
        74,
        74,
        77,
        76,
        77,
        71
    ]
}