{
    "reconstruction_errors": [
        0.7958524858887938,
        0.650820780999078,
        0.7146367958338649,
        0.7401434825393349,
        0.7675068173761654,
        0.7350588796454781,
        0.7181698184194287,
        0.6445019351388152,
        0.7731779229483654,
        0.7352577927621243,
        0.7826784348048245,
        0.7252639357634314,
        0.7879271135384788,
        0.8045103435246538,
        0.6822601724674014,
        0.6151245047910772,
        0.8002749356310447,
        0.7619088729580479,
        0.7670038693454754,
        0.7299496031991287
    ],
    "setting": {
        "algorithm": "pure_random",
        "dimension": 10,
        "samples": 15,
        "sigma": 0.2,
        "signal": [
            0.8804509063256238,
            0.4402254531628119,
            0.0,
            0.0,
            0.1760901812651248,
            0.0,
            0.0,
            0.0,
            0.0,
            0.0
        ]
    },
    "timestamp": 1685207856.697249,
    "total_duration": 0.06429290771484375,
    "wrong_samples": [
        12,
        10,
        11,
        12,
        12,
        11,
        12,
        10,
        12,
        12,
        11,
        12,
        12,
        12,
        11,
        10,
        12,
        12,
        12,
        11
    ]
}