{
    "reconstruction_errors": [
        0.8294963177685418,
        0.7960679016181682,
        0.8122998274875879,
        0.7561914120901566,
        0.8348013058401015,
        0.8497411655927801,
        0.8274745499371642,
        0.7360284194553653,
        0.7904786551842186,
        0.7717925897297117,
        0.8102908094259039,
        0.7218854593541276,
        0.8034427490343737,
        0.6024780328779689,
        0.8373649508832073,
        0.79623619649915,
        0.8585976443239047,
        0.6148164320164775,
        0.7983656691622772,
        0.8098401373891023
    ],
    "setting": {
        "algorithm": "pure_random",
        "dimension": 15,
        "samples": 15,
        "sigma": 0.2,
        "signal": [
            0.8804509063256238,
            0.4402254531628119,
            0.0,
            0.0,
            0.1760901812651248,
            0.0,
            0.0,
            0.0,
            0.0,
            0.0,
            0.0,
            0.0,
            0.0,
            0.0,
            0.0
        ]
    },
    "timestamp": 1685207885.5724518,
    "total_duration": 0.07126879692077637,
    "wrong_samples": [
        12,
        11,
        13,
        12,
        12,
        12,
        12,
        10,
        12,
        11,
        12,
        11,
        13,
        9,
        13,
        12,
        12,
        9,
        12,
        13
    ]
}