{
    "reconstruction_errors": [
        0.7108916322102412,
        0.68024395487355,
        0.5694525956102966,
        0.7105329531605171,
        0.6749321364840569,
        0.7138033033020754,
        0.6242857540802079,
        0.7288047799869056,
        0.6099250992226013,
        0.629720127726421,
        0.6747878087061824,
        0.6738666307877992,
        0.660507377679956,
        0.6532438093406022,
        0.6679880801985545,
        0.7045801973138662,
        0.6074389921984514,
        0.6653964116930304,
        0.6921167058878663,
        0.627095086649234
    ],
    "setting": {
        "algorithm": "pure_random",
        "dimension": 5,
        "samples": 45,
        "sigma": 0.2,
        "signal": [
            0.8804509063256238,
            0.4402254531628119,
            0.0,
            0.0,
            0.1760901812651248
        ]
    },
    "timestamp": 1685207832.385091,
    "total_duration": 0.44554758071899414,
    "wrong_samples": [
        34,
        33,
        30,
        34,
        34,
        34,
        32,
        33,
        30,
        31,
        33,
        31,
        33,
        33,
        33,
        32,
        32,
        32,
        35,
        31
    ]
}