{
    "reconstruction_errors": [
        0.7730072813017519,
        0.778976577851321,
        0.855264221714945,
        0.7833134227688043,
        0.8169906947126264,
        0.7456889577957,
        0.7875323044661369,
        0.7939257386370212,
        0.8175094145081306,
        0.6868137357338883,
        0.7476691901018134,
        0.8212600608205434,
        0.7641923417131807,
        0.7619758032367349,
        0.828340473124318,
        0.8143383446835001,
        0.7909201645933444,
        0.7580069707633562,
        0.820290452506211,
        0.8135312745897981
    ],
    "setting": {
        "algorithm": "pure_random",
        "dimension": 10,
        "samples": 25,
        "sigma": 0.25,
        "signal": [
            0.8804509063256238,
            0.4402254531628119,
            0.0,
            0.0,
            0.1760901812651248,
            0.0,
            0.0,
            0.0,
            0.0,
            0.0
        ]
    },
    "timestamp": 1685207857.5390131,
    "total_duration": 0.15897727012634277,
    "wrong_samples": [
        21,
        20,
        21,
        20,
        19,
        19,
        20,
        20,
        21,
        20,
        20,
        21,
        20,
        18,
        21,
        19,
        21,
        21,
        21,
        21
    ]
}