{
    "reconstruction_errors": [
        0.786570350057774,
        0.8450619226882362,
        0.7347914927925434,
        0.7994646631686672,
        0.8288107562114945,
        0.8574076981986275,
        0.7951948706661793,
        0.7723757294190012,
        0.8262581053481837,
        0.7973632202399544,
        0.7942245114650396,
        0.8133389848591085,
        0.8392467643818926,
        0.8000328860209233,
        0.7713246502666412,
        0.8523278636197475,
        0.7743366867569156,
        0.8425618926692182,
        0.8034853753886447,
        0.8264656864497454
    ],
    "setting": {
        "algorithm": "pure_random",
        "dimension": 10,
        "samples": 70,
        "sigma": 0.25,
        "signal": [
            0.8804509063256238,
            0.4402254531628119,
            0.0,
            0.0,
            0.1760901812651248,
            0.0,
            0.0,
            0.0,
            0.0,
            0.0
        ]
    },
    "timestamp": 1685207865.0326955,
    "total_duration": 1.11537504196167,
    "wrong_samples": [
        57,
        59,
        52,
        57,
        58,
        60,
        58,
        58,
        59,
        60,
        59,
        60,
        60,
        58,
        57,
        59,
        58,
        60,
        58,
        57
    ]
}