{
    "reconstruction_errors": [
        0.8178278775235441,
        0.788710002766521,
        0.8017107289496197,
        0.8486809621132394,
        0.8289545683762687,
        0.7207031724789666,
        0.847961671377161,
        0.8380803775875107,
        0.7917727459870318,
        0.7519535821488376,
        0.8231270315350158,
        0.7374051018087922,
        0.8602128800065248,
        0.8501647721576379,
        0.8168466911447998,
        0.7787356935117388,
        0.8381875235318778,
        0.7488601673633805,
        0.780112900731474,
        0.847436286647337
    ],
    "setting": {
        "algorithm": "pure_random",
        "dimension": 15,
        "samples": 25,
        "sigma": 0.25,
        "signal": [
            0.8804509063256238,
            0.4402254531628119,
            0.0,
            0.0,
            0.1760901812651248,
            0.0,
            0.0,
            0.0,
            0.0,
            0.0,
            0.0,
            0.0,
            0.0,
            0.0,
            0.0
        ]
    },
    "timestamp": 1685207886.4984417,
    "total_duration": 0.16994190216064453,
    "wrong_samples": [
        21,
        20,
        20,
        21,
        22,
        20,
        21,
        20,
        21,
        20,
        19,
        21,
        21,
        21,
        22,
        22,
        21,
        20,
        20,
        22
    ]
}