{
    "reconstruction_errors": [
        0.8981205305513857,
        0.8596814812535503,
        0.8622755429214524,
        0.8416969485467662,
        0.8442809617827494,
        0.8677458710307484,
        0.8669297070008428,
        0.8577121382167857,
        0.8626789527933888,
        0.8490647084926762,
        0.8698270720543751,
        0.8739272557715321,
        0.8411191870488921,
        0.8681893233264403,
        0.8394120786231353,
        0.8535022042288309,
        0.8613388434956649,
        0.8675690389707034,
        0.8546942345046876,
        0.8501212611840447
    ],
    "setting": {
        "algorithm": "pure_random",
        "dimension": 15,
        "samples": 100,
        "sigma": 0.25,
        "signal": [
            0.8804509063256238,
            0.4402254531628119,
            0.0,
            0.0,
            0.1760901812651248,
            0.0,
            0.0,
            0.0,
            0.0,
            0.0,
            0.0,
            0.0,
            0.0,
            0.0,
            0.0
        ]
    },
    "timestamp": 1685207906.0643487,
    "total_duration": 2.3369131088256836,
    "wrong_samples": [
        89,
        89,
        86,
        83,
        89,
        90,
        89,
        88,
        88,
        84,
        90,
        89,
        89,
        87,
        87,
        87,
        89,
        88,
        85,
        89
    ]
}