{
    "reconstruction_errors": [
        0.6423988493552197,
        0.6571675486049554,
        0.6567155235075385,
        0.7097881987861222,
        0.6011126117182245,
        0.6409039025470763,
        0.6778824665213206,
        0.7054184629518845,
        0.6157765922091083,
        0.6581443156949394,
        0.7234873035824871,
        0.6838551632089019,
        0.6788404739094038,
        0.5260494641852823,
        0.6992165501422353,
        0.584515352348133,
        0.6416779856093376,
        0.6960485110937388,
        0.6793434324474982,
        0.7056770520020396
    ],
    "setting": {
        "algorithm": "pure_random",
        "dimension": 5,
        "samples": 70,
        "sigma": 0.25,
        "signal": [
            0.8804509063256238,
            0.4402254531628119,
            0.0,
            0.0,
            0.1760901812651248
        ]
    },
    "timestamp": 1685207837.7930596,
    "total_duration": 1.0201961994171143,
    "wrong_samples": [
        53,
        48,
        51,
        47,
        50,
        52,
        52,
        53,
        46,
        54,
        54,
        53,
        52,
        50,
        52,
        46,
        51,
        52,
        54,
        50
    ]
}