{
    "reconstruction_errors": [
        0.7027091993722622,
        0.6788482438468544,
        0.5674516119111064,
        0.7147269301856741,
        0.6786068466949379,
        0.7104968953466131,
        0.6213836035238418,
        0.7357543805812417,
        0.5978545229811596,
        0.632045151025329,
        0.6562136109552581,
        0.6697690984108647,
        0.6574564803881172,
        0.6544246235391933,
        0.6629192619632585,
        0.7048933285177056,
        0.6011740446052858,
        0.666823275282207,
        0.6874238114566931,
        0.6266167460519534
    ],
    "setting": {
        "algorithm": "pure_random",
        "dimension": 5,
        "samples": 45,
        "sigma": 0.25,
        "signal": [
            0.8804509063256238,
            0.4402254531628119,
            0.0,
            0.0,
            0.1760901812651248
        ]
    },
    "timestamp": 1685207832.836619,
    "total_duration": 0.438570499420166,
    "wrong_samples": [
        34,
        33,
        30,
        34,
        34,
        34,
        32,
        33,
        30,
        31,
        33,
        31,
        33,
        33,
        33,
        32,
        32,
        32,
        35,
        31
    ]
}