{
    "reconstruction_errors": [
        0.7720411599510214,
        0.8344986276093618,
        0.7385549191991219,
        0.7994518103611891,
        0.833367859172049,
        0.8537598182976377,
        0.7833182724475564,
        0.7713215725874325,
        0.8222068489024079,
        0.789468319243848,
        0.7917842966233748,
        0.8098100573346165,
        0.8321501242921167,
        0.7999475038503191,
        0.7689928605392176,
        0.8575881267799298,
        0.7674300294617918,
        0.8485972720623981,
        0.799291183582075,
        0.8202959017789155
    ],
    "setting": {
        "algorithm": "pure_random",
        "dimension": 10,
        "samples": 70,
        "sigma": 0.3,
        "signal": [
            0.8804509063256238,
            0.4402254531628119,
            0.0,
            0.0,
            0.1760901812651248,
            0.0,
            0.0,
            0.0,
            0.0,
            0.0
        ]
    },
    "timestamp": 1685207866.1550474,
    "total_duration": 1.1009111404418945,
    "wrong_samples": [
        57,
        59,
        52,
        57,
        58,
        60,
        58,
        58,
        59,
        60,
        59,
        60,
        60,
        58,
        57,
        59,
        58,
        60,
        58,
        57
    ]
}