{
    "reconstruction_errors": [
        0.6659429138478478,
        0.6815874984776217,
        0.5952031531166236,
        0.6712242880449887,
        0.7063693976750061,
        0.7190008996596841,
        0.6084324156254394,
        0.6720452832063925,
        0.6156203637528982,
        0.7137790303385015,
        0.5758413066319658,
        0.631479771964393,
        0.6117143334837117,
        0.641615612340548,
        0.6459879013469016,
        0.6469672991321239,
        0.5919156061208604,
        0.6485457649859072,
        0.5152254750272113,
        0.6394703461947072
    ],
    "setting": {
        "algorithm": "pure_random",
        "dimension": 5,
        "samples": 25,
        "sigma": 0.3,
        "signal": [
            0.8804509063256238,
            0.4402254531628119,
            0.0,
            0.0,
            0.1760901812651248
        ]
    },
    "timestamp": 1685207830.9926033,
    "total_duration": 0.15499067306518555,
    "wrong_samples": [
        18,
        19,
        18,
        19,
        19,
        19,
        17,
        19,
        16,
        18,
        17,
        18,
        18,
        17,
        18,
        17,
        18,
        17,
        17,
        18
    ]
}