{
    "reconstruction_errors": [
        0.8717818183044409,
        0.8665139810011837,
        0.8606421581136837,
        0.8766734070552744,
        0.830817506277503,
        0.8497724804840754,
        0.8803512041707492,
        0.8648082653859349,
        0.8273689372472514,
        0.8651282744744542,
        0.8231783225679501,
        0.8840956720028466,
        0.8267112837629912,
        0.8408117802694007,
        0.8436806008743166,
        0.8151109192759844,
        0.8425978567476149,
        0.8729710021366167,
        0.8911381534069714,
        0.8665360315091172
    ],
    "setting": {
        "algorithm": "pure_random",
        "dimension": 15,
        "samples": 70,
        "sigma": 0.3,
        "signal": [
            0.8804509063256238,
            0.4402254531628119,
            0.0,
            0.0,
            0.1760901812651248,
            0.0,
            0.0,
            0.0,
            0.0,
            0.0,
            0.0,
            0.0,
            0.0,
            0.0,
            0.0
        ]
    },
    "timestamp": 1685207895.5669909,
    "total_duration": 1.1592319011688232,
    "wrong_samples": [
        61,
        63,
        63,
        61,
        60,
        61,
        62,
        61,
        62,
        61,
        61,
        61,
        62,
        61,
        58,
        61,
        63,
        59,
        60,
        63
    ]
}