{
    "reconstruction_errors": [
        0.6945547931009033,
        0.6778131322186849,
        0.5657007068129289,
        0.7006829745737485,
        0.6824122558541443,
        0.7076856217459726,
        0.6186864886227126,
        0.7347124714100329,
        0.5863384002043632,
        0.6344748665889832,
        0.6379933479608053,
        0.6657262536981612,
        0.654634042786564,
        0.6561704952349151,
        0.6579319165045845,
        0.7053220411869743,
        0.595116167521442,
        0.6683863553962726,
        0.6832720009173529,
        0.6266737204706977
    ],
    "setting": {
        "algorithm": "pure_random",
        "dimension": 5,
        "samples": 45,
        "sigma": 0.3,
        "signal": [
            0.8804509063256238,
            0.4402254531628119,
            0.0,
            0.0,
            0.1760901812651248
        ]
    },
    "timestamp": 1685207833.2831635,
    "total_duration": 0.43413257598876953,
    "wrong_samples": [
        34,
        33,
        30,
        34,
        34,
        34,
        32,
        33,
        30,
        31,
        33,
        31,
        33,
        33,
        33,
        32,
        32,
        32,
        35,
        31
    ]
}