{
    "reconstruction_errors": [
        0.7957667788563807,
        0.8723107326647298,
        0.7969004349843828,
        0.8228090853452155,
        0.858374006549288,
        0.7966918036412795,
        0.8682240025112853,
        0.8589295719612603,
        0.8722621491574946,
        0.7576178085700869,
        0.8315104858614962,
        0.7824169866173468,
        0.8156823719173871,
        0.8283198685719991,
        0.8686539985883063,
        0.8498514854889361,
        0.8642694975092653,
        0.7779162880876733,
        0.7538417875574862,
        0.7760106941245685
    ],
    "setting": {
        "algorithm": "pure_random",
        "dimension": 15,
        "samples": 45,
        "sigma": 0.3,
        "signal": [
            0.8804509063256238,
            0.4402254531628119,
            0.0,
            0.0,
            0.1760901812651248,
            0.0,
            0.0,
            0.0,
            0.0,
            0.0,
            0.0,
            0.0,
            0.0,
            0.0,
            0.0
        ]
    },
    "timestamp": 1685207889.3122916,
    "total_duration": 0.5178189277648926,
    "wrong_samples": [
        38,
        39,
        40,
        37,
        40,
        39,
        39,
        40,
        37,
        37,
        39,
        40,
        38,
        37,
        38,
        39,
        39,
        39,
        39,
        38
    ]
}