{
    "reconstruction_errors": [
        0.55496850693501,
        0.62962505624805,
        0.6263415054494171,
        0.5840216085395216,
        0.5758819591396611,
        0.5670534638804507,
        0.542434184743828,
        0.4882205871678729,
        0.6905332726973693,
        0.522054185563304,
        0.6832271363825831,
        0.6865904893855854,
        0.4646031830780489,
        0.6264988794215091,
        0.5226463282781735,
        0.6065509444118943,
        0.6144870557941934,
        0.6682402694592537,
        0.679774058724449,
        0.6158823381389172
    ],
    "setting": {
        "algorithm": "pure_random",
        "dimension": 5,
        "samples": 15,
        "sigma": 0.3,
        "signal": [
            0.8804509063256238,
            0.4402254531628119,
            0.0,
            0.0,
            0.1760901812651248
        ]
    },
    "timestamp": 1685207830.1872158,
    "total_duration": 0.060796499252319336,
    "wrong_samples": [
        10,
        10,
        11,
        11,
        11,
        11,
        10,
        9,
        12,
        10,
        10,
        9,
        8,
        11,
        11,
        9,
        11,
        9,
        10,
        11
    ]
}