{
    "reconstruction_errors": [
        0.8987238872337715,
        0.8574435329444215,
        0.85916834557563,
        0.8467589984365678,
        0.8392999005622577,
        0.8659799212818582,
        0.8599850436015904,
        0.8507384164346349,
        0.8626850567072558,
        0.8386461376981603,
        0.867928085665079,
        0.8673271821534295,
        0.8373300460059995,
        0.8693008729233872,
        0.8352135085363372,
        0.853744760887923,
        0.8560809156845129,
        0.8575772843111328,
        0.8630414008279518,
        0.8413243383943046
    ],
    "setting": {
        "algorithm": "pure_random",
        "dimension": 15,
        "samples": 100,
        "sigma": 0.3,
        "signal": [
            0.8804509063256238,
            0.4402254531628119,
            0.0,
            0.0,
            0.1760901812651248,
            0.0,
            0.0,
            0.0,
            0.0,
            0.0,
            0.0,
            0.0,
            0.0,
            0.0,
            0.0
        ]
    },
    "timestamp": 1685207908.4112296,
    "total_duration": 2.3623440265655518,
    "wrong_samples": [
        89,
        89,
        86,
        83,
        89,
        90,
        89,
        88,
        88,
        84,
        90,
        89,
        89,
        87,
        87,
        87,
        89,
        88,
        85,
        89
    ]
}