{
    "reconstruction_errors": [
        0.8189001305422596,
        0.7910085359385247,
        0.816198857742205,
        0.8155009037339034,
        0.838354376367182,
        0.8012723798809003,
        0.7695129101254731,
        0.7602707202684073,
        0.795751751899097,
        0.8053763639592179,
        0.8173611340977982,
        0.7904816982314077,
        0.8268259653698706,
        0.7944602725444018,
        0.763011357930951,
        0.793515278160702,
        0.8239944588225364,
        0.7805801561642273,
        0.7582456941077852,
        0.8044096999722884
    ],
    "setting": {
        "algorithm": "pure_random",
        "dimension": 10,
        "samples": 45,
        "sigma": 0.3,
        "signal": [
            0.8804509063256238,
            0.4402254531628119,
            0.0,
            0.0,
            0.1760901812651248,
            0.0,
            0.0,
            0.0,
            0.0,
            0.0
        ]
    },
    "timestamp": 1685207860.1280875,
    "total_duration": 0.4779512882232666,
    "wrong_samples": [
        37,
        35,
        36,
        37,
        38,
        39,
        34,
        37,
        38,
        35,
        37,
        38,
        36,
        38,
        37,
        38,
        38,
        38,
        35,
        38
    ]
}