{
    "reconstruction_errors": [
        0.8557190074252212,
        0.8461830623804225,
        0.8201808939168548,
        0.7488371883236371,
        0.8493238753273423,
        0.8406833975019254,
        0.765379787945846,
        0.7775979463929684,
        0.8499751049323223,
        0.8125950299416098,
        0.836979686227975,
        0.7394496591976957,
        0.793412808494974,
        0.6343978850926951,
        0.8224525635847335,
        0.7952801716990379,
        0.8404206705557535,
        0.6398836174910796,
        0.81694415864119,
        0.8102799348535726
    ],
    "setting": {
        "algorithm": "pure_random",
        "dimension": 15,
        "samples": 15,
        "sigma": 0.3,
        "signal": [
            0.8804509063256238,
            0.4402254531628119,
            0.0,
            0.0,
            0.1760901812651248,
            0.0,
            0.0,
            0.0,
            0.0,
            0.0,
            0.0,
            0.0,
            0.0,
            0.0,
            0.0
        ]
    },
    "timestamp": 1685207885.7229643,
    "total_duration": 0.07126927375793457,
    "wrong_samples": [
        12,
        11,
        13,
        12,
        12,
        12,
        12,
        10,
        12,
        11,
        12,
        11,
        13,
        9,
        13,
        12,
        12,
        9,
        12,
        13
    ]
}