{
    "reconstruction_errors": [
        0.6374564365830644,
        0.6618019186310894,
        0.7300680025603451,
        0.6968470480198221,
        0.6875981952508013,
        0.6579862755646104,
        0.6576246318426622,
        0.7348302339955237,
        0.7106527032503361,
        0.6531932992086151,
        0.6434932739580579,
        0.7312237517088538,
        0.7061527724718698,
        0.6475223899747551,
        0.6948006147833538,
        0.6242959277835453,
        0.7080144283558946,
        0.691083443380396,
        0.7085571512712743,
        0.6085650239279445
    ],
    "setting": {
        "algorithm": "pure_random",
        "dimension": 5,
        "samples": 100,
        "sigma": 0.3,
        "signal": [
            0.8804509063256238,
            0.4402254531628119,
            0.0,
            0.0,
            0.1760901812651248
        ]
    },
    "timestamp": 1685207850.3324351,
    "total_duration": 2.066288709640503,
    "wrong_samples": [
        75,
        74,
        77,
        74,
        74,
        77,
        76,
        78,
        75,
        72,
        72,
        77,
        77,
        72,
        74,
        74,
        77,
        76,
        77,
        71
    ]
}