{
    "reconstruction_errors": [
        0.6395741889878207,
        0.6647076684292478,
        0.6536373279667149,
        0.6934854953582648,
        0.594198309879372,
        0.640382947601829,
        0.672208053238207,
        0.7011380233075863,
        0.6260857941933677,
        0.6509012973589366,
        0.7136513728197881,
        0.6743436222971207,
        0.6823919011706072,
        0.5171402160111724,
        0.6913024944649997,
        0.5842152035102877,
        0.6399491361362832,
        0.6941491216644734,
        0.6786646906976784,
        0.7106077684727935
    ],
    "setting": {
        "algorithm": "pure_random",
        "dimension": 5,
        "samples": 70,
        "sigma": 0.3,
        "signal": [
            0.8804509063256238,
            0.4402254531628119,
            0.0,
            0.0,
            0.1760901812651248
        ]
    },
    "timestamp": 1685207838.816246,
    "total_duration": 1.0575668811798096,
    "wrong_samples": [
        53,
        48,
        51,
        47,
        50,
        52,
        52,
        53,
        46,
        54,
        54,
        53,
        52,
        50,
        52,
        46,
        51,
        52,
        54,
        50
    ]
}