{
    "reconstruction_errors": [
        0.813303571618317,
        0.8381304029788633,
        0.8096243519325799,
        0.8257529069151345,
        0.8298782024094004,
        0.8099053445164907,
        0.8586295242943116,
        0.8027044112589665,
        0.7935201528190848,
        0.8298052406346326,
        0.7979881825997259,
        0.8108218109358559,
        0.8266373116954623,
        0.8275004615062482,
        0.8477481530971458,
        0.8281051137469189,
        0.8110274526190281,
        0.7601970516840342,
        0.8292558018817962,
        0.7576403990469617
    ],
    "setting": {
        "algorithm": "pure_random",
        "dimension": 10,
        "samples": 100,
        "sigma": 0.4,
        "signal": [
            0.8804509063256238,
            0.4402254531628119,
            0.0,
            0.0,
            0.1760901812651248,
            0.0,
            0.0,
            0.0,
            0.0,
            0.0
        ]
    },
    "timestamp": 1685207880.8612802,
    "total_duration": 2.2571587562561035,
    "wrong_samples": [
        82,
        84,
        87,
        84,
        88,
        86,
        85,
        84,
        83,
        86,
        87,
        86,
        81,
        86,
        85,
        83,
        84,
        85,
        84,
        83
    ]
}