{
    "reconstruction_errors": [
        0.8567252566938479,
        0.8853998223167119,
        0.8366058266913957,
        0.7581533410576681,
        0.8488301381295117,
        0.843017028513909,
        0.7135877283013956,
        0.8285882146553598,
        0.8715610526269955,
        0.8510702411354447,
        0.8582371382673605,
        0.7694336866798593,
        0.7869846385518552,
        0.6803457971686501,
        0.8163427254999522,
        0.8037233281855249,
        0.832023703552098,
        0.6753267315366642,
        0.8100795492705034,
        0.8206845113867145
    ],
    "setting": {
        "algorithm": "pure_random",
        "dimension": 15,
        "samples": 15,
        "sigma": 0.4,
        "signal": [
            0.8804509063256238,
            0.4402254531628119,
            0.0,
            0.0,
            0.1760901812651248,
            0.0,
            0.0,
            0.0,
            0.0,
            0.0,
            0.0,
            0.0,
            0.0,
            0.0,
            0.0
        ]
    },
    "timestamp": 1685207885.7992175,
    "total_duration": 0.0717618465423584,
    "wrong_samples": [
        12,
        11,
        13,
        12,
        12,
        12,
        12,
        10,
        12,
        11,
        12,
        11,
        13,
        9,
        13,
        12,
        12,
        9,
        12,
        13
    ]
}