{
    "reconstruction_errors": [
        0.8010745527207277,
        0.7872063802869049,
        0.794607033619433,
        0.8129180267764169,
        0.8248403880459999,
        0.7727668107223972,
        0.7586590340268347,
        0.7674330423004107,
        0.7719182005268561,
        0.7933968577117897,
        0.8005226387982635,
        0.7877500216169083,
        0.802119753611446,
        0.7914391318065571,
        0.7534661675541428,
        0.7870788955165533,
        0.805171740151044,
        0.7659604982977314,
        0.7661663854254881,
        0.7958480076895
    ],
    "setting": {
        "algorithm": "pure_random",
        "dimension": 10,
        "samples": 45,
        "sigma": 0.4,
        "signal": [
            0.8804509063256238,
            0.4402254531628119,
            0.0,
            0.0,
            0.1760901812651248,
            0.0,
            0.0,
            0.0,
            0.0,
            0.0
        ]
    },
    "timestamp": 1685207860.6150093,
    "total_duration": 0.4799470901489258,
    "wrong_samples": [
        37,
        35,
        36,
        37,
        38,
        39,
        34,
        37,
        38,
        35,
        37,
        38,
        36,
        38,
        37,
        38,
        38,
        38,
        35,
        38
    ]
}