{
    "reconstruction_errors": [
        0.6783340997598505,
        0.6765719031802786,
        0.5629581327147644,
        0.6731005573291562,
        0.6904064521471975,
        0.7035711736515068,
        0.6139179697989712,
        0.7282328837136479,
        0.5651034879720096,
        0.6396435509820605,
        0.6027424051494851,
        0.6578086469156579,
        0.6496862157417198,
        0.6613380626208862,
        0.6482091354949693,
        0.7065253125934977,
        0.583647196125399,
        0.6719172798020869,
        0.6766301757028387,
        0.6283916638597624
    ],
    "setting": {
        "algorithm": "pure_random",
        "dimension": 5,
        "samples": 45,
        "sigma": 0.4,
        "signal": [
            0.8804509063256238,
            0.4402254531628119,
            0.0,
            0.0,
            0.1760901812651248
        ]
    },
    "timestamp": 1685207833.7242727,
    "total_duration": 0.4435555934906006,
    "wrong_samples": [
        34,
        33,
        30,
        34,
        34,
        34,
        32,
        33,
        30,
        31,
        33,
        31,
        33,
        33,
        33,
        32,
        32,
        32,
        35,
        31
    ]
}