{
    "reconstruction_errors": [
        0.520424584318939,
        0.6224036186178723,
        0.6096951435331737,
        0.5656756185850857,
        0.5738103367430646,
        0.5343761679923456,
        0.5066493994327019,
        0.5014056023674519,
        0.681112710835635,
        0.4799576923163576,
        0.6969988694116109,
        0.7082219898558416,
        0.46198463571082343,
        0.6139035799111465,
        0.4845158038440678,
        0.6042092386430364,
        0.6141915567960572,
        0.6884535201099801,
        0.6956433264242969,
        0.6006336793887388
    ],
    "setting": {
        "algorithm": "pure_random",
        "dimension": 5,
        "samples": 15,
        "sigma": 0.4,
        "signal": [
            0.8804509063256238,
            0.4402254531628119,
            0.0,
            0.0,
            0.1760901812651248
        ]
    },
    "timestamp": 1685207830.2510028,
    "total_duration": 0.06030988693237305,
    "wrong_samples": [
        10,
        10,
        11,
        11,
        11,
        11,
        10,
        9,
        12,
        10,
        10,
        9,
        8,
        11,
        11,
        9,
        11,
        9,
        10,
        11
    ]
}