{
    "reconstruction_errors": [
        0.6199216156857981,
        0.6461620781232649,
        0.7090635460744258,
        0.703228165953192,
        0.6922944259485347,
        0.6463150095097904,
        0.6526617385389271,
        0.729934066118827,
        0.7058736821068669,
        0.6440915125615936,
        0.6408901381287094,
        0.7313879760019129,
        0.7132601339201987,
        0.642574982083211,
        0.6942377640677128,
        0.6108743973799476,
        0.7025203839312645,
        0.6770681207547783,
        0.6949258881083856,
        0.5968173766473889
    ],
    "setting": {
        "algorithm": "pure_random",
        "dimension": 5,
        "samples": 100,
        "sigma": 0.4,
        "signal": [
            0.8804509063256238,
            0.4402254531628119,
            0.0,
            0.0,
            0.1760901812651248
        ]
    },
    "timestamp": 1685207852.4057028,
    "total_duration": 2.0847315788269043,
    "wrong_samples": [
        75,
        74,
        77,
        74,
        74,
        77,
        76,
        78,
        75,
        72,
        72,
        77,
        77,
        72,
        74,
        74,
        77,
        76,
        77,
        71
    ]
}