{
    "reconstruction_errors": [
        0.7916702651112048,
        0.8676092175071655,
        0.7838017763588097,
        0.8285023589018505,
        0.8477818519467423,
        0.7950794223612043,
        0.8613108404527117,
        0.8491021646563341,
        0.8917865878441505,
        0.7385028592412138,
        0.8336703817562047,
        0.7612966999191377,
        0.8185598214589891,
        0.8486796659674753,
        0.8732841024373125,
        0.8391491315899425,
        0.8644287317428418,
        0.7571290680222953,
        0.730932574121541,
        0.7702618669975153
    ],
    "setting": {
        "algorithm": "pure_random",
        "dimension": 15,
        "samples": 45,
        "sigma": 0.4,
        "signal": [
            0.8804509063256238,
            0.4402254531628119,
            0.0,
            0.0,
            0.1760901812651248,
            0.0,
            0.0,
            0.0,
            0.0,
            0.0,
            0.0,
            0.0,
            0.0,
            0.0,
            0.0
        ]
    },
    "timestamp": 1685207889.836091,
    "total_duration": 0.5238025188446045,
    "wrong_samples": [
        38,
        39,
        40,
        37,
        40,
        39,
        39,
        40,
        37,
        37,
        39,
        40,
        38,
        37,
        38,
        39,
        39,
        39,
        39,
        38
    ]
}