{
    "reconstruction_errors": [
        0.7448679000000754,
        0.8133665232621481,
        0.7477604133921038,
        0.801285798555725,
        0.8361090396078853,
        0.8466042897751039,
        0.760901327885081,
        0.7702412377376712,
        0.8148512998968179,
        0.7745421788682559,
        0.7881953877793637,
        0.8031895114535494,
        0.819404432675935,
        0.8011820921898554,
        0.7655835344064603,
        0.8669461332604516,
        0.7542524206657757,
        0.8421162130350502,
        0.7922430081261536,
        0.8097127371000921
    ],
    "setting": {
        "algorithm": "pure_random",
        "dimension": 10,
        "samples": 70,
        "sigma": 0.4,
        "signal": [
            0.8804509063256238,
            0.4402254531628119,
            0.0,
            0.0,
            0.1760901812651248,
            0.0,
            0.0,
            0.0,
            0.0,
            0.0
        ]
    },
    "timestamp": 1685207867.2619386,
    "total_duration": 1.1158702373504639,
    "wrong_samples": [
        57,
        59,
        52,
        57,
        58,
        60,
        58,
        58,
        59,
        60,
        59,
        60,
        60,
        58,
        57,
        59,
        58,
        60,
        58,
        57
    ]
}