{
    "reconstruction_errors": [
        0.48939142505523203,
        0.6184508799545017,
        0.5987306297989474,
        0.5615814797529636,
        0.5787822441221546,
        0.5103633757481403,
        0.47504668900003694,
        0.5241608711428799,
        0.6760539734866758,
        0.44270860404006923,
        0.714277127699202,
        0.7055542859021434,
        0.46408639801355894,
        0.6022363820892105,
        0.45219501954421293,
        0.6036242372996866,
        0.6150766605453689,
        0.6570890942579466,
        0.711567042673958,
        0.5858764893937445
    ],
    "setting": {
        "algorithm": "pure_random",
        "dimension": 5,
        "samples": 15,
        "sigma": 0.5,
        "signal": [
            0.8804509063256238,
            0.4402254531628119,
            0.0,
            0.0,
            0.1760901812651248
        ]
    },
    "timestamp": 1685207830.3143022,
    "total_duration": 0.05980181694030762,
    "wrong_samples": [
        10,
        10,
        11,
        11,
        11,
        11,
        10,
        9,
        12,
        10,
        10,
        9,
        8,
        11,
        11,
        9,
        11,
        9,
        10,
        11
    ]
}