{
    "reconstruction_errors": [
        0.792780852034675,
        0.865035665797218,
        0.7763206952832662,
        0.8374256978313399,
        0.8426747180939042,
        0.798547246669484,
        0.8567665711247882,
        0.8443729727163184,
        0.8868041207311752,
        0.7245751439654438,
        0.841442741469064,
        0.7446731946517972,
        0.8278613358624664,
        0.875213766395986,
        0.8781382851212505,
        0.8319695702877096,
        0.8684838673197431,
        0.7403167346224896,
        0.7105069374738284,
        0.7672231549703987
    ],
    "setting": {
        "algorithm": "pure_random",
        "dimension": 15,
        "samples": 45,
        "sigma": 0.5,
        "signal": [
            0.8804509063256238,
            0.4402254531628119,
            0.0,
            0.0,
            0.1760901812651248,
            0.0,
            0.0,
            0.0,
            0.0,
            0.0,
            0.0,
            0.0,
            0.0,
            0.0,
            0.0
        ]
    },
    "timestamp": 1685207890.3638804,
    "total_duration": 0.5118370056152344,
    "wrong_samples": [
        38,
        39,
        40,
        37,
        40,
        39,
        39,
        40,
        37,
        37,
        39,
        40,
        38,
        37,
        38,
        39,
        39,
        39,
        39,
        38
    ]
}