{
    "reconstruction_errors": [
        0.6033927789327953,
        0.6312620288934646,
        0.6891242808704516,
        0.6922832037057189,
        0.6878320020242109,
        0.6350420859256717,
        0.6484494632242398,
        0.7251056046228446,
        0.6998761990672238,
        0.6354240623768104,
        0.6384827294206107,
        0.7310957495236553,
        0.7207910830994764,
        0.6387410693920095,
        0.6964585273025912,
        0.5982208724961643,
        0.6970989128242039,
        0.6638537940119726,
        0.6825082704272745,
        0.5854604157810909
    ],
    "setting": {
        "algorithm": "pure_random",
        "dimension": 5,
        "samples": 100,
        "sigma": 0.5,
        "signal": [
            0.8804509063256238,
            0.4402254531628119,
            0.0,
            0.0,
            0.1760901812651248
        ]
    },
    "timestamp": 1685207854.4964159,
    "total_duration": 2.0558102130889893,
    "wrong_samples": [
        75,
        74,
        77,
        74,
        74,
        77,
        76,
        78,
        75,
        72,
        72,
        77,
        77,
        72,
        74,
        74,
        77,
        76,
        77,
        71
    ]
}