{
    "reconstruction_errors": [
        0.6622380867778939,
        0.6732799583838555,
        0.561239669972147,
        0.6462638309974654,
        0.6988970850837403,
        0.7014952083279539,
        0.6099996803776707,
        0.7224582956088299,
        0.5464945785215606,
        0.6452162329043468,
        0.5693217645127738,
        0.6501219496151172,
        0.6456851731446207,
        0.6686945619673907,
        0.6388349591549994,
        0.7081876595228032,
        0.5730833441498395,
        0.6759807076715518,
        0.6722565260904693,
        0.6322314778142375
    ],
    "setting": {
        "algorithm": "pure_random",
        "dimension": 5,
        "samples": 45,
        "sigma": 0.5,
        "signal": [
            0.8804509063256238,
            0.4402254531628119,
            0.0,
            0.0,
            0.1760901812651248
        ]
    },
    "timestamp": 1685207834.1758027,
    "total_duration": 0.46698570251464844,
    "wrong_samples": [
        34,
        33,
        30,
        34,
        34,
        34,
        32,
        33,
        30,
        31,
        33,
        31,
        33,
        33,
        33,
        32,
        32,
        32,
        35,
        31
    ]
}