{
    "reconstruction_errors": [
        0.7958409872312102,
        0.841848874935122,
        0.8020049337702833,
        0.8211951174401299,
        0.8273797842405609,
        0.8007714044824314,
        0.8382125507110517,
        0.7938422948737253,
        0.7973543433817086,
        0.8192268614284272,
        0.7873602416816066,
        0.7993144372481238,
        0.8257686733056849,
        0.8205336649805648,
        0.8433468527652898,
        0.8332865384429491,
        0.8098828600313132,
        0.7507332769026838,
        0.8237389058560282,
        0.7416255827629472
    ],
    "setting": {
        "algorithm": "pure_random",
        "dimension": 10,
        "samples": 100,
        "sigma": 0.5,
        "signal": [
            0.8804509063256238,
            0.4402254531628119,
            0.0,
            0.0,
            0.1760901812651248,
            0.0,
            0.0,
            0.0,
            0.0,
            0.0
        ]
    },
    "timestamp": 1685207883.1264129,
    "total_duration": 2.2860615253448486,
    "wrong_samples": [
        82,
        84,
        87,
        84,
        88,
        86,
        85,
        84,
        83,
        86,
        87,
        86,
        81,
        86,
        85,
        83,
        84,
        85,
        84,
        83
    ]
}