{
    "reconstruction_errors": [
        0.6576455919338673,
        0.6871678023704745,
        0.5934894047546873,
        0.6531476816521269,
        0.6928897240077591,
        0.7134753292784135,
        0.5690634776767626,
        0.6238007611139001,
        0.6925606661046345,
        0.6937798925880235,
        0.6023319537064942,
        0.5989939723169854,
        0.598146850938517,
        0.6675165104944667,
        0.6209701610606564,
        0.6644496217999953,
        0.572252072400052,
        0.6250841744444451,
        0.46803091935155816,
        0.6096199754924937
    ],
    "setting": {
        "algorithm": "pure_random",
        "dimension": 5,
        "samples": 25,
        "sigma": 0.5,
        "signal": [
            0.8804509063256238,
            0.4402254531628119,
            0.0,
            0.0,
            0.1760901812651248
        ]
    },
    "timestamp": 1685207831.3060842,
    "total_duration": 0.14801502227783203,
    "wrong_samples": [
        18,
        19,
        18,
        19,
        19,
        19,
        17,
        19,
        16,
        18,
        17,
        18,
        18,
        17,
        18,
        17,
        18,
        17,
        17,
        18
    ]
}