{
    "reconstruction_errors": [
        0.8685883562250897,
        0.9250922232422683,
        0.840914079392302,
        0.7835454763702412,
        0.8493798466046495,
        0.8566489684171096,
        0.6744759516488829,
        0.8454225194341473,
        0.8825091783990203,
        0.8462329046041946,
        0.8615061838138892,
        0.8104602492148729,
        0.7842468111978828,
        0.737705199551549,
        0.8192324086340865,
        0.8212758312110074,
        0.8337023054808349,
        0.7196142690782629,
        0.808554374680722,
        0.8406839663854787
    ],
    "setting": {
        "algorithm": "pure_random",
        "dimension": 15,
        "samples": 15,
        "sigma": 0.5,
        "signal": [
            0.8804509063256238,
            0.4402254531628119,
            0.0,
            0.0,
            0.1760901812651248,
            0.0,
            0.0,
            0.0,
            0.0,
            0.0,
            0.0,
            0.0,
            0.0,
            0.0,
            0.0
        ]
    },
    "timestamp": 1685207885.8749654,
    "total_duration": 0.07126998901367188,
    "wrong_samples": [
        12,
        11,
        13,
        12,
        12,
        12,
        12,
        10,
        12,
        11,
        12,
        11,
        13,
        9,
        13,
        12,
        12,
        9,
        12,
        13
    ]
}