{
    "reconstruction_errors": [
        0.8859711331782144,
        0.8557478418716316,
        0.8487630047113424,
        0.8521083641170235,
        0.8256451893970492,
        0.8639954353304169,
        0.836610677451488,
        0.8261363009732952,
        0.8630348801415543,
        0.7998808103443812,
        0.8565836518958031,
        0.8302659240415046,
        0.8249539897442693,
        0.8723857377222394,
        0.8227456854867058,
        0.8273631896462136,
        0.8382128782588901,
        0.8252587310941567,
        0.8851519579852667,
        0.810985068332951
    ],
    "setting": {
        "algorithm": "pure_random",
        "dimension": 15,
        "samples": 100,
        "sigma": 0.5,
        "signal": [
            0.8804509063256238,
            0.4402254531628119,
            0.0,
            0.0,
            0.1760901812651248,
            0.0,
            0.0,
            0.0,
            0.0,
            0.0,
            0.0,
            0.0,
            0.0,
            0.0,
            0.0
        ]
    },
    "timestamp": 1685207913.1279306,
    "total_duration": 2.319941520690918,
    "wrong_samples": [
        89,
        89,
        86,
        83,
        89,
        90,
        89,
        88,
        88,
        84,
        90,
        89,
        89,
        87,
        87,
        87,
        89,
        88,
        85,
        89
    ]
}