{
    "reconstruction_errors": [
        0.6295395232689952,
        0.6798902424483488,
        0.6414604274628453,
        0.6286684418173111,
        0.5683532783306893,
        0.6193149406404901,
        0.6509032664410563,
        0.6856561340598168,
        0.6695702621592869,
        0.6255650310027393,
        0.6790142677316118,
        0.639220240919978,
        0.6986345089362441,
        0.4824061629086128,
        0.6652267225066,
        0.5850385220898344,
        0.6350749225462815,
        0.6885336083810256,
        0.6795866871112134,
        0.7175849413050794
    ],
    "setting": {
        "algorithm": "pure_random",
        "dimension": 5,
        "samples": 70,
        "sigma": 0.5,
        "signal": [
            0.8804509063256238,
            0.4402254531628119,
            0.0,
            0.0,
            0.1760901812651248
        ]
    },
    "timestamp": 1685207840.9129477,
    "total_duration": 1.0725176334381104,
    "wrong_samples": [
        53,
        48,
        51,
        47,
        50,
        52,
        52,
        53,
        46,
        54,
        54,
        53,
        52,
        50,
        52,
        46,
        51,
        52,
        54,
        50
    ]
}