{
    "reconstruction_errors": [
        0.7525221708780205,
        0.8203776693212241,
        0.8261397346288869,
        0.8179307979901752,
        0.8079757006561001,
        0.7472694325059925,
        0.7206543363711881,
        0.7483119846553014,
        0.7393131836369584,
        0.6555773434700766,
        0.7428288035265734,
        0.7531029864822156,
        0.7747520680668234,
        0.7108426938244738,
        0.8572038178097331,
        0.8334394597479237,
        0.7448659390995959,
        0.7133674418568446,
        0.8294904396105454,
        0.7869381512435161
    ],
    "setting": {
        "algorithm": "pure_random",
        "dimension": 10,
        "samples": 25,
        "sigma": 0.5,
        "signal": [
            0.8804509063256238,
            0.4402254531628119,
            0.0,
            0.0,
            0.1760901812651248,
            0.0,
            0.0,
            0.0,
            0.0,
            0.0
        ]
    },
    "timestamp": 1685207858.032905,
    "total_duration": 0.15698504447937012,
    "wrong_samples": [
        21,
        20,
        21,
        20,
        19,
        19,
        20,
        20,
        21,
        20,
        20,
        21,
        20,
        18,
        21,
        19,
        21,
        21,
        21,
        21
    ]
}