{
    "reconstruction_errors": [
        0.8548835917704053,
        0.8573967260599745,
        0.8437160366429807,
        0.8611201923449279,
        0.8080222192517683,
        0.8598387261661792,
        0.872802150262686,
        0.8683337337907737,
        0.7921212119319995,
        0.8169024674764988,
        0.7961488025286909,
        0.8622984949729889,
        0.7990498787090555,
        0.8294030879225541,
        0.8402934890509833,
        0.7867471676144008,
        0.8165530022814635,
        0.8404206915708534,
        0.8821260620712249,
        0.8652809095211578
    ],
    "setting": {
        "algorithm": "pure_random",
        "dimension": 15,
        "samples": 70,
        "sigma": 0.5,
        "signal": [
            0.8804509063256238,
            0.4402254531628119,
            0.0,
            0.0,
            0.1760901812651248,
            0.0,
            0.0,
            0.0,
            0.0,
            0.0,
            0.0,
            0.0,
            0.0,
            0.0,
            0.0
        ]
    },
    "timestamp": 1685207897.9063814,
    "total_duration": 1.1467642784118652,
    "wrong_samples": [
        61,
        63,
        63,
        61,
        60,
        61,
        62,
        61,
        62,
        61,
        61,
        61,
        62,
        61,
        58,
        61,
        63,
        59,
        60,
        63
    ]
}